QR-Stream run log
role: receiver
started: 2026-10-06T16:39:20.195674
duration: 4055s

[device]
platform: android
osVersion: BP4A.251205.006.A175FXXS7CZI4
processors: 8
dartVersion: 3.10.4

[run]
fileName: (hidden).zip
totalChunks: 11931
transferId: 889340062
payloadKind: file
chunkBytes: 1400

[events]
     0.0  run started
  2058.5  HEL #0 seen (session 35d1c2a92b8a52d8)
  2058.5  HEL #0 summary: +4 new, 254 re-reads, 258 reads in 23.2s (11.1/s), 11927 still missing
  2075.6  start tapped: 4 of 11931 held; camera 12/s kept (loaded 12/s), start code read at 14/s
  2077.2  relay push ok: hel #0, rev 1
  2266.5  CHK #1 seen (session 35d1c2a92b8a52d8)
  2266.5  CHK #1 summary: +554 new, 761 re-reads, 1315 reads in 110.0s (12.0/s), 11373 still missing
  2267.6  relay push ok: chk #1, rev 2
  2345.4  CHK #2 seen (session 35d1c2a92b8a52d8)
  2345.4  CHK #2 summary: +834 new, 67 re-reads, 901 reads in 77.2s (11.7/s), 10539 still missing
  2346.6  relay push ok: chk #2, rev 3
  2411.1  CHK #3 seen (session 35d1c2a92b8a52d8)
  2411.1  CHK #3 summary: +716 new, 46 re-reads, 762 reads in 63.2s (12.1/s), 9823 still missing
  2412.5  relay push ok: chk #3, rev 4
  2474.5  CHK #4 seen (session 35d1c2a92b8a52d8)
  2474.5  CHK #4 summary: +543 new, 0 re-reads, 543 reads in 56.7s (9.6/s), 9280 still missing
  2476.1  relay push ok: chk #4, rev 5
  2566.0  CHK #5 seen (session 35d1c2a92b8a52d8)
  2566.0  CHK #5 summary: +588 new, 0 re-reads, 588 reads in 57.7s (10.2/s), 8692 still missing
  2567.4  relay push ok: chk #5, rev 6
  2658.3  CHK #6 seen (session 35d1c2a92b8a52d8)
  2658.3  CHK #6 summary: +531 new, 1 re-reads, 532 reads in 58.3s (9.1/s), 8161 still missing
  2659.6  relay push ok: chk #6, rev 7
  2683.7  relay push ok: chk #6, rev 8
  2750.4  CHK #7 seen (session 35d1c2a92b8a52d8)
  2750.4  CHK #7 summary: +546 new, 2 re-reads, 548 reads in 58.8s (9.3/s), 7615 still missing
  2751.6  relay push ok: chk #7, rev 9
  2843.5  CHK #8 seen (session 35d1c2a92b8a52d8)
  2843.5  CHK #8 summary: +564 new, 0 re-reads, 564 reads in 59.1s (9.5/s), 7051 still missing
  2844.7  relay push ok: chk #8, rev 10
  2934.9  CHK #9 seen (session 35d1c2a92b8a52d8)
  2934.9  CHK #9 summary: +516 new, 0 re-reads, 516 reads in 58.2s (8.9/s), 6535 still missing
  2936.4  relay push ok: chk #9, rev 11
  3026.3  CHK #10 seen (session 35d1c2a92b8a52d8)
  3026.3  CHK #10 summary: +536 new, 0 re-reads, 536 reads in 58.0s (9.2/s), 5999 still missing
  3027.6  relay push ok: chk #10, rev 12
  3122.1  CHK #11 seen (session 35d1c2a92b8a52d8)
  3122.1  CHK #11 summary: +517 new, 0 re-reads, 517 reads in 58.2s (8.9/s), 5482 still missing
  3123.5  relay push ok: chk #11, rev 13
  3265.9  CHK #12 seen (session 35d1c2a92b8a52d8)
  3265.9  CHK #12 summary: +534 new, 50 re-reads, 584 reads in 62.7s (9.3/s), 4948 still missing
  3267.4  relay push ok: chk #12, rev 14
  3339.3  END #13 seen (session 35d1c2a92b8a52d8)
  3339.3  round 1 summary: +404 new, 0 re-reads, 404 reads in 40.0s (10.1/s), 4544 still missing
  3340.5  relay push ok: end #13, rev 15
  3597.1  CHK #14 seen (session 35d1c2a92b8a52d8)
  3597.1  CHK #14 summary: +621 new, 118 re-reads, 739 reads in 63.9s (11.6/s), 3923 still missing
  3598.5  relay push ok: chk #14, rev 16
  3674.1  CHK #15 seen (session 35d1c2a92b8a52d8)
  3674.1  CHK #15 summary: +663 new, 4 re-reads, 667 reads in 74.2s (9.0/s), 3260 still missing
  3675.3  relay push ok: chk #15, rev 17
  3759.8  CHK #16 seen (session 35d1c2a92b8a52d8)
  3759.8  CHK #16 summary: +758 new, 3 re-reads, 761 reads in 83.3s (9.1/s), 2502 still missing
  3761.3  relay push ok: chk #16, rev 18
  3835.1  END #17 seen (session 35d1c2a92b8a52d8)
  3835.1  round 2 summary: +648 new, 0 re-reads, 648 reads in 71.4s (9.1/s), 1854 still missing
  3836.6  relay push ok: end #17, rev 19
  3936.4  CHK #18 seen (session 35d1c2a92b8a52d8)
  3936.4  CHK #18 summary: +966 new, 23 re-reads, 989 reads in 98.1s (10.1/s), 888 still missing
  3937.7  relay push ok: chk #18, rev 20
  3997.1  END #19 seen (session 35d1c2a92b8a52d8)
  3997.1  round 3 summary: +478 new, 96 re-reads, 574 reads in 58.1s (9.9/s), 410 still missing
  3998.5  relay push ok: end #19, rev 21
  4032.6  END #20 seen (session 35d1c2a92b8a52d8)
  4032.6  round 4 summary: +307 new, 8 re-reads, 315 reads in 32.2s (9.8/s), 103 still missing
  4033.9  relay push ok: end #20, rev 22
  4050.7  END #21 seen (session 35d1c2a92b8a52d8)
  4050.7  round 5 summary: +96 new, 63 re-reads, 159 reads in 14.6s (10.9/s), 7 still missing
  4052.1  relay push ok: end #21, rev 23
  4054.7  complete: all 11931 chunks received
  4054.7  camera rate kept for next time: 12/s
  4054.7  summary: 15.93 MB in 4054.7s = 4.0 KB/s
  4054.7  camera rate saved: 12/s
  4054.8  kept a copy at (path)
  4055.9  relay push ok: done #0, rev 24
  4055.9  session report sent

[samples] one row per second, every 10 s after the first hour
t,received,missing,corrupt,dupes,liveKBps,avgKBps,decodesPerSec,avgDecodesPerSec,recommendedFps,rssMB,chunkBytesSeen
     1.0,2,11929,0,2,2.75,0.00,4.00,4.00,0,247.8,1400
     2.0,3,11928,0,6,2.05,2.52,4.01,4.50,0,249.3,1400
     3.0,4,11927,0,16,2.00,2.72,8.39,6.67,0,247.7,1400
     4.0,4,11927,0,28,0.69,2.72,11.57,8.00,0,252.4,1400
     5.0,4,11927,0,44,0.00,2.72,14.07,9.60,9,251.7,1400
     6.0,4,11927,0,56,0.00,2.72,14.37,10.00,10,254.1,1400
     7.0,4,11927,0,68,0.00,2.72,14.11,10.29,11,252.8,1400
     8.0,4,11927,0,83,0.00,2.72,14.35,10.88,11,254.8,1400
     9.0,4,11927,0,95,0.00,2.72,14.19,11.00,11,256.4,1400
    10.0,4,11927,0,107,0.00,2.72,13.72,11.10,11,252.0,1400
    11.0,4,11927,0,123,0.00,2.72,14.67,11.55,11,253.0,1400
    12.0,4,11927,0,134,0.00,2.72,13.60,11.50,11,253.9,1400
    13.0,4,11927,0,146,0.00,2.72,14.00,11.53,11,252.7,1400
    14.0,4,11927,0,158,0.00,2.72,14.41,11.57,11,256.4,1400
    15.0,4,11927,0,162,0.00,2.72,9.36,11.07,11,254.7,1400
    16.0,4,11927,0,162,0.00,2.72,2.17,10.37,11,253.9,1400
    17.0,4,11927,0,162,0.00,2.72,0.00,9.76,11,254.9,1400
    18.0,4,11927,0,162,0.00,2.72,0.00,9.22,11,255.9,1400
    19.0,4,11927,0,162,0.00,2.72,0.00,8.74,11,255.7,1400
    20.0,4,11927,0,162,0.00,2.72,0.00,8.30,11,251.3,1400
    21.0,4,11927,0,162,0.00,2.72,0.00,7.90,11,252.6,1400
    22.0,4,11927,0,162,0.00,2.72,0.00,7.55,11,253.6,1400
    23.0,4,11927,0,162,0.00,2.72,0.00,7.22,11,252.8,1400
    24.0,4,11927,0,162,0.00,2.72,0.00,6.92,11,252.5,1400
    25.0,4,11927,0,162,0.00,2.72,0.00,6.64,11,251.5,1400
    26.0,4,11927,0,162,0.00,2.72,0.00,6.38,11,251.1,1400
    27.0,4,11927,0,162,0.00,2.72,0.00,6.15,11,252.0,1400
    28.0,4,11927,0,162,0.00,2.72,0.00,5.93,11,253.2,1400
    29.0,4,11927,0,162,0.00,2.72,0.00,5.72,11,254.6,1400
    30.0,4,11927,0,162,0.00,2.72,0.00,5.53,11,255.9,1400
    31.0,4,11927,0,162,0.00,2.72,0.00,5.35,11,255.3,1400
    32.0,4,11927,0,162,0.00,2.72,0.00,5.19,11,256.6,1400
    33.0,4,11927,0,162,0.00,2.72,0.00,5.03,11,256.2,1400
    34.0,4,11927,0,162,0.00,2.72,0.00,4.88,11,259.4,1400
    35.0,4,11927,0,162,0.00,2.72,0.00,4.74,11,260.2,1400
    36.0,4,11927,0,162,0.00,2.72,0.00,4.61,11,261.6,1400
    37.0,4,11927,0,162,0.00,2.72,0.00,4.49,11,259.1,1400
    38.0,4,11927,0,162,0.00,2.72,0.00,4.37,11,260.1,1400
    39.0,4,11927,0,162,0.00,2.72,0.00,4.26,11,256.4,1400
    40.0,4,11927,0,162,0.00,2.72,0.00,4.15,11,250.9,1400
    41.0,4,11927,0,162,0.00,2.72,0.00,4.05,11,251.6,1400
    42.0,4,11927,0,162,0.00,2.72,0.00,3.95,11,252.9,1400
    43.0,4,11927,0,162,0.00,2.72,0.00,3.86,11,250.9,1400
    44.0,4,11927,0,162,0.00,2.72,0.00,3.77,11,250.4,1400
    45.0,4,11927,0,162,0.00,2.72,0.00,3.69,11,251.3,1400
    46.0,4,11927,0,162,0.00,2.72,0.00,3.61,11,252.4,1400
    47.0,4,11927,0,162,0.00,2.72,0.00,3.53,11,254.1,1400
    48.0,4,11927,0,162,0.00,2.72,0.00,3.46,11,254.8,1400
    49.0,4,11927,0,162,0.00,2.72,0.00,3.39,11,256.1,1400
    50.0,4,11927,0,162,0.00,2.72,0.00,3.32,11,255.1,1400
    51.0,4,11927,0,162,0.00,2.72,0.00,3.25,11,254.6,1400
    52.0,4,11927,0,162,0.00,2.72,0.00,3.19,11,255.6,1400
    53.0,4,11927,0,162,0.00,2.72,0.00,3.13,11,256.7,1400
    54.0,4,11927,0,162,0.00,2.72,0.00,3.07,11,252.1,1400
    55.0,4,11927,0,162,0.00,2.72,0.00,3.02,11,253.0,1400
    56.0,4,11927,0,162,0.00,2.72,0.00,2.96,11,254.2,1400
    57.0,4,11927,0,162,0.00,2.72,0.00,2.91,11,255.4,1400
    58.0,4,11927,0,162,0.00,2.72,0.00,2.86,11,254.8,1400
    59.0,4,11927,0,162,0.00,2.72,0.00,2.81,11,257.8,1400
    60.0,4,11927,0,162,0.00,2.72,0.00,2.77,11,252.3,1400
    61.0,4,11927,0,162,0.00,2.72,0.00,2.72,11,244.2,1400
    62.0,4,11927,0,162,0.00,2.72,0.00,2.68,11,243.2,1400
    63.0,4,11927,0,162,0.00,2.72,0.00,2.63,11,246.2,1400
    64.0,4,11927,0,162,0.00,2.72,0.00,2.59,11,244.9,1400
    65.0,4,11927,0,162,0.00,2.72,0.00,2.55,11,244.6,1400
    66.0,4,11927,0,162,0.00,2.72,0.00,2.52,11,245.7,1400
    67.0,4,11927,0,162,0.00,2.72,0.00,2.48,11,246.5,1400
    68.0,4,11927,0,162,0.00,2.72,0.00,2.44,11,248.4,1400
    69.0,4,11927,0,162,0.00,2.72,0.00,2.41,11,247.2,1400
    70.0,4,11927,0,162,0.00,2.72,0.00,2.37,11,248.8,1400
    71.0,4,11927,0,162,0.00,2.72,0.00,2.34,11,251.9,1400
    72.0,4,11927,0,162,0.00,2.72,0.00,2.31,11,249.3,1400
    73.0,4,11927,0,162,0.00,2.72,0.00,2.27,11,252.5,1400
    74.0,4,11927,0,162,0.00,2.72,0.00,2.24,11,253.7,1400
    75.0,4,11927,0,162,0.00,2.72,0.00,2.21,11,251.4,1400
    76.0,4,11927,0,162,0.00,2.72,0.00,2.18,11,254.4,1400
    77.0,4,11927,0,162,0.00,2.72,0.00,2.16,11,253.8,1400
    78.0,4,11927,0,162,0.00,2.72,0.00,2.13,11,254.6,1400
    79.0,4,11927,0,162,0.00,2.72,0.00,2.10,11,254.3,1400
    80.0,4,11927,0,162,0.00,2.72,0.00,2.08,11,251.8,1400
    81.0,4,11927,0,162,0.00,2.72,0.00,2.05,11,248.7,1400
    82.0,4,11927,0,162,0.00,2.72,0.00,2.02,11,244.3,1400
    83.0,4,11927,0,162,0.00,2.72,0.00,2.00,11,245.2,1400
    84.0,4,11927,0,162,0.00,2.72,0.00,1.98,11,246.0,1400
    85.0,4,11927,0,162,0.00,2.72,0.00,1.95,11,247.1,1400
    86.0,4,11927,0,162,0.00,2.72,0.00,1.93,11,246.6,1400
    87.0,4,11927,0,162,0.00,2.72,0.00,1.91,11,247.8,1400
    88.0,4,11927,0,162,0.00,2.72,0.00,1.89,11,248.6,1400
    89.0,4,11927,0,162,0.00,2.72,0.00,1.87,11,246.4,1400
    90.0,4,11927,0,162,0.00,2.72,0.00,1.84,11,247.5,1400
    91.0,4,11927,0,162,0.00,2.72,0.00,1.82,11,248.9,1400
    92.0,4,11927,0,162,0.00,2.72,0.00,1.80,11,249.9,1400
    93.0,4,11927,0,162,0.00,2.72,0.00,1.78,11,251.5,1400
    94.0,4,11927,0,162,0.00,2.72,0.00,1.77,11,250.6,1400
    95.0,4,11927,0,162,0.00,2.72,0.00,1.75,11,251.8,1400
    96.0,4,11927,0,162,0.00,2.72,0.00,1.73,11,251.2,1400
    97.0,4,11927,0,162,0.00,2.72,0.00,1.71,11,252.5,1400
    98.0,4,11927,0,162,0.00,2.72,0.00,1.69,11,255.7,1400
    99.0,4,11927,0,162,0.00,2.72,0.00,1.68,11,256.9,1400
   100.0,4,11927,0,162,0.00,2.72,0.00,1.66,11,250.9,1400
   101.0,4,11927,0,162,0.00,2.72,0.00,1.64,11,245.0,1400
   102.0,4,11927,0,162,0.00,2.72,0.00,1.63,11,245.9,1400
   103.0,4,11927,0,162,0.00,2.72,0.00,1.61,11,242.1,1400
   104.0,4,11927,0,162,0.00,2.72,0.00,1.60,11,243.2,1400
   105.0,4,11927,0,162,0.00,2.72,0.00,1.58,11,244.5,1400
   106.0,4,11927,0,162,0.00,2.72,0.00,1.57,11,245.4,1400
   107.0,4,11927,0,162,0.00,2.72,0.00,1.55,11,247.1,1400
   108.0,4,11927,0,162,0.00,2.72,0.00,1.54,11,246.1,1400
   109.0,4,11927,0,162,0.00,2.72,0.00,1.52,11,247.4,1400
   110.0,4,11927,0,162,0.00,2.72,0.00,1.51,11,248.9,1400
   111.0,4,11927,0,162,0.00,2.72,0.00,1.50,11,248.1,1400
   112.0,4,11927,0,162,0.00,2.72,0.00,1.48,11,251.3,1400
   113.0,4,11927,0,162,0.00,2.72,0.00,1.47,11,252.6,1400
   114.0,4,11927,0,162,0.00,2.72,0.00,1.46,11,251.8,1400
   115.0,4,11927,0,162,0.00,2.72,0.00,1.44,11,251.0,1400
   116.0,4,11927,0,162,0.00,2.72,0.00,1.43,11,252.1,1400
   117.0,4,11927,0,162,0.00,2.72,0.00,1.42,11,251.7,1400
   118.0,4,11927,0,162,0.00,2.72,0.00,1.41,11,252.9,1400
   119.0,4,11927,0,162,0.00,2.72,0.00,1.39,11,256.2,1400
   120.0,4,11927,0,162,0.00,2.72,0.00,1.38,11,255.3,1400
   121.0,4,11927,0,162,0.00,2.72,0.00,1.37,11,245.5,1400
   122.0,4,11927,0,162,0.00,2.72,0.00,1.36,11,243.6,1400
   123.0,4,11927,0,162,0.00,2.72,0.00,1.35,11,244.2,1400
   124.0,4,11927,0,162,0.00,2.72,0.00,1.34,11,244.5,1400
   125.0,4,11927,0,162,0.00,2.72,0.00,1.33,11,245.5,1400
   126.0,4,11927,0,162,0.00,2.72,0.00,1.32,11,246.6,1400
   127.0,4,11927,0,162,0.00,2.72,0.00,1.31,11,246.0,1400
   128.0,4,11927,0,162,0.00,2.72,0.00,1.30,11,245.4,1400
   129.0,4,11927,0,162,0.00,2.72,0.00,1.29,11,246.6,1400
   130.0,4,11927,0,162,0.00,2.72,0.00,1.28,11,247.6,1400
   131.0,4,11927,0,162,0.00,2.72,0.00,1.27,11,249.3,1400
   132.0,4,11927,0,162,0.00,2.72,0.00,1.26,11,250.4,1400
   133.0,4,11927,0,162,0.00,2.72,0.00,1.25,11,249.6,1400
   134.0,4,11927,0,162,0.00,2.72,0.00,1.24,11,250.9,1400
   135.0,4,11927,0,162,0.00,2.72,0.00,1.23,11,250.3,1400
   136.0,4,11927,0,162,0.00,2.72,0.00,1.22,11,253.6,1400
   137.0,4,11927,0,162,0.00,2.72,0.00,1.21,11,254.6,1400
   138.0,4,11927,0,162,0.00,2.72,0.00,1.20,11,254.3,1400
   139.0,4,11927,0,162,0.00,2.72,0.00,1.19,11,255.5,1400
   140.0,4,11927,0,162,0.00,2.72,0.00,1.19,11,256.8,1400
   141.0,4,11927,0,162,0.00,2.72,0.00,1.18,11,250.3,1400
   142.0,4,11927,0,162,0.00,2.72,0.00,1.17,11,245.6,1400
   143.0,4,11927,0,162,0.00,2.72,0.00,1.16,11,242.8,1400
   144.0,4,11927,0,162,0.00,2.72,0.00,1.15,11,245.8,1400
   145.0,4,11927,0,162,0.00,2.72,0.00,1.14,11,245.3,1400
   146.0,4,11927,0,162,0.00,2.72,0.00,1.14,11,244.3,1400
   147.0,4,11927,0,162,0.00,2.72,0.00,1.13,11,245.1,1400
   148.0,4,11927,0,162,0.00,2.72,0.00,1.12,11,246.4,1400
   149.0,4,11927,0,162,0.00,2.72,0.00,1.11,11,245.8,1400
   150.0,4,11927,0,162,0.00,2.72,0.00,1.11,11,249.3,1400
   151.0,4,11927,0,162,0.00,2.72,0.00,1.10,11,250.4,1400
   152.0,4,11927,0,162,0.00,2.72,0.00,1.09,11,250.2,1400
   153.0,4,11927,0,162,0.00,2.72,0.00,1.08,11,251.4,1400
   154.0,4,11927,0,162,0.00,2.72,0.00,1.08,11,250.4,1400
   155.0,4,11927,0,162,0.00,2.72,0.00,1.07,11,251.8,1400
   156.0,4,11927,0,162,0.00,2.72,0.00,1.06,11,251.2,1400
   157.0,4,11927,0,162,0.00,2.72,0.00,1.06,11,252.4,1400
   158.0,4,11927,0,162,0.00,2.72,0.00,1.05,11,253.5,1400
   159.0,4,11927,0,162,0.00,2.72,0.00,1.04,11,253.1,1400
   160.0,4,11927,0,162,0.00,2.72,0.00,1.04,11,248.9,1400
   161.0,4,11927,0,162,0.00,2.72,0.00,1.03,11,245.7,1400
   162.0,4,11927,0,162,0.00,2.72,0.00,1.02,11,246.4,1400
   163.0,4,11927,0,162,0.00,2.72,0.00,1.02,11,247.7,1400
   164.0,4,11927,0,162,0.00,2.72,0.00,1.01,11,245.3,1400
   165.0,4,11927,0,162,0.00,2.72,0.00,1.01,11,246.6,1400
   166.0,4,11927,0,162,0.00,2.72,0.00,1.00,11,244.1,1400
   167.0,4,11927,0,162,0.00,2.72,0.00,0.99,11,245.2,1400
   168.0,4,11927,0,162,0.00,2.72,0.00,0.99,11,246.2,1400
   169.0,4,11927,0,162,0.00,2.72,0.00,0.98,11,247.7,1400
   170.0,4,11927,0,162,0.00,2.72,0.00,0.98,11,248.9,1400
   171.0,4,11927,0,162,0.00,2.72,0.00,0.97,11,248.3,1400
   172.0,4,11927,0,162,0.00,2.72,0.00,0.97,11,249.4,1400
   173.0,4,11927,0,162,0.00,2.72,0.00,0.96,11,249.0,1400
   174.0,4,11927,0,162,0.00,2.72,0.00,0.95,11,250.0,1400
   175.0,4,11927,0,162,0.00,2.72,0.00,0.95,11,253.3,1400
   176.0,4,11927,0,162,0.00,2.72,0.00,0.94,11,254.4,1400
   177.0,4,11927,0,162,0.00,2.72,0.00,0.94,11,254.0,1400
   178.0,4,11927,0,162,0.00,2.72,0.00,0.93,11,255.2,1400
   179.0,4,11927,0,162,0.00,2.72,0.00,0.93,11,254.5,1400
   180.0,4,11927,0,162,0.00,2.72,0.00,0.92,11,253.9,1400
   181.0,4,11927,0,162,0.00,2.72,0.00,0.92,11,245.8,1400
   182.0,4,11927,0,162,0.00,2.72,0.00,0.91,11,245.4,1400
   183.0,4,11927,0,162,0.00,2.72,0.00,0.91,11,248.3,1400
   184.0,4,11927,0,162,0.00,2.72,0.00,0.90,11,244.9,1400
   185.0,4,11927,0,162,0.00,2.72,0.00,0.90,11,243.9,1400
   186.0,4,11927,0,162,0.00,2.72,0.00,0.89,11,244.9,1400
   187.0,4,11927,0,162,0.00,2.72,0.00,0.89,11,246.5,1400
   188.0,4,11927,0,162,0.00,2.72,0.00,0.88,11,247.5,1400
   189.0,4,11927,0,162,0.00,2.72,0.00,0.88,11,248.9,1400
   190.0,4,11927,0,162,0.00,2.72,0.00,0.87,11,248.2,1400
   191.0,4,11927,0,162,0.00,2.72,0.00,0.87,11,249.5,1400
   192.0,4,11927,0,162,0.00,2.72,0.00,0.86,11,248.7,1400
   193.0,4,11927,0,162,0.00,2.72,0.00,0.86,11,249.9,1400
   194.0,4,11927,0,162,0.00,2.72,0.00,0.86,11,249.7,1400
   195.0,4,11927,0,162,0.00,2.72,0.00,0.85,11,250.8,1400
   196.0,4,11927,0,162,0.00,2.72,0.00,0.85,11,253.8,1400
   197.0,4,11927,0,162,0.00,2.72,0.00,0.84,11,253.1,1400
   198.0,4,11927,0,162,0.00,2.72,0.00,0.84,11,252.8,1400
   199.0,4,11927,0,162,0.00,2.72,0.00,0.83,11,253.8,1400
   200.0,4,11927,0,162,0.00,2.72,0.00,0.83,11,254.9,1400
   201.0,4,11927,0,162,0.00,2.72,0.00,0.83,11,254.3,1400
   202.0,4,11927,0,162,0.00,2.72,0.00,0.82,11,247.0,1400
   203.0,4,11927,0,162,0.00,2.72,0.00,0.82,11,246.8,1400
   204.0,4,11927,0,162,0.00,2.72,0.00,0.81,11,248.1,1400
   205.0,4,11927,0,162,0.00,2.72,0.00,0.81,11,244.6,1400
   206.0,4,11927,0,162,0.00,2.72,0.00,0.81,11,243.8,1400
   207.0,4,11927,0,162,0.00,2.72,0.00,0.80,11,244.9,1400
   208.0,4,11927,0,162,0.00,2.72,0.00,0.80,11,246.5,1400
   209.0,4,11927,0,162,0.00,2.72,0.00,0.79,11,245.7,1400
   210.0,4,11927,0,162,0.00,2.72,0.00,0.79,11,249.0,1400
   211.0,4,11927,0,162,0.00,2.72,0.00,0.79,11,248.2,1400
   212.0,4,11927,0,162,0.00,2.72,0.00,0.78,11,247.9,1400
   213.0,4,11927,0,162,0.00,2.72,0.00,0.78,11,249.2,1400
   214.0,4,11927,0,162,0.00,2.72,0.00,0.78,11,250.0,1400
   215.0,4,11927,0,162,0.00,2.72,0.00,0.77,11,251.5,1400
   216.0,4,11927,0,162,0.00,2.72,0.00,0.77,11,252.9,1400
   217.0,4,11927,0,162,0.00,2.72,0.00,0.76,11,254.1,1400
   218.0,4,11927,0,162,0.00,2.72,0.00,0.76,11,255.1,1400
   219.0,4,11927,0,162,0.00,2.72,0.00,0.76,11,254.8,1400
   220.0,4,11927,0,162,0.00,2.72,0.00,0.75,11,253.8,1400
   221.0,4,11927,0,162,0.00,2.72,0.00,0.75,11,257.0,1400
   222.0,4,11927,0,162,0.00,2.72,0.00,0.75,11,245.6,1400
   223.0,4,11927,0,162,0.00,2.72,0.00,0.74,11,242.0,1400
   224.0,4,11927,0,162,0.00,2.72,0.00,0.74,11,242.8,1400
   225.0,4,11927,0,162,0.00,2.72,0.00,0.74,11,243.9,1400
   226.0,4,11927,0,162,0.00,2.72,0.00,0.73,11,243.4,1400
   227.0,4,11927,0,162,0.00,2.72,0.00,0.73,11,244.6,1400
   228.0,4,11927,0,162,0.00,2.72,0.00,0.73,11,247.8,1400
   229.0,4,11927,0,162,0.00,2.72,0.00,0.72,11,247.4,1400
   230.0,4,11927,0,162,0.00,2.72,0.00,0.72,11,246.6,1400
   231.0,4,11927,0,162,0.00,2.72,0.00,0.72,11,247.6,1400
   232.0,4,11927,0,162,0.00,2.72,0.00,0.72,11,248.8,1400
   233.0,4,11927,0,162,0.00,2.72,0.00,0.71,11,248.4,1400
   234.0,4,11927,0,162,0.00,2.72,0.00,0.71,11,251.3,1400
   235.0,4,11927,0,162,0.00,2.72,0.00,0.71,11,250.5,1400
   236.0,4,11927,0,162,0.00,2.72,0.00,0.70,11,250.2,1400
   237.0,4,11927,0,162,0.00,2.72,0.00,0.70,11,251.4,1400
   238.0,4,11927,0,162,0.00,2.72,0.00,0.70,11,254.7,1400
   239.0,4,11927,0,162,0.00,2.72,0.00,0.69,11,255.5,1400
   240.0,4,11927,0,162,0.00,2.72,0.00,0.69,11,255.3,1400
   241.0,4,11927,0,162,0.00,2.72,0.00,0.69,11,251.1,1400
   242.0,4,11927,0,162,0.00,2.72,0.00,0.69,11,246.3,1400
   243.0,4,11927,0,162,0.00,2.72,0.00,0.68,11,245.3,1400
   244.0,4,11927,0,162,0.00,2.72,0.00,0.68,11,243.8,1400
   245.0,4,11927,0,162,0.00,2.72,0.00,0.68,11,244.4,1400
   246.0,4,11927,0,162,0.00,2.72,0.00,0.67,11,245.7,1400
   247.0,4,11927,0,162,0.00,2.72,0.00,0.67,11,246.1,1400
   248.0,4,11927,0,162,0.00,2.72,0.00,0.67,11,245.1,1400
   249.0,4,11927,0,162,0.00,2.72,0.00,0.67,11,246.4,1400
   250.0,4,11927,0,162,0.00,2.72,0.00,0.66,11,246.1,1400
   251.0,4,11927,0,162,0.00,2.72,0.00,0.66,11,248.9,1400
   252.0,4,11927,0,162,0.00,2.72,0.00,0.66,11,250.1,1400
   253.0,4,11927,0,162,0.00,2.72,0.00,0.66,11,251.5,1400
   254.0,4,11927,0,162,0.00,2.72,0.00,0.65,11,250.8,1400
   255.0,4,11927,0,162,0.00,2.72,0.00,0.65,11,250.1,1400
   256.0,4,11927,0,162,0.00,2.72,0.00,0.65,11,251.4,1400
   257.0,4,11927,0,162,0.00,2.72,0.00,0.65,11,250.8,1400
   258.0,4,11927,0,162,0.00,2.72,0.00,0.64,11,254.1,1400
   259.0,4,11927,0,162,0.00,2.72,0.00,0.64,11,255.2,1400
   260.0,4,11927,0,162,0.00,2.72,0.00,0.64,11,256.3,1400
   261.0,4,11927,0,162,0.00,2.72,0.00,0.64,11,253.8,1400
   262.0,4,11927,0,162,0.00,2.72,0.00,0.63,11,249.5,1400
   263.0,4,11927,0,162,0.00,2.72,0.00,0.63,11,246.3,1400
   264.0,4,11927,0,162,0.00,2.72,0.00,0.63,11,246.4,1400
   265.0,4,11927,0,162,0.00,2.72,0.00,0.63,11,245.8,1400
   266.0,4,11927,0,162,0.00,2.72,0.00,0.62,11,247.1,1400
   267.0,4,11927,0,162,0.00,2.72,0.00,0.62,11,246.1,1400
   268.0,4,11927,0,162,0.00,2.72,0.00,0.62,11,244.3,1400
   269.0,4,11927,0,162,0.00,2.72,0.00,0.62,11,245.5,1400
   270.0,4,11927,0,162,0.00,2.72,0.00,0.61,11,246.6,1400
   271.0,4,11927,0,162,0.00,2.72,0.00,0.61,11,246.4,1400
   272.0,4,11927,0,162,0.00,2.72,0.00,0.61,11,249.2,1400
   273.0,4,11927,0,162,0.00,2.72,0.00,0.61,11,250.6,1400
   274.0,4,11927,0,162,0.00,2.72,0.00,0.61,11,249.7,1400
   275.0,4,11927,0,162,0.00,2.72,0.00,0.60,11,249.1,1400
   276.0,4,11927,0,162,0.00,2.72,0.00,0.60,11,250.4,1400
   277.0,4,11927,0,162,0.00,2.72,0.00,0.60,11,253.5,1400
   278.0,4,11927,0,162,0.00,2.72,0.00,0.60,11,253.2,1400
   279.0,4,11927,0,162,0.00,2.72,0.00,0.59,11,254.2,1400
   280.0,4,11927,0,162,0.00,2.72,0.00,0.59,11,253.3,1400
   281.0,4,11927,0,162,0.00,2.72,0.00,0.59,11,254.8,1400
   282.0,4,11927,0,162,0.00,2.72,0.00,0.59,11,248.5,1400
   283.0,4,11927,0,162,0.00,2.72,0.00,0.59,11,241.9,1400
   284.0,4,11927,0,162,0.00,2.72,0.00,0.58,11,242.6,1400
   285.0,4,11927,0,162,0.00,2.72,0.00,0.58,11,242.0,1400
   286.0,4,11927,0,162,0.00,2.72,0.00,0.58,11,245.1,1400
   287.0,4,11927,0,162,0.00,2.72,0.00,0.58,11,244.2,1400
   288.0,4,11927,0,162,0.00,2.72,0.00,0.58,11,245.2,1400
   289.0,4,11927,0,162,0.00,2.72,0.00,0.57,11,246.9,1400
   290.0,4,11927,0,162,0.00,2.72,0.00,0.57,11,248.0,1400
   291.0,4,11927,0,162,0.00,2.72,0.00,0.57,11,249.2,1400
   292.0,4,11927,0,162,0.00,2.72,0.00,0.57,11,248.7,1400
   293.0,4,11927,0,162,0.00,2.72,0.00,0.57,11,249.9,1400
   294.0,4,11927,0,162,0.00,2.72,0.00,0.56,11,249.0,1400
   295.0,4,11927,0,162,0.00,2.72,0.00,0.56,11,250.2,1400
   296.0,4,11927,0,162,0.00,2.72,0.00,0.56,11,251.7,1400
   297.0,4,11927,0,162,0.00,2.72,0.00,0.56,11,252.9,1400
   298.0,4,11927,0,162,0.00,2.72,0.00,0.56,11,254.1,1400
   299.0,4,11927,0,162,0.00,2.72,0.00,0.56,11,253.8,1400
   300.0,4,11927,0,162,0.00,2.72,0.00,0.55,11,252.8,1400
   301.0,4,11927,0,162,0.00,2.72,0.00,0.55,11,254.3,1400
   302.0,4,11927,0,162,0.00,2.72,0.00,0.55,11,257.3,1400
   303.0,4,11927,0,162,0.00,2.72,0.00,0.55,11,247.2,1400
   304.0,4,11927,0,162,0.00,2.72,0.00,0.55,11,246.4,1400
   305.0,4,11927,0,162,0.00,2.72,0.00,0.54,11,247.1,1400
   306.0,4,11927,0,162,0.00,2.72,0.00,0.54,11,244.4,1400
   307.0,4,11927,0,162,0.00,2.72,0.00,0.54,11,245.1,1400
   308.0,4,11927,0,162,0.00,2.72,0.00,0.54,11,244.6,1400
   309.0,4,11927,0,162,0.00,2.72,0.00,0.54,11,245.7,1400
   310.0,4,11927,0,162,0.00,2.72,0.00,0.54,11,245.6,1400
   311.0,4,11927,0,162,0.00,2.72,0.00,0.53,11,246.2,1400
   312.0,4,11927,0,162,0.00,2.72,0.00,0.53,11,247.6,1400
   313.0,4,11927,0,162,0.00,2.72,0.00,0.53,11,247.4,1400
   314.0,4,11927,0,162,0.00,2.72,0.00,0.53,11,248.3,1400
   315.0,4,11927,0,162,0.00,2.72,0.00,0.53,11,251.5,1400
   316.0,4,11927,0,162,0.00,2.72,0.00,0.53,11,252.8,1400
   317.0,4,11927,0,162,0.00,2.72,0.00,0.52,11,252.1,1400
   318.0,4,11927,0,162,0.00,2.72,0.00,0.52,11,253.5,1400
   319.0,4,11927,0,162,0.00,2.72,0.00,0.52,11,252.6,1400
   320.0,4,11927,0,162,0.00,2.72,0.00,0.52,11,252.1,1400
   321.0,4,11927,0,162,0.00,2.72,0.00,0.52,11,253.3,1400
   322.0,4,11927,0,162,0.00,2.72,0.00,0.52,11,254.6,1400
   323.0,4,11927,0,162,0.00,2.72,0.00,0.51,11,257.7,1400
   324.0,4,11927,0,162,0.00,2.72,0.00,0.51,11,247.3,1400
   325.0,4,11927,0,162,0.00,2.72,0.00,0.51,11,245.2,1400
   326.0,4,11927,0,162,0.00,2.72,0.00,0.51,11,243.6,1400
   327.0,4,11927,0,162,0.00,2.72,0.00,0.51,11,243.2,1400
   328.0,4,11927,0,162,0.00,2.72,0.00,0.51,11,246.0,1400
   329.0,4,11927,0,162,0.00,2.72,0.00,0.50,11,246.9,1400
   330.0,4,11927,0,162,0.00,2.72,0.00,0.50,11,247.8,1400
   331.0,4,11927,0,162,0.00,2.72,0.00,0.50,11,247.5,1400
   332.0,4,11927,0,162,0.00,2.72,0.00,0.50,11,246.7,1400
   333.0,4,11927,0,162,0.00,2.72,0.00,0.50,11,247.8,1400
   334.0,4,11927,0,162,0.00,2.72,0.00,0.50,11,247.4,1400
   335.0,4,11927,0,162,0.00,2.72,0.00,0.50,11,248.6,1400
   336.0,4,11927,0,162,0.00,2.72,0.00,0.49,11,251.8,1400
   337.0,4,11927,0,162,0.00,2.72,0.00,0.49,11,251.1,1400
   338.0,4,11927,0,162,0.00,2.72,0.00,0.49,11,250.5,1400
   339.0,4,11927,0,162,0.00,2.72,0.00,0.49,11,251.7,1400
   340.0,4,11927,0,162,0.00,2.72,0.00,0.49,11,254.9,1400
   341.0,4,11927,0,162,0.00,2.72,0.00,0.49,11,254.5,1400
   342.0,4,11927,0,162,0.00,2.72,0.00,0.49,11,254.3,1400
   343.0,4,11927,0,162,0.00,2.72,0.00,0.48,11,250.2,1400
   344.0,4,11927,0,162,0.00,2.72,0.00,0.48,11,247.0,1400
   345.0,4,11927,0,162,0.00,2.72,0.00,0.48,11,244.0,1400
   346.0,4,11927,0,162,0.00,2.72,0.00,0.48,11,245.1,1400
   347.0,4,11927,0,162,0.00,2.72,0.00,0.48,11,242.7,1400
   348.0,4,11927,0,162,0.00,2.72,0.00,0.48,11,244.2,1400
   349.0,4,11927,0,162,0.00,2.72,0.00,0.48,11,245.3,1400
   350.0,4,11927,0,162,0.00,2.72,0.00,0.47,11,244.5,1400
   351.0,4,11927,0,162,0.00,2.72,0.00,0.47,11,245.5,1400
   352.0,4,11927,0,162,0.00,2.72,0.00,0.47,11,245.2,1400
   353.0,4,11927,0,162,0.00,2.72,0.00,0.47,11,246.3,1400
   354.0,4,11927,0,162,0.00,2.72,0.00,0.47,11,249.4,1400
   355.0,4,11927,0,162,0.00,2.72,0.00,0.47,11,249.3,1400
   356.0,4,11927,0,162,0.00,2.72,0.00,0.47,11,250.3,1400
   357.0,4,11927,0,162,0.00,2.72,0.00,0.46,11,251.3,1400
   358.0,4,11927,0,162,0.00,2.72,0.00,0.46,11,250.7,1400
   359.0,4,11927,0,162,0.00,2.72,0.00,0.46,11,250.0,1400
   360.0,4,11927,0,162,0.00,2.72,0.00,0.46,11,251.3,1400
   361.0,4,11927,0,162,0.00,2.72,0.00,0.46,11,254.5,1400
   362.0,4,11927,0,162,0.00,2.72,0.00,0.46,11,252.0,1400
   363.0,4,11927,0,162,0.00,2.72,0.00,0.46,11,250.0,1400
   364.0,4,11927,0,162,0.00,2.72,0.00,0.46,11,243.4,1400
   365.0,4,11927,0,162,0.00,2.72,0.00,0.45,11,243.6,1400
   366.0,4,11927,0,162,0.00,2.72,0.00,0.45,11,243.5,1400
   367.0,4,11927,0,162,0.00,2.72,0.00,0.45,11,244.5,1400
   368.0,4,11927,0,162,0.00,2.72,0.00,0.45,11,245.5,1400
   369.0,4,11927,0,162,0.00,2.72,0.00,0.45,11,243.1,1400
   370.0,4,11927,0,162,0.00,2.72,0.00,0.45,11,244.1,1400
   371.0,4,11927,0,162,0.00,2.72,0.00,0.45,11,245.4,1400
   372.0,4,11927,0,162,0.00,2.72,0.00,0.45,11,246.4,1400
   373.0,4,11927,0,162,0.00,2.72,0.00,0.45,11,246.0,1400
   374.0,4,11927,0,162,0.00,2.72,0.00,0.44,11,247.3,1400
   375.0,4,11927,0,162,0.00,2.72,0.00,0.44,11,250.3,1400
   376.0,4,11927,0,162,0.00,2.72,0.00,0.44,11,247.9,1400
   377.0,4,11927,0,162,0.00,2.72,0.00,0.44,11,248.9,1400
   378.0,4,11927,0,162,0.00,2.72,0.00,0.44,11,250.2,1400
   379.0,4,11927,0,162,0.00,2.72,0.00,0.44,11,251.2,1400
   380.0,4,11927,0,162,0.00,2.72,0.00,0.44,11,252.9,1400
   381.0,4,11927,0,162,0.00,2.72,0.00,0.44,11,253.9,1400
   382.0,4,11927,0,162,0.00,2.72,0.00,0.43,11,253.2,1400
   383.0,4,11927,0,162,0.00,2.72,0.00,0.43,11,252.8,1400
   384.0,4,11927,0,162,0.00,2.72,0.00,0.43,11,247.7,1400
   385.0,4,11927,0,162,0.00,2.72,0.00,0.43,11,244.7,1400
   386.0,4,11927,0,162,0.00,2.72,0.00,0.43,11,245.5,1400
   387.0,4,11927,0,162,0.00,2.72,0.00,0.43,11,243.4,1400
   388.0,4,11927,0,162,0.00,2.72,0.00,0.43,11,242.7,1400
   389.0,4,11927,0,162,0.00,2.72,0.00,0.43,11,243.7,1400
   390.0,4,11927,0,162,0.00,2.72,0.00,0.43,11,243.3,1400
   391.0,4,11927,0,162,0.00,2.72,0.00,0.42,11,246.7,1400
   392.0,4,11927,0,162,0.00,2.72,0.00,0.42,11,247.8,1400
   393.0,4,11927,0,162,0.00,2.72,0.00,0.42,11,249.0,1400
   394.0,4,11927,0,162,0.00,2.72,0.00,0.42,11,246.4,1400
   395.0,4,11927,0,162,0.00,2.72,0.00,0.42,11,247.5,1400
   396.0,4,11927,0,162,0.00,2.72,0.00,0.42,11,248.9,1400
   397.0,4,11927,0,162,0.00,2.72,0.00,0.42,11,248.4,1400
   398.0,4,11927,0,162,0.00,2.72,0.00,0.42,11,249.4,1400
   399.0,4,11927,0,162,0.00,2.72,0.00,0.42,11,250.6,1400
   400.0,4,11927,0,162,0.00,2.72,0.00,0.41,11,253.9,1400
   401.0,4,11927,0,162,0.00,2.72,0.00,0.41,11,253.6,1400
   402.0,4,11927,0,162,0.00,2.72,0.00,0.41,11,252.7,1400
   403.0,4,11927,0,162,0.00,2.72,0.00,0.41,11,253.8,1400
   404.0,4,11927,0,162,0.00,2.72,0.00,0.41,11,246.7,1400
   405.0,4,11927,0,162,0.00,2.72,0.00,0.41,11,244.5,1400
   406.0,4,11927,0,162,0.00,2.72,0.00,0.41,11,244.0,1400
   407.0,4,11927,0,162,0.00,2.72,0.00,0.41,11,242.7,1400
   408.0,4,11927,0,162,0.00,2.72,0.00,0.41,11,242.4,1400
   409.0,4,11927,0,162,0.00,2.72,0.00,0.41,11,243.6,1400
   410.0,4,11927,0,162,0.00,2.72,0.00,0.40,11,244.7,1400
   411.0,4,11927,0,162,0.00,2.72,0.00,0.40,11,246.0,1400
   412.0,4,11927,0,162,0.00,2.72,0.00,0.40,11,245.3,1400
   413.0,4,11927,0,162,0.00,2.72,0.00,0.40,11,248.5,1400
   414.0,4,11927,0,162,0.00,2.72,0.00,0.40,11,247.8,1400
   415.0,4,11927,0,162,0.00,2.72,0.00,0.40,11,247.3,1400
   416.0,4,11927,0,162,0.00,2.72,0.00,0.40,11,248.1,1400
   417.0,4,11927,0,162,0.00,2.72,0.00,0.40,11,249.5,1400
   418.0,4,11927,0,162,0.00,2.72,0.00,0.40,11,251.1,1400
   419.0,4,11927,0,162,0.00,2.72,0.00,0.40,11,252.4,1400
   420.0,4,11927,0,162,0.00,2.72,0.00,0.40,11,253.6,1400
   421.0,4,11927,0,162,0.00,2.72,0.00,0.39,11,252.6,1400
   422.0,4,11927,0,162,0.00,2.72,0.00,0.39,11,252.2,1400
   423.0,4,11927,0,162,0.00,2.72,0.00,0.39,11,253.2,1400
   424.0,4,11927,0,162,0.00,2.72,0.00,0.39,11,242.9,1400
   425.0,4,11927,0,162,0.00,2.72,0.00,0.39,11,242.2,1400
   426.0,4,11927,0,162,0.00,2.72,0.00,0.39,11,243.1,1400
   427.0,4,11927,0,162,0.00,2.72,0.00,0.39,11,242.3,1400
   428.0,4,11927,0,162,0.00,2.72,0.00,0.39,11,243.6,1400
   429.0,4,11927,0,162,0.00,2.72,0.00,0.39,11,243.0,1400
   430.0,4,11927,0,162,0.00,2.72,0.00,0.39,11,246.2,1400
   431.0,4,11927,0,162,0.00,2.72,0.00,0.39,11,247.4,1400
   432.0,4,11927,0,162,0.00,2.72,0.00,0.38,11,246.9,1400
   433.0,4,11927,0,162,0.00,2.72,0.00,0.38,11,248.0,1400
   434.0,4,11927,0,162,0.00,2.72,0.00,0.38,11,249.3,1400
   435.0,4,11927,0,162,0.00,2.72,0.00,0.38,11,248.5,1400
   436.0,4,11927,0,162,0.00,2.72,0.00,0.38,11,248.2,1400
   437.0,4,11927,0,162,0.00,2.72,0.00,0.38,11,249.1,1400
   438.0,4,11927,0,162,0.00,2.72,0.00,0.38,11,252.3,1400
   439.0,4,11927,0,162,0.00,2.72,0.00,0.38,11,251.8,1400
   440.0,4,11927,0,162,0.00,2.72,0.00,0.38,11,251.1,1400
   441.0,4,11927,0,162,0.00,2.72,0.00,0.38,11,252.1,1400
   442.0,4,11927,0,162,0.00,2.72,0.00,0.38,11,253.5,1400
   443.0,4,11927,0,162,0.00,2.72,0.00,0.37,11,255.2,1400
   444.0,4,11927,0,162,0.00,2.72,0.00,0.37,11,256.2,1400
   445.0,4,11927,0,162,0.00,2.72,0.00,0.37,11,245.4,1400
   446.0,4,11927,0,162,0.00,2.72,0.00,0.37,11,243.2,1400
   447.0,4,11927,0,162,0.00,2.72,0.00,0.37,11,241.8,1400
   448.0,4,11927,0,162,0.00,2.72,0.00,0.37,11,242.8,1400
   449.0,4,11927,0,162,0.00,2.72,0.00,0.37,11,243.5,1400
   450.0,4,11927,0,162,0.00,2.72,0.00,0.37,11,243.1,1400
   451.0,4,11927,0,162,0.00,2.72,0.00,0.37,11,246.3,1400
   452.0,4,11927,0,162,0.00,2.72,0.00,0.37,11,247.8,1400
   453.0,4,11927,0,162,0.00,2.72,0.00,0.37,11,247.2,1400
   454.0,4,11927,0,162,0.00,2.72,0.00,0.37,11,248.3,1400
   455.0,4,11927,0,162,0.00,2.72,0.00,0.36,11,247.4,1400
   456.0,4,11927,0,162,0.00,2.72,0.00,0.36,11,250.8,1400
   457.0,4,11927,0,162,0.00,2.72,0.00,0.36,11,250.1,1400
   458.0,4,11927,0,162,0.00,2.72,0.00,0.36,11,251.5,1400
   459.0,4,11927,0,162,0.00,2.72,0.00,0.36,11,252.5,1400
   460.0,4,11927,0,162,0.00,2.72,0.00,0.36,11,249.9,1400
   461.0,4,11927,0,162,0.00,2.72,0.00,0.36,11,251.3,1400
   462.0,4,11927,0,162,0.00,2.72,0.00,0.36,11,254.5,1400
   463.0,4,11927,0,162,0.00,2.72,0.00,0.36,11,253.5,1400
   464.0,4,11927,0,162,0.00,2.72,0.00,0.36,11,247.7,1400
   465.0,4,11927,0,162,0.00,2.72,0.00,0.36,11,247.2,1400
   466.0,4,11927,0,162,0.00,2.72,0.00,0.36,11,243.1,1400
   467.0,4,11927,0,162,0.00,2.72,0.00,0.36,11,241.8,1400
   468.0,4,11927,0,162,0.00,2.72,0.00,0.35,11,244.6,1400
   469.0,4,11927,0,162,0.00,2.72,0.00,0.35,11,245.0,1400
   470.0,4,11927,0,162,0.00,2.72,0.00,0.35,11,246.5,1400
   471.0,4,11927,0,162,0.00,2.72,0.00,0.35,11,243.9,1400
   472.0,4,11927,0,162,0.00,2.72,0.00,0.35,11,244.9,1400
   473.0,4,11927,0,162,0.00,2.72,0.00,0.35,11,246.1,1400
   474.0,4,11927,0,162,0.00,2.72,0.00,0.35,11,245.6,1400
   475.0,4,11927,0,162,0.00,2.72,0.00,0.35,11,249.0,1400
   476.0,4,11927,0,162,0.00,2.72,0.00,0.35,11,250.1,1400
   477.0,4,11927,0,162,0.00,2.72,0.00,0.35,11,251.3,1400
   478.0,4,11927,0,162,0.00,2.72,0.00,0.35,11,248.6,1400
   479.0,4,11927,0,162,0.00,2.72,0.00,0.35,11,249.7,1400
   480.0,4,11927,0,162,0.00,2.72,0.00,0.35,11,251.2,1400
   481.0,4,11927,0,162,0.00,2.72,0.00,0.35,11,250.8,1400
   482.0,4,11927,0,162,0.00,2.72,0.00,0.34,11,254.0,1400
   483.0,4,11927,0,162,0.00,2.72,0.00,0.34,11,255.2,1400
   484.0,4,11927,0,162,0.00,2.72,0.00,0.34,11,250.9,1400
   485.0,4,11927,0,162,0.00,2.72,0.00,0.34,11,245.2,1400
   486.0,4,11927,0,162,0.00,2.72,0.00,0.34,11,245.2,1400
   487.0,4,11927,0,162,0.00,2.72,0.00,0.34,11,246.1,1400
   488.0,4,11927,0,162,0.00,2.72,0.00,0.34,11,247.5,1400
   489.0,4,11927,0,162,0.00,2.72,0.00,0.34,11,248.2,1400
   490.0,4,11927,0,162,0.00,2.72,0.00,0.34,11,245.9,1400
   491.0,4,11927,0,162,0.00,2.72,0.00,0.34,11,245.2,1400
   492.0,4,11927,0,162,0.00,2.72,0.00,0.34,11,244.6,1400
   493.0,4,11927,0,162,0.00,2.72,0.00,0.34,11,245.8,1400
   494.0,4,11927,0,162,0.00,2.72,0.00,0.34,11,249.0,1400
   495.0,4,11927,0,162,0.00,2.72,0.00,0.34,11,248.4,1400
   496.0,4,11927,0,162,0.00,2.72,0.00,0.33,11,249.6,1400
   497.0,4,11927,0,162,0.00,2.72,0.00,0.33,11,248.9,1400
   498.0,4,11927,0,162,0.00,2.72,0.00,0.33,11,250.0,1400
   499.0,4,11927,0,162,0.00,2.72,0.00,0.33,11,249.7,1400
   500.0,4,11927,0,162,0.00,2.72,0.00,0.33,11,252.8,1400
   501.0,4,11927,0,162,0.00,2.72,0.00,0.33,11,251.9,1400
   502.0,4,11927,0,162,0.00,2.72,0.00,0.33,11,253.5,1400
   503.0,4,11927,0,162,0.00,2.72,0.00,0.33,11,254.9,1400
   504.0,4,11927,0,162,0.00,2.72,0.00,0.33,11,253.9,1400
   505.0,4,11927,0,162,0.00,2.72,0.00,0.33,11,247.1,1400
   506.0,4,11927,0,162,0.00,2.72,0.00,0.33,11,243.4,1400
   507.0,4,11927,0,162,0.00,2.72,0.00,0.33,11,244.2,1400
   508.0,4,11927,0,162,0.00,2.72,0.00,0.33,11,245.0,1400
   509.0,4,11927,0,162,0.00,2.72,0.00,0.33,11,244.3,1400
   510.0,4,11927,0,162,0.00,2.72,0.00,0.33,11,243.5,1400
   511.0,4,11927,0,162,0.00,2.72,0.00,0.32,11,244.8,1400
   512.0,4,11927,0,162,0.00,2.72,0.00,0.32,11,245.9,1400
   513.0,4,11927,0,162,0.00,2.72,0.00,0.32,11,245.6,1400
   514.0,4,11927,0,162,0.00,2.72,0.00,0.32,11,248.6,1400
   515.0,4,11927,0,162,0.00,2.72,0.00,0.32,11,249.8,1400
   516.0,4,11927,0,162,0.00,2.72,0.00,0.32,11,247.4,1400
   517.0,4,11927,0,162,0.00,2.72,0.00,0.32,11,248.4,1400
   518.0,4,11927,0,162,0.00,2.72,0.00,0.32,11,249.7,1400
   519.0,4,11927,0,162,0.00,2.72,0.00,0.32,11,250.9,1400
   520.0,4,11927,0,162,0.00,2.72,0.00,0.32,11,252.5,1400
   521.0,4,11927,0,162,0.00,2.72,0.00,0.32,11,253.6,1400
   522.0,4,11927,0,162,0.00,2.72,0.00,0.32,11,252.6,1400
   523.0,4,11927,0,162,0.00,2.72,0.00,0.32,11,252.3,1400
   524.0,4,11927,0,162,0.00,2.72,0.00,0.32,11,253.5,1400
   525.0,4,11927,0,162,0.00,2.72,0.00,0.32,11,245.7,1400
   526.0,4,11927,0,162,0.00,2.72,0.00,0.32,11,244.9,1400
   527.0,4,11927,0,162,0.00,2.72,0.00,0.31,11,241.9,1400
   528.0,4,11927,0,162,0.00,2.72,0.00,0.31,11,244.3,1400
   529.0,4,11927,0,162,0.00,2.72,0.00,0.31,11,245.5,1400
   530.0,4,11927,0,162,0.00,2.72,0.00,0.31,11,243.0,1400
   531.0,4,11927,0,162,0.00,2.72,0.00,0.31,11,244.2,1400
   532.0,4,11927,0,162,0.00,2.72,0.00,0.31,11,247.5,1400
   533.0,4,11927,0,162,0.00,2.72,0.00,0.31,11,246.3,1400
   534.0,4,11927,0,162,0.00,2.72,0.00,0.31,11,248.1,1400
   535.0,4,11927,0,162,0.00,2.72,0.00,0.31,11,249.3,1400
   536.0,4,11927,0,162,0.00,2.72,0.00,0.31,11,248.4,1400
   537.0,4,11927,0,162,0.00,2.72,0.00,0.31,11,248.0,1400
   538.0,4,11927,0,162,0.00,2.72,0.00,0.31,11,249.1,1400
   539.0,4,11927,0,162,0.00,2.72,0.00,0.31,11,250.2,1400
   540.0,4,11927,0,162,0.00,2.72,0.00,0.31,11,253.6,1400
   541.0,4,11927,0,162,0.00,2.72,0.00,0.31,11,251.0,1400
   542.0,4,11927,0,162,0.00,2.72,0.00,0.31,11,252.2,1400
   543.0,4,11927,0,162,0.00,2.72,0.00,0.31,11,253.5,1400
   544.0,4,11927,0,162,0.00,2.72,0.00,0.31,11,247.7,1400
   545.0,4,11927,0,162,0.00,2.72,0.00,0.30,11,245.9,1400
   546.0,4,11927,0,162,0.00,2.72,0.00,0.30,11,245.9,1400
   547.0,4,11927,0,162,0.00,2.72,0.00,0.30,11,246.7,1400
   548.0,4,11927,0,162,0.00,2.72,0.00,0.30,11,242.0,1400
   549.0,4,11927,0,162,0.00,2.72,0.00,0.30,11,243.0,1400
   550.0,4,11927,0,162,0.00,2.72,0.00,0.30,11,244.4,1400
   551.0,4,11927,0,162,0.00,2.72,0.00,0.30,11,243.8,1400
   552.0,4,11927,0,162,0.00,2.72,0.00,0.30,11,244.9,1400
   553.0,4,11927,0,162,0.00,2.72,0.00,0.30,11,248.3,1400
   554.0,4,11927,0,162,0.00,2.72,0.00,0.30,11,249.4,1400
   555.0,4,11927,0,162,0.00,2.72,0.00,0.30,11,246.9,1400
   556.0,4,11927,0,162,0.00,2.72,0.00,0.30,11,248.1,1400
   557.0,4,11927,0,162,0.00,2.72,0.00,0.30,11,249.1,1400
   558.0,4,11927,0,162,0.00,2.72,0.00,0.30,11,250.8,1400
   559.0,4,11927,0,162,0.00,2.72,0.00,0.30,11,249.9,1400
   560.0,4,11927,0,162,0.00,2.72,0.00,0.30,11,253.1,1400
   561.0,4,11927,0,162,0.00,2.72,0.00,0.30,11,256.4,1400
   562.0,4,11927,0,162,0.00,2.72,0.00,0.30,11,251.8,1400
   563.0,4,11927,0,162,0.00,2.72,0.00,0.29,11,253.0,1400
   564.0,4,11927,0,162,0.00,2.72,0.00,0.29,11,254.2,1400
   565.0,4,11927,0,162,0.00,2.72,0.00,0.29,11,248.8,1400
   566.0,4,11927,0,162,0.00,2.72,0.00,0.29,11,244.3,1400
   567.0,4,11927,0,162,0.00,2.72,0.00,0.29,11,245.1,1400
   568.0,4,11927,0,162,0.00,2.72,0.00,0.29,11,246.0,1400
   569.0,4,11927,0,162,0.00,2.72,0.00,0.29,11,242.6,1400
   570.0,4,11927,0,162,0.00,2.72,0.00,0.29,11,243.6,1400
   571.0,4,11927,0,162,0.00,2.72,0.00,0.29,11,245.0,1400
   572.0,4,11927,0,162,0.00,2.72,0.00,0.29,11,246.5,1400
   573.0,4,11927,0,162,0.00,2.72,0.00,0.29,11,247.7,1400
   574.0,4,11927,0,162,0.00,2.72,0.00,0.29,11,246.9,1400
   575.0,4,11927,0,162,0.00,2.72,0.00,0.29,11,248.0,1400
   576.0,4,11927,0,162,0.00,2.72,0.00,0.29,11,247.6,1400
   577.0,4,11927,0,162,0.00,2.72,0.00,0.29,11,248.5,1400
   578.0,4,11927,0,162,0.00,2.72,0.00,0.29,11,252.1,1400
   579.0,4,11927,0,162,0.00,2.72,0.00,0.29,11,251.3,1400
   580.0,4,11927,0,162,0.00,2.72,0.00,0.29,11,250.7,1400
   581.0,4,11927,0,162,0.00,2.72,0.00,0.29,11,252.1,1400
   582.0,4,11927,0,162,0.00,2.72,0.00,0.29,11,252.8,1400
   583.0,4,11927,0,162,0.00,2.72,0.00,0.28,11,252.6,1400
   584.0,4,11927,0,162,0.00,2.72,0.00,0.28,11,255.6,1400
   585.0,4,11927,0,162,0.00,2.72,0.00,0.28,11,251.1,1400
   586.0,4,11927,0,162,0.00,2.72,0.00,0.28,11,244.5,1400
   587.0,4,11927,0,162,0.00,2.72,0.00,0.28,11,242.4,1400
   588.0,4,11927,0,162,0.00,2.72,0.00,0.28,11,243.4,1400
   589.0,4,11927,0,162,0.00,2.72,0.00,0.28,11,244.2,1400
   590.0,4,11927,0,162,0.00,2.72,0.00,0.28,11,242.9,1400
   591.0,4,11927,0,162,0.00,2.72,0.00,0.28,11,246.1,1400
   592.0,4,11927,0,162,0.00,2.72,0.00,0.28,11,247.1,1400
   593.0,4,11927,0,162,0.00,2.72,0.00,0.28,11,244.9,1400
   594.0,4,11927,0,162,0.00,2.72,0.00,0.28,11,245.7,1400
   595.0,4,11927,0,162,0.00,2.72,0.00,0.28,11,247.2,1400
   596.0,4,11927,0,162,0.00,2.72,0.00,0.28,11,248.4,1400
   597.0,4,11927,0,162,0.00,2.72,0.00,0.28,11,249.8,1400
   598.0,4,11927,0,162,0.00,2.72,0.00,0.28,11,250.9,1400
   599.0,4,11927,0,162,0.00,2.72,0.00,0.28,11,250.3,1400
   600.0,4,11927,0,162,0.00,2.72,0.00,0.28,11,250.1,1400
   601.0,4,11927,0,162,0.00,2.72,0.00,0.28,11,251.1,1400
   602.0,4,11927,0,162,0.00,2.72,0.00,0.28,11,254.3,1400
   603.0,4,11927,0,162,0.00,2.72,0.00,0.28,11,253.6,1400
   604.0,4,11927,0,162,0.00,2.72,0.00,0.27,11,254.9,1400
   605.0,4,11927,0,162,0.00,2.72,0.00,0.27,11,249.3,1400
   606.0,4,11927,0,162,0.00,2.72,0.00,0.27,11,245.6,1400
   607.0,4,11927,0,162,0.00,2.72,0.00,0.27,11,244.9,1400
   608.0,4,11927,0,162,0.00,2.72,0.00,0.27,11,242.1,1400
   609.0,4,11927,0,162,0.00,2.72,0.00,0.27,11,245.3,1400
   610.0,4,11927,0,162,0.00,2.72,0.00,0.27,11,246.4,1400
   611.0,4,11927,0,162,0.00,2.72,0.00,0.27,11,246.0,1400
   612.0,4,11927,0,162,0.00,2.72,0.00,0.27,11,245.1,1400
   613.0,4,11927,0,162,0.00,2.72,0.00,0.27,11,246.4,1400
   614.0,4,11927,0,162,0.00,2.72,0.00,0.27,11,245.8,1400
   615.0,4,11927,0,162,0.00,2.72,0.00,0.27,11,246.9,1400
   616.0,4,11927,0,162,0.00,2.72,0.00,0.27,11,248.3,1400
   617.0,4,11927,0,162,0.00,2.72,0.00,0.27,11,251.2,1400
   618.0,4,11927,0,162,0.00,2.72,0.00,0.27,11,250.8,1400
   619.0,4,11927,0,162,0.00,2.72,0.00,0.27,11,250.1,1400
   620.0,4,11927,0,162,0.00,2.72,0.00,0.27,11,251.1,1400
   621.0,4,11927,0,162,0.00,2.72,0.00,0.27,11,250.7,1400
   622.0,4,11927,0,162,0.00,2.72,0.00,0.27,11,251.8,1400
   623.0,4,11927,0,162,0.00,2.72,0.00,0.27,11,254.9,1400
   624.0,4,11927,0,162,0.00,2.72,0.00,0.27,11,256.2,1400
   625.0,4,11927,0,162,0.00,2.72,0.00,0.27,11,254.0,1400
   626.0,4,11927,0,162,0.00,2.72,0.00,0.27,11,247.5,1400
   627.0,4,11927,0,162,0.00,2.72,0.00,0.26,11,244.9,1400
   628.0,4,11927,0,162,0.00,2.72,0.00,0.26,11,244.3,1400
   629.0,4,11927,0,162,0.00,2.72,0.00,0.26,11,242.5,1400
   630.0,4,11927,0,162,0.00,2.72,0.00,0.26,11,243.6,1400
   631.0,4,11927,0,162,0.00,2.72,0.00,0.26,11,244.9,1400
   632.0,4,11927,0,162,0.00,2.72,0.00,0.26,11,244.1,1400
   633.0,4,11927,0,162,0.00,2.72,0.00,0.26,11,244.9,1400
   634.0,4,11927,0,162,0.00,2.72,0.00,0.26,11,246.2,1400
   635.0,4,11927,0,162,0.00,2.72,0.00,0.26,11,245.6,1400
   636.0,4,11927,0,162,0.00,2.72,0.00,0.26,11,249.0,1400
   637.0,4,11927,0,162,0.00,2.72,0.00,0.26,11,250.1,1400
   638.0,4,11927,0,162,0.00,2.72,0.00,0.26,11,251.3,1400
   639.0,4,11927,0,162,0.00,2.72,0.00,0.26,11,250.8,1400
   640.0,4,11927,0,162,0.00,2.72,0.00,0.26,11,249.8,1400
   641.0,4,11927,0,162,0.00,2.72,0.00,0.26,11,251.0,1400
   642.0,4,11927,0,162,0.00,2.72,0.00,0.26,11,250.6,1400
   643.0,4,11927,0,162,0.00,2.72,0.00,0.26,11,251.8,1400
   644.0,4,11927,0,162,0.00,2.72,0.00,0.26,11,252.8,1400
   645.0,4,11927,0,162,0.00,2.72,0.00,0.26,11,253.9,1400
   646.0,4,11927,0,162,0.00,2.72,0.00,0.26,11,244.9,1400
   647.0,4,11927,0,162,0.00,2.72,0.00,0.26,11,242.4,1400
   648.0,4,11927,0,162,0.00,2.72,0.00,0.26,11,245.0,1400
   649.0,4,11927,0,162,0.00,2.72,0.00,0.26,11,244.5,1400
   650.0,4,11927,0,162,0.00,2.72,0.00,0.26,11,244.9,1400
   651.0,4,11927,0,162,0.00,2.72,0.00,0.25,11,246.0,1400
   652.0,4,11927,0,162,0.00,2.72,0.00,0.25,11,247.0,1400
   653.0,4,11927,0,162,0.00,2.72,0.00,0.25,11,244.5,1400
   654.0,4,11927,0,162,0.00,2.72,0.00,0.25,11,245.5,1400
   655.0,4,11927,0,162,0.00,2.72,0.00,0.25,11,247.0,1400
   656.0,4,11927,0,162,0.00,2.72,0.00,0.25,11,246.6,1400
   657.0,4,11927,0,162,0.00,2.72,0.00,0.25,11,247.6,1400
   658.0,4,11927,0,162,0.00,2.72,0.00,0.25,11,248.9,1400
   659.0,4,11927,0,162,0.00,2.72,0.00,0.25,11,250.0,1400
   660.0,4,11927,0,162,0.00,2.72,0.00,0.25,11,249.7,1400
   661.0,4,11927,0,162,0.00,2.72,0.00,0.25,11,252.7,1400
   662.0,4,11927,0,162,0.00,2.72,0.00,0.25,11,254.0,1400
   663.0,4,11927,0,162,0.00,2.72,0.00,0.25,11,253.8,1400
   664.0,4,11927,0,162,0.00,2.72,0.00,0.25,11,252.8,1400
   665.0,4,11927,0,162,0.00,2.72,0.00,0.25,11,254.0,1400
   666.0,4,11927,0,162,0.00,2.72,0.00,0.25,11,245.7,1400
   667.0,4,11927,0,162,0.00,2.72,0.00,0.25,11,240.8,1400
   668.0,4,11927,0,162,0.00,2.72,0.00,0.25,11,241.5,1400
   669.0,4,11927,0,162,0.00,2.72,0.00,0.25,11,242.5,1400
   670.0,4,11927,0,162,0.00,2.72,0.00,0.25,11,242.1,1400
   671.0,4,11927,0,162,0.00,2.72,0.00,0.25,11,243.1,1400
   672.0,4,11927,0,162,0.00,2.72,0.00,0.25,11,244.4,1400
   673.0,4,11927,0,162,0.00,2.72,0.00,0.25,11,247.6,1400
   674.0,4,11927,0,162,0.00,2.72,0.00,0.25,11,247.1,1400
   675.0,4,11927,0,162,0.00,2.72,0.00,0.25,11,248.5,1400
   676.0,4,11927,0,162,0.00,2.72,0.00,0.25,11,249.4,1400
   677.0,4,11927,0,162,0.00,2.72,0.00,0.25,11,251.4,1400
   678.0,4,11927,0,162,0.00,2.72,0.00,0.24,11,252.4,1400
   679.0,4,11927,0,162,0.00,2.72,0.00,0.24,11,253.6,1400
   680.0,4,11927,0,162,0.00,2.72,0.00,0.24,11,254.7,1400
   681.0,4,11927,0,162,0.00,2.72,0.00,0.24,11,256.3,1400
   682.0,4,11927,0,162,0.00,2.72,0.00,0.24,11,257.4,1400
   683.0,4,11927,0,162,0.00,2.72,0.00,0.24,11,256.5,1400
   684.0,4,11927,0,162,0.00,2.72,0.00,0.24,11,250.1,1400
   685.0,4,11927,0,162,0.00,2.72,0.00,0.24,11,249.4,1400
   686.0,4,11927,0,162,0.00,2.72,0.00,0.24,11,250.2,1400
   687.0,4,11927,0,162,0.00,2.72,0.00,0.24,11,251.3,1400
   688.0,4,11927,0,162,0.00,2.72,0.00,0.24,11,248.3,1400
   689.0,4,11927,0,162,0.00,2.72,0.00,0.24,11,247.3,1400
   690.0,4,11927,0,162,0.00,2.72,0.00,0.24,11,248.6,1400
   691.0,4,11927,0,162,0.00,2.72,0.00,0.24,11,248.2,1400
   692.0,4,11927,0,162,0.00,2.72,0.00,0.24,11,249.5,1400
   693.0,4,11927,0,162,0.00,2.72,0.00,0.24,11,250.3,1400
   694.0,4,11927,0,162,0.00,2.72,0.00,0.24,11,253.7,1400
   695.0,4,11927,0,162,0.00,2.72,0.00,0.24,11,253.3,1400
   696.0,4,11927,0,162,0.00,2.72,0.00,0.24,11,252.6,1400
   697.0,4,11927,0,162,0.00,2.72,0.00,0.24,11,253.6,1400
   698.0,4,11927,0,162,0.00,2.72,0.00,0.24,11,253.3,1400
   699.0,4,11927,0,162,0.00,2.72,0.00,0.24,11,256.4,1400
   700.0,4,11927,0,162,0.00,2.72,0.00,0.24,11,255.5,1400
   701.0,4,11927,0,162,0.00,2.72,0.00,0.24,11,256.6,1400
   702.0,4,11927,0,162,0.00,2.72,0.00,0.24,11,256.3,1400
   703.0,4,11927,0,162,0.00,2.72,0.00,0.24,11,257.5,1400
   704.0,4,11927,0,162,0.00,2.72,0.00,0.24,11,248.1,1400
   705.0,4,11927,0,162,0.00,2.72,0.00,0.24,11,245.1,1400
   706.0,4,11927,0,162,0.00,2.72,0.00,0.24,11,247.9,1400
   707.0,4,11927,0,162,0.00,2.72,0.00,0.23,11,248.9,1400
   708.0,4,11927,0,162,0.00,2.72,0.00,0.23,11,248.1,1400
   709.0,4,11927,0,162,0.00,2.72,0.00,0.23,11,247.2,1400
   710.0,4,11927,0,162,0.00,2.72,0.00,0.23,11,248.4,1400
   711.0,4,11927,0,162,0.00,2.72,0.00,0.23,11,249.4,1400
   712.0,4,11927,0,162,0.00,2.72,0.00,0.23,11,249.1,1400
   713.0,4,11927,0,162,0.00,2.72,0.00,0.23,11,252.3,1400
   714.0,4,11927,0,162,0.00,2.72,0.00,0.23,11,251.4,1400
   715.0,4,11927,0,162,0.00,2.72,0.00,0.23,11,252.6,1400
   716.0,4,11927,0,162,0.00,2.72,0.00,0.23,11,252.0,1400
   717.0,4,11927,0,162,0.00,2.72,0.00,0.23,11,253.3,1400
   718.0,4,11927,0,162,0.00,2.72,0.00,0.23,11,254.4,1400
   719.0,4,11927,0,162,0.00,2.72,0.00,0.23,11,256.1,1400
   720.0,4,11927,0,162,0.00,2.72,0.00,0.23,11,257.2,1400
   721.0,4,11927,0,162,0.00,2.72,0.00,0.23,11,258.5,1400
   722.0,4,11927,0,162,0.00,2.72,0.00,0.23,11,257.8,1400
   723.0,4,11927,0,162,0.00,2.72,0.00,0.23,11,257.5,1400
   724.0,4,11927,0,162,0.00,2.72,0.00,0.23,11,248.6,1400
   725.0,4,11927,0,162,0.00,2.72,0.00,0.23,11,251.3,1400
   726.0,4,11927,0,162,0.00,2.72,0.00,0.23,11,250.0,1400
   727.0,4,11927,0,162,0.00,2.72,0.00,0.23,11,249.0,1400
   728.0,4,11927,0,162,0.00,2.72,0.00,0.23,11,250.0,1400
   729.0,4,11927,0,162,0.00,2.72,0.00,0.23,11,251.0,1400
   730.0,4,11927,0,162,0.00,2.72,0.00,0.23,11,248.2,1400
   731.0,4,11927,0,162,0.00,2.72,0.00,0.23,11,251.4,1400
   732.0,4,11927,0,162,0.00,2.72,0.00,0.23,11,252.4,1400
   733.0,4,11927,0,162,0.00,2.72,0.00,0.23,11,252.1,1400
   734.0,4,11927,0,162,0.00,2.72,0.00,0.23,11,251.0,1400
   735.0,4,11927,0,162,0.00,2.72,0.00,0.23,11,252.3,1400
   736.0,4,11927,0,162,0.00,2.72,0.00,0.23,11,253.5,1400
   737.0,4,11927,0,162,0.00,2.72,0.00,0.23,11,255.3,1400
   738.0,4,11927,0,162,0.00,2.72,0.00,0.22,11,256.3,1400
   739.0,4,11927,0,162,0.00,2.72,0.00,0.22,11,257.4,1400
   740.0,4,11927,0,162,0.00,2.72,0.00,0.22,11,257.0,1400
   741.0,4,11927,0,162,0.00,2.72,0.00,0.22,11,256.0,1400
   742.0,4,11927,0,162,0.00,2.72,0.00,0.22,11,257.1,1400
   743.0,4,11927,0,162,0.00,2.72,0.00,0.22,11,260.4,1400
   744.0,4,11927,0,162,0.00,2.72,0.00,0.22,11,252.5,1400
   745.0,4,11927,0,162,0.00,2.72,0.00,0.22,11,248.0,1400
   746.0,4,11927,0,162,0.00,2.72,0.00,0.22,11,248.8,1400
   747.0,4,11927,0,162,0.00,2.72,0.00,0.22,11,247.7,1400
   748.0,4,11927,0,162,0.00,2.72,0.00,0.22,11,246.5,1400
   749.0,4,11927,0,162,0.00,2.72,0.00,0.22,11,249.7,1400
   750.0,4,11927,0,162,0.00,2.72,0.00,0.22,11,248.9,1400
   751.0,4,11927,0,162,0.00,2.72,0.00,0.22,11,250.7,1400
   752.0,4,11927,0,162,0.00,2.72,0.00,0.22,11,251.7,1400
   753.0,4,11927,0,162,0.00,2.72,0.00,0.22,11,250.9,1400
   754.0,4,11927,0,162,0.00,2.72,0.00,0.22,11,250.5,1400
   755.0,4,11927,0,162,0.00,2.72,0.00,0.22,11,253.5,1400
   756.0,4,11927,0,162,0.00,2.72,0.00,0.22,11,254.7,1400
   757.0,4,11927,0,162,0.00,2.72,0.00,0.22,11,256.0,1400
   758.0,4,11927,0,162,0.00,2.72,0.00,0.22,11,255.3,1400
   759.0,4,11927,0,162,0.00,2.72,0.00,0.22,11,256.5,1400
   760.0,4,11927,0,162,0.00,2.72,0.00,0.22,11,255.6,1400
   761.0,4,11927,0,162,0.00,2.72,0.00,0.22,11,255.4,1400
   762.0,4,11927,0,162,0.00,2.72,0.00,0.22,11,256.4,1400
   763.0,4,11927,0,162,0.00,2.72,0.00,0.22,11,259.5,1400
   764.0,4,11927,0,162,0.00,2.72,0.00,0.22,11,251.1,1400
   765.0,4,11927,0,162,0.00,2.72,0.00,0.22,11,246.9,1400
   766.0,4,11927,0,162,0.00,2.72,0.00,0.22,11,247.6,1400
   767.0,4,11927,0,162,0.00,2.72,0.00,0.22,11,248.5,1400
   768.0,4,11927,0,162,0.00,2.72,0.00,0.22,11,248.2,1400
   769.0,4,11927,0,162,0.00,2.72,0.00,0.22,11,248.9,1400
   770.0,4,11927,0,162,0.00,2.72,0.00,0.22,11,250.4,1400
   771.0,4,11927,0,162,0.00,2.72,0.00,0.22,11,251.8,1400
   772.0,4,11927,0,162,0.00,2.72,0.00,0.22,11,251.2,1400
   773.0,4,11927,0,162,0.00,2.72,0.00,0.21,11,250.2,1400
   774.0,4,11927,0,162,0.00,2.72,0.00,0.21,11,251.4,1400
   775.0,4,11927,0,162,0.00,2.72,0.00,0.21,11,251.0,1400
   776.0,4,11927,0,162,0.00,2.72,0.00,0.21,11,254.2,1400
   777.0,4,11927,0,162,0.00,2.72,0.00,0.21,11,253.4,1400
   778.0,4,11927,0,162,0.00,2.72,0.00,0.21,11,254.6,1400
   779.0,4,11927,0,162,0.00,2.72,0.00,0.21,11,254.1,1400
   780.0,4,11927,0,162,0.00,2.72,0.00,0.21,11,255.2,1400
   781.0,4,11927,0,162,0.00,2.72,0.00,0.21,11,256.4,1400
   782.0,4,11927,0,162,0.00,2.72,0.00,0.21,11,258.0,1400
   783.0,4,11927,0,162,0.00,2.72,0.00,0.21,11,252.3,1400
   784.0,4,11927,0,162,0.00,2.72,0.00,0.21,11,248.4,1400
   785.0,4,11927,0,162,0.00,2.72,0.00,0.21,11,249.2,1400
   786.0,4,11927,0,162,0.00,2.72,0.00,0.21,11,250.4,1400
   787.0,4,11927,0,162,0.00,2.72,0.00,0.21,11,249.4,1400
   788.0,4,11927,0,162,0.00,2.72,0.00,0.21,11,248.1,1400
   789.0,4,11927,0,162,0.00,2.72,0.00,0.21,11,249.4,1400
   790.0,4,11927,0,162,0.00,2.72,0.00,0.21,11,250.6,1400
   791.0,4,11927,0,162,0.00,2.72,0.00,0.21,11,249.9,1400
   792.0,4,11927,0,162,0.00,2.72,0.00,0.21,11,250.9,1400
   793.0,4,11927,0,162,0.00,2.72,0.00,0.21,11,250.6,1400
   794.0,4,11927,0,162,0.00,2.72,0.00,0.21,11,251.8,1400
   795.0,4,11927,0,162,0.00,2.72,0.00,0.21,11,252.9,1400
   796.0,4,11927,0,162,0.00,2.72,0.00,0.21,11,254.4,1400
   797.0,4,11927,0,162,0.00,2.72,0.00,0.21,11,255.5,1400
   798.0,4,11927,0,162,0.00,2.72,0.00,0.21,11,254.7,1400
   799.0,4,11927,0,162,0.00,2.72,0.00,0.21,11,255.9,1400
   800.0,4,11927,0,162,0.00,2.72,0.00,0.21,11,255.4,1400
   801.0,4,11927,0,162,0.00,2.72,0.00,0.21,11,258.6,1400
   802.0,4,11927,0,162,0.00,2.72,0.00,0.21,11,257.9,1400
   803.0,4,11927,0,162,0.00,2.72,0.00,0.21,11,259.6,1400
   804.0,4,11927,0,162,0.00,2.72,0.00,0.21,11,253.0,1400
   805.0,4,11927,0,162,0.00,2.72,0.00,0.21,11,248.8,1400
   806.0,4,11927,0,162,0.00,2.72,0.00,0.21,11,248.0,1400
   807.0,4,11927,0,162,0.00,2.72,0.00,0.21,11,247.1,1400
   808.0,4,11927,0,162,0.00,2.72,0.00,0.21,11,249.6,1400
   809.0,4,11927,0,162,0.00,2.72,0.00,0.21,11,250.3,1400
   810.0,4,11927,0,162,0.00,2.72,0.00,0.20,11,247.5,1400
   811.0,4,11927,0,162,0.00,2.72,0.00,0.20,11,248.9,1400
   812.0,4,11927,0,162,0.00,2.72,0.00,0.20,11,250.2,1400
   813.0,4,11927,0,162,0.00,2.72,0.00,0.20,11,251.4,1400
   814.0,4,11927,0,162,0.00,2.72,0.00,0.20,11,252.6,1400
   815.0,4,11927,0,162,0.00,2.72,0.00,0.20,11,251.9,1400
   816.0,4,11927,0,162,0.00,2.72,0.00,0.20,11,253.0,1400
   817.0,4,11927,0,162,0.00,2.72,0.00,0.20,11,252.7,1400
   818.0,4,11927,0,162,0.00,2.72,0.00,0.20,11,253.7,1400
   819.0,4,11927,0,162,0.00,2.72,0.00,0.20,11,255.0,1400
   820.0,4,11927,0,162,0.00,2.72,0.00,0.20,11,258.2,1400
   821.0,4,11927,0,162,0.00,2.72,0.00,0.20,11,257.5,1400
   822.0,4,11927,0,162,0.00,2.72,0.00,0.20,11,257.0,1400
   823.0,4,11927,0,162,0.00,2.72,0.00,0.20,11,259.8,1400
   824.0,4,11927,0,162,0.00,2.72,0.00,0.20,11,251.8,1400
   825.0,4,11927,0,162,0.00,2.72,0.00,0.20,11,247.2,1400
   826.0,4,11927,0,162,0.00,2.72,0.00,0.20,11,248.0,1400
   827.0,4,11927,0,162,0.00,2.72,0.00,0.20,11,251.0,1400
   828.0,4,11927,0,162,0.00,2.72,0.00,0.20,11,248.5,1400
   829.0,4,11927,0,162,0.00,2.72,0.00,0.20,11,247.7,1400
   830.0,4,11927,0,162,0.00,2.72,0.00,0.20,11,248.8,1400
   831.0,4,11927,0,162,0.00,2.72,0.00,0.20,11,248.5,1400
   832.0,4,11927,0,162,0.00,2.72,0.00,0.20,11,249.4,1400
   833.0,4,11927,0,162,0.00,2.72,0.00,0.20,11,252.6,1400
   834.0,4,11927,0,162,0.00,2.72,0.00,0.20,11,253.6,1400
   835.0,4,11927,0,162,0.00,2.72,0.00,0.20,11,253.3,1400
   836.0,4,11927,0,162,0.00,2.72,0.00,0.20,11,254.5,1400
   837.0,4,11927,0,162,0.00,2.72,0.00,0.20,11,253.7,1400
   838.0,4,11927,0,162,0.00,2.72,0.00,0.20,11,255.5,1400
   839.0,4,11927,0,162,0.00,2.72,0.00,0.20,11,254.5,1400
   840.0,4,11927,0,162,0.00,2.72,0.00,0.20,11,259.8,1400
   841.0,4,11927,0,162,0.00,2.72,0.00,0.20,11,259.0,1400
   842.0,4,11927,0,162,0.00,2.72,0.00,0.20,11,256.5,1400
   843.0,4,11927,0,162,0.00,2.72,0.00,0.20,11,257.6,1400
   844.0,4,11927,0,162,0.00,2.72,0.00,0.20,11,252.7,1400
   845.0,4,11927,0,162,0.00,2.72,0.00,0.20,11,246.9,1400
   846.0,4,11927,0,162,0.00,2.72,0.00,0.20,11,247.5,1400
   847.0,4,11927,0,162,0.00,2.72,0.00,0.20,11,248.6,1400
   848.0,4,11927,0,162,0.00,2.72,0.00,0.20,11,249.6,1400
   849.0,4,11927,0,162,0.00,2.72,0.00,0.20,11,249.1,1400
   850.0,4,11927,0,162,0.00,2.72,0.00,0.20,11,248.4,1400
   851.0,4,11927,0,162,0.00,2.72,0.00,0.20,11,249.4,1400
   852.0,4,11927,0,162,0.00,2.72,0.00,0.19,11,251.1,1400
   853.0,4,11927,0,162,0.00,2.72,0.00,0.19,11,252.2,1400
   854.0,4,11927,0,162,0.00,2.72,0.00,0.19,11,255.5,1400
   855.0,4,11927,0,162,0.00,2.72,0.00,0.19,11,252.7,1400
   856.0,4,11927,0,162,0.00,2.72,0.00,0.19,11,252.1,1400
   857.0,4,11927,0,162,0.00,2.72,0.00,0.19,11,255.3,1400
   858.0,4,11927,0,162,0.00,2.72,0.00,0.19,11,254.6,1400
   859.0,4,11927,0,162,0.00,2.72,0.00,0.19,11,256.1,1400
   860.0,4,11927,0,162,0.00,2.72,0.00,0.19,11,257.1,1400
   861.0,4,11927,0,162,0.00,2.72,0.00,0.19,11,258.3,1400
   862.0,4,11927,0,162,0.00,2.72,0.00,0.19,11,259.6,1400
   863.0,4,11927,0,162,0.00,2.72,0.00,0.19,11,259.2,1400
   864.0,4,11927,0,162,0.00,2.72,0.00,0.19,11,258.2,1400
   865.0,4,11927,0,162,0.00,2.72,0.00,0.19,11,254.4,1400
   866.0,4,11927,0,162,0.00,2.72,0.00,0.19,11,251.4,1400
   867.0,4,11927,0,162,0.00,2.72,0.00,0.19,11,249.6,1400
   868.0,4,11927,0,162,0.00,2.72,0.00,0.19,11,250.5,1400
   869.0,4,11927,0,162,0.00,2.72,0.00,0.19,11,249.3,1400
   870.0,4,11927,0,162,0.00,2.72,0.00,0.19,11,247.5,1400
   871.0,4,11927,0,162,0.00,2.72,0.00,0.19,11,248.6,1400
   872.0,4,11927,0,162,0.00,2.72,0.00,0.19,11,249.8,1400
   873.0,4,11927,0,162,0.00,2.72,0.00,0.19,11,251.3,1400
   874.0,4,11927,0,162,0.00,2.72,0.00,0.19,11,250.6,1400
   875.0,4,11927,0,162,0.00,2.72,0.00,0.19,11,251.5,1400
   876.0,4,11927,0,162,0.00,2.72,0.00,0.19,11,252.8,1400
   877.0,4,11927,0,162,0.00,2.72,0.00,0.19,11,252.4,1400
   878.0,4,11927,0,162,0.00,2.72,0.00,0.19,11,255.6,1400
   879.0,4,11927,0,162,0.00,2.72,0.00,0.19,11,256.8,1400
   880.0,4,11927,0,162,0.00,2.72,0.00,0.19,11,256.3,1400
   881.0,4,11927,0,162,0.00,2.72,0.00,0.19,11,257.4,1400
   882.0,4,11927,0,162,0.00,2.72,0.00,0.19,11,256.6,1400
   883.0,4,11927,0,162,0.00,2.72,0.00,0.19,11,257.8,1400
   884.0,4,11927,0,162,0.00,2.72,0.00,0.19,11,257.2,1400
   885.0,4,11927,0,162,0.00,2.72,0.00,0.19,11,249.7,1400
   886.0,4,11927,0,162,0.00,2.72,0.00,0.19,11,251.2,1400
   887.0,4,11927,0,162,0.00,2.72,0.00,0.19,11,246.0,1400
   888.0,4,11927,0,162,0.00,2.72,0.00,0.19,11,246.4,1400
   889.0,4,11927,0,162,0.00,2.72,0.00,0.19,11,247.2,1400
   890.0,4,11927,0,162,0.00,2.72,0.00,0.19,11,250.3,1400
   891.0,4,11927,0,162,0.00,2.72,0.00,0.19,11,249.8,1400
   892.0,4,11927,0,162,0.00,2.72,0.00,0.19,11,251.1,1400
   893.0,4,11927,0,162,0.00,2.72,0.00,0.19,11,250.2,1400
   894.0,4,11927,0,162,0.00,2.72,0.00,0.19,11,249.7,1400
   895.0,4,11927,0,162,0.00,2.72,0.00,0.19,11,250.9,1400
   896.0,4,11927,0,162,0.00,2.72,0.00,0.19,11,252.0,1400
   897.0,4,11927,0,162,0.00,2.72,0.00,0.19,11,253.4,1400
   898.0,4,11927,0,162,0.00,2.72,0.00,0.18,11,252.8,1400
   899.0,4,11927,0,162,0.00,2.72,0.00,0.18,11,256.0,1400
   900.0,4,11927,0,162,0.00,2.72,0.00,0.18,11,255.0,1400
   901.0,4,11927,0,162,0.00,2.72,0.00,0.18,11,254.8,1400
   902.0,4,11927,0,162,0.00,2.72,0.00,0.18,11,258.1,1400
   903.0,4,11927,0,162,0.00,2.72,0.00,0.18,11,257.2,1400
   904.0,4,11927,0,162,0.00,2.72,0.00,0.18,11,260.5,1400
   905.0,4,11927,0,162,0.00,2.72,0.00,0.18,11,250.5,1400
   906.0,4,11927,0,162,0.00,2.72,0.00,0.18,11,245.1,1400
   907.0,4,11927,0,162,0.00,2.72,0.00,0.18,11,248.1,1400
   908.0,4,11927,0,162,0.00,2.72,0.00,0.18,11,245.7,1400
   909.0,4,11927,0,162,0.00,2.72,0.00,0.18,11,246.8,1400
   910.0,4,11927,0,162,0.00,2.72,0.00,0.18,11,249.8,1400
   911.0,4,11927,0,162,0.00,2.72,0.00,0.18,11,251.2,1400
   912.0,4,11927,0,162,0.00,2.72,0.00,0.18,11,248.7,1400
   913.0,4,11927,0,162,0.00,2.72,0.00,0.18,11,251.8,1400
   914.0,4,11927,0,162,0.00,2.72,0.00,0.18,11,251.0,1400
   915.0,4,11927,0,162,0.00,2.72,0.00,0.18,11,252.7,1400
   916.0,4,11927,0,162,0.00,2.72,0.00,0.18,11,253.7,1400
   917.0,4,11927,0,162,0.00,2.72,0.00,0.18,11,256.8,1400
   918.0,4,11927,0,162,0.00,2.72,0.00,0.18,11,254.2,1400
   919.0,4,11927,0,162,0.00,2.72,0.00,0.18,11,253.5,1400
   920.0,4,11927,0,162,0.00,2.72,0.00,0.18,11,254.9,1400
   921.0,4,11927,0,162,0.00,2.72,0.00,0.18,11,256.0,1400
   922.0,4,11927,0,162,0.00,2.72,0.00,0.18,11,255.5,1400
   923.0,4,11927,0,162,0.00,2.72,0.00,0.18,11,258.5,1400
   924.0,4,11927,0,162,0.00,2.72,0.00,0.18,11,259.9,1400
   925.0,4,11927,0,162,0.00,2.72,0.00,0.18,11,255.6,1400
   926.0,4,11927,0,162,0.00,2.72,0.00,0.18,11,248.4,1400
   927.0,4,11927,0,162,0.00,2.72,0.00,0.18,11,247.1,1400
   928.0,4,11927,0,162,0.00,2.72,0.00,0.18,11,247.7,1400
   929.0,4,11927,0,162,0.00,2.72,0.00,0.18,11,248.9,1400
   930.0,4,11927,0,162,0.00,2.72,0.00,0.18,11,249.8,1400
   931.0,4,11927,0,162,0.00,2.72,0.00,0.18,11,248.7,1400
   932.0,4,11927,0,162,0.00,2.72,0.00,0.18,11,249.7,1400
   933.0,4,11927,0,162,0.00,2.72,0.00,0.18,11,249.2,1400
   934.0,4,11927,0,162,0.00,2.72,0.00,0.18,11,250.3,1400
   935.0,4,11927,0,162,0.00,2.72,0.00,0.18,11,251.5,1400
   936.0,4,11927,0,162,0.00,2.72,0.00,0.18,11,253.1,1400
   937.0,4,11927,0,162,0.00,2.72,0.00,0.18,11,254.4,1400
   938.0,4,11927,0,162,0.00,2.72,0.00,0.18,11,255.4,1400
   939.0,4,11927,0,162,0.00,2.72,0.00,0.18,11,254.6,1400
   940.0,4,11927,0,162,0.00,2.72,0.00,0.18,11,254.1,1400
   941.0,4,11927,0,162,0.00,2.72,0.00,0.18,11,255.4,1400
   942.0,4,11927,0,162,0.00,2.72,0.00,0.18,11,258.4,1400
   943.0,4,11927,0,162,0.00,2.72,0.00,0.18,11,259.8,1400
   944.0,4,11927,0,162,0.00,2.72,0.00,0.18,11,259.2,1400
   945.0,4,11927,0,162,0.00,2.72,0.00,0.18,11,258.2,1400
   946.0,4,11927,0,162,0.00,2.72,0.00,0.18,11,249.8,1400
   947.0,4,11927,0,162,0.00,2.72,0.00,0.18,11,245.2,1400
   948.0,4,11927,0,162,0.00,2.72,0.00,0.18,11,248.1,1400
   949.0,4,11927,0,162,0.00,2.72,0.00,0.17,11,249.1,1400
   950.0,4,11927,0,162,0.00,2.72,0.00,0.17,11,248.5,1400
   951.0,4,11927,0,162,0.00,2.72,0.00,0.17,11,249.8,1400
   952.0,4,11927,0,162,0.00,2.72,0.00,0.17,11,249.0,1400
   953.0,4,11927,0,162,0.00,2.72,0.00,0.17,11,250.0,1400
   954.0,4,11927,0,162,0.00,2.72,0.00,0.17,11,251.6,1400
   955.0,4,11927,0,162,0.00,2.72,0.00,0.17,11,250.8,1400
   956.0,4,11927,0,162,0.00,2.72,0.00,0.17,11,251.8,1400
   957.0,4,11927,0,162,0.00,2.72,0.00,0.17,11,251.5,1400
   958.0,4,11927,0,162,0.00,2.72,0.00,0.17,11,252.5,1400
   959.0,4,11927,0,162,0.00,2.72,0.00,0.17,11,253.9,1400
   960.0,4,11927,0,162,0.00,2.72,0.00,0.17,11,257.0,1400
   961.0,4,11927,0,162,0.00,2.72,0.00,0.17,11,256.6,1400
   962.0,4,11927,0,162,0.00,2.72,0.00,0.17,11,258.0,1400
   963.0,4,11927,0,162,0.00,2.72,0.00,0.17,11,258.9,1400
   964.0,4,11927,0,162,0.00,2.72,0.00,0.17,11,258.4,1400
   965.0,4,11927,0,162,0.00,2.72,0.00,0.17,11,252.2,1400
   966.0,4,11927,0,162,0.00,2.72,0.00,0.17,11,247.2,1400
   967.0,4,11927,0,162,0.00,2.72,0.00,0.17,11,250.2,1400
   968.0,4,11927,0,162,0.00,2.72,0.00,0.17,11,245.4,1400
   969.0,4,11927,0,162,0.00,2.72,0.00,0.17,11,246.6,1400
   970.0,4,11927,0,162,0.00,2.72,0.00,0.17,11,247.8,1400
   971.0,4,11927,0,162,0.00,2.72,0.00,0.17,11,247.4,1400
   972.0,4,11927,0,162,0.00,2.72,0.00,0.17,11,248.4,1400
   973.0,4,11927,0,162,0.00,2.72,0.00,0.17,11,249.5,1400
   974.0,4,11927,0,162,0.00,2.72,0.00,0.17,11,252.6,1400
   975.0,4,11927,0,162,0.00,2.72,0.00,0.17,11,252.2,1400
   976.0,4,11927,0,162,0.00,2.72,0.00,0.17,11,251.6,1400
   977.0,4,11927,0,162,0.00,2.72,0.00,0.17,11,252.4,1400
   978.0,4,11927,0,162,0.00,2.72,0.00,0.17,11,252.1,1400
   979.0,4,11927,0,162,0.00,2.72,0.00,0.17,11,253.3,1400
   980.0,4,11927,0,162,0.00,2.72,0.00,0.17,11,254.4,1400
   981.0,4,11927,0,162,0.00,2.72,0.00,0.17,11,257.8,1400
   982.0,4,11927,0,162,0.00,2.72,0.00,0.17,11,255.2,1400
   983.0,4,11927,0,162,0.00,2.72,0.00,0.17,11,256.4,1400
   984.0,4,11927,0,162,0.00,2.72,0.00,0.17,11,257.6,1400
   985.0,4,11927,0,162,0.00,2.72,0.00,0.17,11,259.2,1400
   986.0,4,11927,0,162,0.00,2.72,0.00,0.17,11,249.8,1400
   987.0,4,11927,0,162,0.00,2.72,0.00,0.17,11,248.0,1400
   988.0,4,11927,0,162,0.00,2.72,0.00,0.17,11,249.0,1400
   989.0,4,11927,0,162,0.00,2.72,0.00,0.17,11,245.9,1400
   990.0,4,11927,0,162,0.00,2.72,0.00,0.17,11,247.0,1400
   991.0,4,11927,0,162,0.00,2.72,0.00,0.17,11,248.4,1400
   992.0,4,11927,0,162,0.00,2.72,0.00,0.17,11,247.9,1400
   993.0,4,11927,0,162,0.00,2.72,0.00,0.17,11,249.1,1400
   994.0,4,11927,0,162,0.00,2.72,0.00,0.17,11,252.3,1400
   995.0,4,11927,0,162,0.00,2.72,0.00,0.17,11,251.3,1400
   996.0,4,11927,0,162,0.00,2.72,0.00,0.17,11,250.9,1400
   997.0,4,11927,0,162,0.00,2.72,0.00,0.17,11,252.0,1400
   998.0,4,11927,0,162,0.00,2.72,0.00,0.17,11,253.5,1400
   999.0,4,11927,0,162,0.00,2.72,0.00,0.17,11,252.8,1400
  1000.0,4,11927,0,162,0.00,2.72,0.00,0.17,11,255.9,1400
  1001.0,4,11927,0,162,0.00,2.72,0.00,0.17,11,257.3,1400
  1002.0,4,11927,0,162,0.00,2.72,0.00,0.17,11,258.2,1400
  1003.0,4,11927,0,162,0.00,2.72,0.00,0.17,11,255.8,1400
  1004.0,4,11927,0,162,0.00,2.72,0.00,0.17,11,257.1,1400
  1005.0,4,11927,0,162,0.00,2.72,0.00,0.17,11,260.2,1400
  1006.0,4,11927,0,162,0.00,2.72,0.00,0.17,11,253.9,1400
  1007.0,4,11927,0,162,0.00,2.72,0.00,0.16,11,248.6,1400
  1008.0,4,11927,0,162,0.00,2.72,0.00,0.16,11,249.4,1400
  1009.0,4,11927,0,162,0.00,2.72,0.00,0.16,11,248.2,1400
  1010.0,4,11927,0,162,0.00,2.72,0.00,0.16,11,247.6,1400
  1011.0,4,11927,0,162,0.00,2.72,0.00,0.16,11,247.6,1400
  1012.0,4,11927,0,162,0.00,2.72,0.00,0.16,11,250.5,1400
  1013.0,4,11927,0,162,0.00,2.72,0.00,0.16,11,250.3,1400
  1014.0,4,11927,0,162,0.00,2.72,0.00,0.16,11,251.3,1400
  1015.0,4,11927,0,162,0.00,2.72,0.00,0.16,11,252.5,1400
  1016.0,4,11927,0,162,0.00,2.72,0.00,0.16,11,251.7,1400
  1017.0,4,11927,0,162,0.00,2.72,0.00,0.16,11,251.1,1400
  1018.0,4,11927,0,162,0.00,2.72,0.00,0.16,11,252.5,1400
  1019.0,4,11927,0,162,0.00,2.72,0.00,0.16,11,253.5,1400
  1020.0,4,11927,0,162,0.00,2.72,0.00,0.16,11,253.2,1400
  1021.0,4,11927,0,162,0.00,2.72,0.00,0.16,11,254.5,1400
  1022.0,4,11927,0,162,0.00,2.72,0.00,0.16,11,255.7,1400
  1023.0,4,11927,0,162,0.00,2.72,0.00,0.16,11,256.8,1400
  1024.0,4,11927,0,162,0.00,2.72,0.00,0.16,11,258.4,1400
  1025.0,4,11927,0,162,0.00,2.72,0.00,0.16,11,259.4,1400
  1026.0,4,11927,0,162,0.00,2.72,0.00,0.16,11,254.2,1400
  1027.0,4,11927,0,162,0.00,2.72,0.00,0.16,11,247.0,1400
  1028.0,4,11927,0,162,0.00,2.72,0.00,0.16,11,248.0,1400
  1029.0,4,11927,0,162,0.00,2.72,0.00,0.16,11,246.8,1400
  1030.0,4,11927,0,162,0.00,2.72,0.00,0.16,11,247.8,1400
  1031.0,4,11927,0,162,0.00,2.72,0.00,0.16,11,249.3,1400
  1032.0,4,11927,0,162,0.00,2.72,0.00,0.16,11,248.3,1400
  1033.0,4,11927,0,162,0.00,2.72,0.00,0.16,11,249.3,1400
  1034.0,4,11927,0,162,0.00,2.72,0.00,0.16,11,249.1,1400
  1035.0,4,11927,0,162,0.00,2.72,0.00,0.16,11,250.1,1400
  1036.0,4,11927,0,162,0.00,2.72,0.00,0.16,11,253.2,1400
  1037.0,4,11927,0,162,0.00,2.72,0.00,0.16,11,254.6,1400
  1038.0,4,11927,0,162,0.00,2.72,0.00,0.16,11,253.9,1400
  1039.0,4,11927,0,162,0.00,2.72,0.00,0.16,11,255.1,1400
  1040.0,4,11927,0,162,0.00,2.72,0.00,0.16,11,254.2,1400
  1041.0,4,11927,0,162,0.00,2.72,0.00,0.16,11,255.9,1400
  1042.0,4,11927,0,162,0.00,2.72,0.00,0.16,11,254.8,1400
  1043.0,4,11927,0,162,0.00,2.72,0.00,0.16,11,256.2,1400
  1044.0,4,11927,0,162,0.00,2.72,0.00,0.16,11,257.3,1400
  1045.0,4,11927,0,162,0.00,2.72,0.00,0.16,11,258.8,1400
  1046.0,4,11927,0,162,0.00,2.72,0.00,0.16,11,258.1,1400
  1047.0,4,11927,0,162,0.00,2.72,0.00,0.16,11,249.4,1400
  1048.0,4,11927,0,162,0.00,2.72,0.00,0.16,11,246.7,1400
  1049.0,4,11927,0,162,0.00,2.72,0.00,0.16,11,249.7,1400
  1050.0,4,11927,0,162,0.00,2.72,0.00,0.16,11,250.7,1400
  1051.0,4,11927,0,162,0.00,2.72,0.00,0.16,11,249.9,1400
  1052.0,4,11927,0,162,0.00,2.72,0.00,0.16,11,249.5,1400
  1053.0,4,11927,0,162,0.00,2.72,0.00,0.16,11,248.5,1400
  1054.0,4,11927,0,162,0.00,2.72,0.00,0.16,11,249.8,1400
  1055.0,4,11927,0,162,0.00,2.72,0.00,0.16,11,249.2,1400
  1056.0,4,11927,0,162,0.00,2.72,0.00,0.16,11,250.4,1400
  1057.0,4,11927,0,162,0.00,2.72,0.00,0.16,11,251.7,1400
  1058.0,4,11927,0,162,0.00,2.72,0.00,0.16,11,254.7,1400
  1059.0,4,11927,0,162,0.00,2.72,0.00,0.16,11,252.4,1400
  1060.0,4,11927,0,162,0.00,2.72,0.00,0.16,11,253.7,1400
  1061.0,4,11927,0,162,0.00,2.72,0.00,0.16,11,254.6,1400
  1062.0,4,11927,0,162,0.00,2.72,0.00,0.16,11,256.4,1400
  1063.0,4,11927,0,162,0.00,2.72,0.00,0.16,11,255.4,1400
  1064.0,4,11927,0,162,0.00,2.72,0.00,0.16,11,258.7,1400
  1065.0,4,11927,0,162,0.00,2.72,0.00,0.16,11,259.9,1400
  1066.0,4,11927,0,162,0.00,2.72,0.00,0.16,11,257.3,1400
  1067.0,4,11927,0,162,0.00,2.72,0.00,0.16,11,250.9,1400
  1068.0,4,11927,0,162,0.00,2.72,0.00,0.16,11,247.9,1400
  1069.0,4,11927,0,162,0.00,2.72,0.00,0.16,11,247.2,1400
  1070.0,4,11927,0,162,0.00,2.72,0.00,0.16,11,246.8,1400
  1071.0,4,11927,0,162,0.00,2.72,0.00,0.15,11,249.4,1400
  1072.0,4,11927,0,162,0.00,2.72,0.00,0.15,11,248.4,1400
  1073.0,4,11927,0,162,0.00,2.72,0.00,0.15,11,247.6,1400
  1074.0,4,11927,0,162,0.00,2.72,0.00,0.15,11,249.0,1400
  1075.0,4,11927,0,162,0.00,2.72,0.00,0.15,11,250.1,1400
  1076.0,4,11927,0,162,0.00,2.72,0.00,0.15,11,251.7,1400
  1077.0,4,11927,0,162,0.00,2.72,0.00,0.15,11,252.9,1400
  1078.0,4,11927,0,162,0.00,2.72,0.00,0.15,11,254.1,1400
  1079.0,4,11927,0,162,0.00,2.72,0.00,0.15,11,255.3,1400
  1080.0,4,11927,0,162,0.00,2.72,0.00,0.15,11,252.8,1400
  1081.0,4,11927,0,162,0.00,2.72,0.00,0.15,11,254.2,1400
  1082.0,4,11927,0,162,0.00,2.72,0.00,0.15,11,257.3,1400
  1083.0,4,11927,0,162,0.00,2.72,0.00,0.15,11,254.8,1400
  1084.0,4,11927,0,162,0.00,2.72,0.00,0.15,11,258.0,1400
  1085.0,4,11927,0,162,0.00,2.72,0.00,0.15,11,257.1,1400
  1086.0,4,11927,0,162,0.00,2.72,0.00,0.15,11,258.4,1400
  1087.0,4,11927,0,162,0.00,2.72,0.00,0.15,11,251.7,1400
  1088.0,4,11927,0,162,0.00,2.72,0.00,0.15,11,249.2,1400
  1089.0,4,11927,0,162,0.00,2.72,0.00,0.15,11,249.7,1400
  1090.0,4,11927,0,162,0.00,2.72,0.00,0.15,11,249.3,1400
  1091.0,4,11927,0,162,0.00,2.72,0.00,0.15,11,248.6,1400
  1092.0,4,11927,0,162,0.00,2.72,0.00,0.15,11,247.9,1400
  1093.0,4,11927,0,162,0.00,2.72,0.00,0.15,11,248.9,1400
  1094.0,4,11927,0,162,0.00,2.72,0.00,0.15,11,248.4,1400
  1095.0,4,11927,0,162,0.00,2.72,0.00,0.15,11,251.7,1400
  1096.0,4,11927,0,162,0.00,2.72,0.00,0.15,11,250.9,1400
  1097.0,4,11927,0,162,0.00,2.72,0.00,0.15,11,252.5,1400
  1098.0,4,11927,0,162,0.00,2.72,0.00,0.15,11,251.5,1400
  1099.0,4,11927,0,162,0.00,2.72,0.00,0.15,11,252.6,1400
  1100.0,4,11927,0,162,0.00,2.72,0.00,0.15,11,254.0,1400
  1101.0,4,11927,0,162,0.00,2.72,0.00,0.15,11,255.4,1400
  1102.0,4,11927,0,162,0.00,2.72,0.00,0.15,11,256.7,1400
  1103.0,4,11927,0,162,0.00,2.72,0.00,0.15,11,257.8,1400
  1104.0,4,11927,0,162,0.00,2.72,0.00,0.15,11,255.4,1400
  1105.0,4,11927,0,162,0.00,2.72,0.00,0.15,11,258.5,1400
  1106.0,4,11927,0,162,0.00,2.72,0.00,0.15,11,257.6,1400
  1107.0,4,11927,0,162,0.00,2.72,0.00,0.15,11,259.0,1400
  1108.0,4,11927,0,162,0.00,2.72,0.00,0.15,11,254.6,1400
  1109.0,4,11927,0,162,0.00,2.72,0.00,0.15,11,245.3,1400
  1110.0,4,11927,0,162,0.00,2.72,0.00,0.15,11,248.1,1400
  1111.0,4,11927,0,162,0.00,2.72,0.00,0.15,11,245.7,1400
  1112.0,4,11927,0,162,0.00,2.72,0.00,0.15,11,246.9,1400
  1113.0,4,11927,0,162,0.00,2.72,0.00,0.15,11,247.9,1400
  1114.0,4,11927,0,162,0.00,2.72,0.00,0.15,11,251.3,1400
  1115.0,4,11927,0,162,0.00,2.72,0.00,0.15,11,250.8,1400
  1116.0,4,11927,0,162,0.00,2.72,0.00,0.15,11,251.7,1400
  1117.0,4,11927,0,162,0.00,2.72,0.00,0.15,11,252.9,1400
  1118.0,4,11927,0,162,0.00,2.72,0.00,0.15,11,250.9,1400
  1119.0,4,11927,0,162,0.00,2.72,0.00,0.15,11,251.6,1400
  1120.0,4,11927,0,162,0.00,2.72,0.00,0.15,11,252.9,1400
  1121.0,4,11927,0,162,0.00,2.72,0.00,0.15,11,256.2,1400
  1122.0,4,11927,0,162,0.00,2.72,0.00,0.15,11,255.6,1400
  1123.0,4,11927,0,162,0.00,2.72,0.00,0.15,11,254.8,1400
  1124.0,4,11927,0,162,0.00,2.72,0.00,0.15,11,255.8,1400
  1125.0,4,11927,0,162,0.00,2.72,0.00,0.15,11,255.5,1400
  1126.0,4,11927,0,162,0.00,2.72,0.00,0.15,11,258.9,1400
  1127.0,4,11927,0,162,0.00,2.72,0.00,0.15,11,259.7,1400
  1128.0,4,11927,0,162,0.00,2.72,0.00,0.15,11,255.5,1400
  1129.0,4,11927,0,162,0.00,2.72,0.00,0.15,11,248.2,1400
  1130.0,4,11927,0,162,0.00,2.72,0.00,0.15,11,247.1,1400
  1131.0,4,11927,0,162,0.00,2.72,0.00,0.15,11,248.0,1400
  1132.0,4,11927,0,162,0.00,2.72,0.00,0.15,11,247.4,1400
  1133.0,4,11927,0,162,0.00,2.72,0.00,0.15,11,250.3,1400
  1134.0,4,11927,0,162,0.00,2.72,0.00,0.15,11,248.4,1400
  1135.0,4,11927,0,162,0.00,2.72,0.00,0.15,11,251.4,1400
  1136.0,4,11927,0,162,0.00,2.72,0.00,0.15,11,249.0,1400
  1137.0,4,11927,0,162,0.00,2.72,0.00,0.15,11,250.1,1400
  1138.0,4,11927,0,162,0.00,2.72,0.00,0.15,11,251.1,1400
  1139.0,4,11927,0,162,0.00,2.72,0.00,0.15,11,252.9,1400
  1140.0,4,11927,0,162,0.00,2.72,0.00,0.15,11,254.1,1400
  1141.0,4,11927,0,162,0.00,2.72,0.00,0.15,11,255.2,1400
  1142.0,4,11927,0,162,0.00,2.72,0.00,0.15,11,256.7,1400
  1143.0,4,11927,0,162,0.00,2.72,0.00,0.15,11,253.9,1400
  1144.0,4,11927,0,162,0.00,2.72,0.00,0.15,11,255.0,1400
  1145.0,4,11927,0,162,0.00,2.72,0.00,0.14,11,256.4,1400
  1146.0,4,11927,0,162,0.00,2.72,0.00,0.14,11,256.1,1400
  1147.0,4,11927,0,162,0.00,2.72,0.00,0.14,11,257.3,1400
  1148.0,4,11927,0,162,0.00,2.72,0.00,0.14,11,253.0,1400
  1149.0,4,11927,0,162,0.00,2.72,0.00,0.14,11,247.7,1400
  1150.0,4,11927,0,162,0.00,2.72,0.00,0.14,11,245.4,1400
  1151.0,4,11927,0,162,0.00,2.72,0.00,0.14,11,248.3,1400
  1152.0,4,11927,0,162,0.00,2.72,0.00,0.14,11,249.3,1400
  1153.0,4,11927,0,162,0.00,2.72,0.00,0.14,11,248.7,1400
  1154.0,4,11927,0,162,0.00,2.72,0.00,0.14,11,249.9,1400
  1155.0,4,11927,0,162,0.00,2.72,0.00,0.14,11,249.0,1400
  1156.0,4,11927,0,162,0.00,2.72,0.00,0.14,11,250.2,1400
  1157.0,4,11927,0,162,0.00,2.72,0.00,0.14,11,249.8,1400
  1158.0,4,11927,0,162,0.00,2.72,0.00,0.14,11,250.9,1400
  1159.0,4,11927,0,162,0.00,2.72,0.00,0.14,11,252.2,1400
  1160.0,4,11927,0,162,0.00,2.72,0.00,0.14,11,253.6,1400
  1161.0,4,11927,0,162,0.00,2.72,0.00,0.14,11,252.8,1400
  1162.0,4,11927,0,162,0.00,2.72,0.00,0.14,11,254.0,1400
  1163.0,4,11927,0,162,0.00,2.72,0.00,0.14,11,255.1,1400
  1164.0,4,11927,0,162,0.00,2.72,0.00,0.14,11,254.8,1400
  1165.0,4,11927,0,162,0.00,2.72,0.00,0.14,11,257.9,1400
  1166.0,4,11927,0,162,0.00,2.72,0.00,0.14,11,259.1,1400
  1167.0,4,11927,0,162,0.00,2.72,0.00,0.14,11,256.6,1400
  1168.0,4,11927,0,162,0.00,2.72,0.00,0.14,11,257.5,1400
  1169.0,4,11927,0,162,0.00,2.72,0.00,0.14,11,253.2,1400
  1170.0,4,11927,0,162,0.00,2.72,0.00,0.14,11,249.4,1400
  1171.0,4,11927,0,162,0.00,2.72,0.00,0.14,11,248.3,1400
  1172.0,4,11927,0,162,0.00,2.72,0.00,0.14,11,251.0,1400
  1173.0,4,11927,0,162,0.00,2.72,0.00,0.14,11,249.8,1400
  1174.0,4,11927,0,162,0.00,2.72,0.00,0.14,11,247.6,1400
  1175.0,4,11927,0,162,0.00,2.72,0.00,0.14,11,248.5,1400
  1176.0,4,11927,0,162,0.00,2.72,0.00,0.14,11,251.3,1400
  1177.0,4,11927,0,162,0.00,2.72,0.00,0.14,11,250.6,1400
  1178.0,4,11927,0,162,0.00,2.72,0.00,0.14,11,252.3,1400
  1179.0,4,11927,0,162,0.00,2.72,0.00,0.14,11,253.3,1400
  1180.0,4,11927,0,162,0.00,2.72,0.00,0.14,11,254.4,1400
  1181.0,4,11927,0,162,0.00,2.72,0.00,0.14,11,254.0,1400
  1182.0,4,11927,0,162,0.00,2.72,0.00,0.14,11,253.2,1400
  1183.0,4,11927,0,162,0.00,2.72,0.00,0.14,11,254.3,1400
  1184.0,4,11927,0,162,0.00,2.72,0.00,0.14,11,255.7,1400
  1185.0,4,11927,0,162,0.00,2.72,0.00,0.14,11,255.2,1400
  1186.0,4,11927,0,162,0.00,2.72,0.00,0.14,11,256.3,1400
  1187.0,4,11927,0,162,0.00,2.72,0.00,0.14,11,257.7,1400
  1188.0,4,11927,0,162,0.00,2.72,0.00,0.14,11,257.1,1400
  1189.0,4,11927,0,162,0.00,2.72,0.00,0.14,11,251.6,1400
  1190.0,4,11927,0,162,0.00,2.72,0.00,0.14,11,252.6,1400
  1191.0,4,11927,0,162,0.00,2.72,0.00,0.14,11,249.9,1400
  1192.0,4,11927,0,162,0.00,2.72,0.00,0.14,11,249.0,1400
  1193.0,4,11927,0,162,0.00,2.72,0.00,0.14,11,249.5,1400
  1194.0,4,11927,0,162,0.00,2.72,0.00,0.14,11,248.4,1400
  1195.0,4,11927,0,162,0.00,2.72,0.00,0.14,11,248.0,1400
  1196.0,4,11927,0,162,0.00,2.72,0.00,0.14,11,249.0,1400
  1197.0,4,11927,0,162,0.00,2.72,0.00,0.14,11,250.2,1400
  1198.0,4,11927,0,162,0.00,2.72,0.00,0.14,11,253.5,1400
  1199.0,4,11927,0,162,0.00,2.72,0.00,0.14,11,250.9,1400
  1200.0,4,11927,0,162,0.00,2.72,0.00,0.14,11,251.9,1400
  1201.0,4,11927,0,162,0.00,2.72,0.00,0.14,11,253.3,1400
  1202.0,4,11927,0,162,0.00,2.72,0.00,0.14,11,255.0,1400
  1203.0,4,11927,0,162,0.00,2.72,0.00,0.14,11,256.1,1400
  1204.0,4,11927,0,162,0.00,2.72,0.00,0.14,11,257.1,1400
  1205.0,4,11927,0,162,0.00,2.72,0.00,0.14,11,258.6,1400
  1206.0,4,11927,0,162,0.00,2.72,0.00,0.14,11,255.9,1400
  1207.0,4,11927,0,162,0.00,2.72,0.00,0.14,11,259.2,1400
  1208.0,4,11927,0,162,0.00,2.72,0.00,0.14,11,258.3,1400
  1209.0,4,11927,0,162,0.00,2.72,0.00,0.14,11,249.5,1400
  1210.0,4,11927,0,162,0.00,2.72,0.00,0.14,11,251.3,1400
  1211.0,4,11927,0,162,0.00,2.72,0.00,0.14,11,251.9,1400
  1212.0,4,11927,0,162,0.00,2.72,0.00,0.14,11,247.4,1400
  1213.0,4,11927,0,162,0.00,2.72,0.00,0.14,11,247.3,1400
  1214.0,4,11927,0,162,0.00,2.72,0.00,0.14,11,248.5,1400
  1215.0,4,11927,0,162,0.00,2.72,0.00,0.14,11,251.8,1400
  1216.0,4,11927,0,162,0.00,2.72,0.00,0.14,11,251.3,1400
  1217.0,4,11927,0,162,0.00,2.72,0.00,0.14,11,252.4,1400
  1218.0,4,11927,0,162,0.00,2.72,0.00,0.14,11,253.6,1400
  1219.0,4,11927,0,162,0.00,2.72,0.00,0.14,11,252.8,1400
  1220.0,4,11927,0,162,0.00,2.72,0.00,0.14,11,252.3,1400
  1221.0,4,11927,0,162,0.00,2.72,0.00,0.14,11,253.6,1400
  1222.0,4,11927,0,162,0.00,2.72,0.00,0.14,11,254.7,1400
  1223.0,4,11927,0,162,0.00,2.72,0.00,0.14,11,254.3,1400
  1224.0,4,11927,0,162,0.00,2.72,0.00,0.14,11,257.3,1400
  1225.0,4,11927,0,162,0.00,2.72,0.00,0.14,11,258.6,1400
  1226.0,4,11927,0,162,0.00,2.72,0.00,0.14,11,257.6,1400
  1227.0,4,11927,0,162,0.00,2.72,0.00,0.14,11,257.3,1400
  1228.0,4,11927,0,162,0.00,2.72,0.00,0.14,11,258.3,1400
  1229.0,4,11927,0,162,0.00,2.72,0.00,0.14,11,261.9,1400
  1230.0,4,11927,0,162,0.00,2.72,0.00,0.13,11,246.8,1400
  1231.0,4,11927,0,162,0.00,2.72,0.00,0.13,11,249.2,1400
  1232.0,4,11927,0,162,0.00,2.72,0.00,0.13,11,248.0,1400
  1233.0,4,11927,0,162,0.00,2.72,0.00,0.13,11,248.6,1400
  1234.0,4,11927,0,162,0.00,2.72,0.00,0.13,11,247.9,1400
  1235.0,4,11927,0,162,0.00,2.72,0.00,0.13,11,249.1,1400
  1236.0,4,11927,0,162,0.00,2.72,0.00,0.13,11,252.1,1400
  1237.0,4,11927,0,162,0.00,2.72,0.00,0.13,11,251.8,1400
  1238.0,4,11927,0,162,0.00,2.72,0.00,0.13,11,251.0,1400
  1239.0,4,11927,0,162,0.00,2.72,0.00,0.13,11,252.2,1400
  1240.0,4,11927,0,162,0.00,2.72,0.00,0.13,11,253.5,1400
  1241.0,4,11927,0,162,0.00,2.72,0.00,0.13,11,255.0,1400
  1242.0,4,11927,0,162,0.00,2.72,0.00,0.13,11,256.0,1400
  1243.0,4,11927,0,162,0.00,2.72,0.00,0.13,11,257.2,1400
  1244.0,4,11927,0,162,0.00,2.72,0.00,0.13,11,254.9,1400
  1245.0,4,11927,0,162,0.00,2.72,0.00,0.13,11,257.9,1400
  1246.0,4,11927,0,162,0.00,2.72,0.00,0.13,11,257.1,1400
  1247.0,4,11927,0,162,0.00,2.72,0.00,0.13,11,258.3,1400
  1248.0,4,11927,0,162,0.00,2.72,0.00,0.13,11,259.8,1400
  1249.0,4,11927,0,162,0.00,2.72,0.00,0.13,11,260.8,1400
  1250.0,4,11927,0,162,0.00,2.72,0.00,0.13,11,250.4,1400
  1251.0,4,11927,0,162,0.00,2.72,0.00,0.13,11,247.7,1400
  1252.0,4,11927,0,162,0.00,2.72,0.00,0.13,11,246.4,1400
  1253.0,4,11927,0,162,0.00,2.72,0.00,0.13,11,247.8,1400
  1254.0,4,11927,0,162,0.00,2.72,0.00,0.13,11,250.7,1400
  1255.0,4,11927,0,162,0.00,2.72,0.00,0.13,11,250.3,1400
  1256.0,4,11927,0,162,0.00,2.72,0.00,0.13,11,249.6,1400
  1257.0,4,11927,0,162,0.00,2.72,0.00,0.13,11,252.9,1400
  1258.0,4,11927,0,162,0.00,2.72,0.00,0.13,11,250.1,1400
  1259.0,4,11927,0,162,0.00,2.72,0.00,0.13,11,251.3,1400
  1260.0,4,11927,0,162,0.00,2.72,0.00,0.13,11,252.6,1400
  1261.0,4,11927,0,162,0.00,2.72,0.00,0.13,11,253.7,1400
  1262.0,4,11927,0,162,0.00,2.72,0.00,0.13,11,255.4,1400
  1263.0,4,11927,0,162,0.00,2.72,0.00,0.13,11,256.4,1400
  1264.0,4,11927,0,162,0.00,2.72,0.00,0.13,11,255.5,1400
  1265.0,4,11927,0,162,0.00,2.72,0.00,0.13,11,255.2,1400
  1266.0,4,11927,0,162,0.00,2.72,0.00,0.13,11,258.5,1400
  1267.0,4,11927,0,162,0.00,2.72,0.00,0.13,11,259.3,1400
  1268.0,4,11927,0,162,0.00,2.72,0.00,0.13,11,260.6,1400
  1269.0,4,11927,0,162,0.00,2.72,0.00,0.13,11,260.3,1400
  1270.0,4,11927,0,162,0.00,2.72,0.00,0.13,11,254.5,1400
  1271.0,4,11927,0,162,0.00,2.72,0.00,0.13,11,251.6,1400
  1272.0,4,11927,0,162,0.00,2.72,0.00,0.13,11,250.1,1400
  1273.0,4,11927,0,162,0.00,2.72,0.00,0.13,11,250.8,1400
  1274.0,4,11927,0,162,0.00,2.72,0.00,0.13,11,251.3,1400
  1275.0,4,11927,0,162,0.00,2.72,0.00,0.13,11,251.0,1400
  1276.0,4,11927,0,162,0.00,2.72,0.00,0.13,11,248.5,1400
  1277.0,4,11927,0,162,0.00,2.72,0.00,0.13,11,249.8,1400
  1278.0,4,11927,0,162,0.00,2.72,0.00,0.13,11,250.8,1400
  1279.0,4,11927,0,162,0.00,2.72,0.00,0.13,11,252.3,1400
  1280.0,4,11927,0,162,0.00,2.72,0.00,0.13,11,253.5,1400
  1281.0,4,11927,0,162,0.00,2.72,0.00,0.13,11,254.5,1400
  1282.0,4,11927,0,162,0.00,2.72,0.00,0.13,11,255.8,1400
  1283.0,4,11927,0,162,0.00,2.72,0.00,0.13,11,255.2,1400
  1284.0,4,11927,0,162,0.00,2.72,0.00,0.13,11,254.5,1400
  1285.0,4,11927,0,162,0.00,2.72,0.00,0.13,11,255.6,1400
  1286.0,4,11927,0,162,0.00,2.72,0.00,0.13,11,255.0,1400
  1287.0,4,11927,0,162,0.00,2.72,0.00,0.13,11,258.3,1400
  1288.0,4,11927,0,162,0.00,2.72,0.00,0.13,11,259.4,1400
  1289.0,4,11927,0,162,0.00,2.72,0.00,0.13,11,258.6,1400
  1290.0,4,11927,0,162,0.00,2.72,0.00,0.13,11,258.0,1400
  1291.0,4,11927,0,162,0.00,2.72,0.00,0.13,11,250.6,1400
  1292.0,4,11927,0,162,0.00,2.72,0.00,0.13,11,252.8,1400
  1293.0,4,11927,0,162,0.00,2.72,0.00,0.13,11,247.7,1400
  1294.0,4,11927,0,162,0.00,2.72,0.00,0.13,11,250.6,1400
  1295.0,4,11927,0,162,0.00,2.72,0.00,0.13,11,251.6,1400
  1296.0,4,11927,0,162,0.00,2.72,0.00,0.13,11,249.3,1400
  1297.0,4,11927,0,162,0.00,2.72,0.00,0.13,11,248.5,1400
  1298.0,4,11927,0,162,0.00,2.72,0.00,0.13,11,249.8,1400
  1299.0,4,11927,0,162,0.00,2.72,0.00,0.13,11,251.1,1400
  1300.0,4,11927,0,162,0.00,2.72,0.00,0.13,11,250.5,1400
  1301.0,4,11927,0,162,0.00,2.72,0.00,0.13,11,251.6,1400
  1302.0,4,11927,0,162,0.00,2.72,0.00,0.13,11,252.9,1400
  1303.0,4,11927,0,162,0.00,2.72,0.00,0.13,11,254.1,1400
  1304.0,4,11927,0,162,0.00,2.72,0.00,0.13,11,253.6,1400
  1305.0,4,11927,0,162,0.00,2.72,0.00,0.13,11,256.9,1400
  1306.0,4,11927,0,162,0.00,2.72,0.00,0.13,11,257.8,1400
  1307.0,4,11927,0,162,0.00,2.72,0.00,0.13,11,257.5,1400
  1308.0,4,11927,0,162,0.00,2.72,0.00,0.13,11,258.7,1400
  1309.0,4,11927,0,162,0.00,2.72,0.00,0.13,11,257.7,1400
  1310.0,4,11927,0,162,0.00,2.72,0.00,0.13,11,259.0,1400
  1311.0,4,11927,0,162,0.00,2.72,0.00,0.13,11,252.8,1400
  1312.0,4,11927,0,162,0.00,2.72,0.00,0.13,11,249.2,1400
  1313.0,4,11927,0,162,0.00,2.72,0.00,0.13,11,250.2,1400
  1314.0,4,11927,0,162,0.00,2.72,0.00,0.13,11,248.9,1400
  1315.0,4,11927,0,162,0.00,2.72,0.00,0.13,11,248.1,1400
  1316.0,4,11927,0,162,0.00,2.72,0.00,0.13,11,248.8,1400
  1317.0,4,11927,0,162,0.00,2.72,0.00,0.13,11,249.3,1400
  1318.0,4,11927,0,162,0.00,2.72,0.00,0.13,11,248.6,1400
  1319.0,4,11927,0,162,0.00,2.72,0.00,0.13,11,249.9,1400
  1320.0,4,11927,0,162,0.00,2.72,0.00,0.13,11,253.1,1400
  1321.0,4,11927,0,162,0.00,2.72,0.00,0.13,11,252.9,1400
  1322.0,4,11927,0,162,0.00,2.72,0.00,0.13,11,252.0,1400
  1323.0,4,11927,0,162,0.00,2.72,0.00,0.13,11,255.0,1400
  1324.0,4,11927,0,162,0.00,2.72,0.00,0.13,11,254.5,1400
  1325.0,4,11927,0,162,0.00,2.72,0.00,0.13,11,254.0,1400
  1326.0,4,11927,0,162,0.00,2.72,0.00,0.13,11,255.2,1400
  1327.0,4,11927,0,162,0.00,2.72,0.00,0.13,11,256.2,1400
  1328.0,4,11927,0,162,0.00,2.72,0.00,0.13,11,255.9,1400
  1329.0,4,11927,0,162,0.00,2.72,0.00,0.12,11,257.1,1400
  1330.0,4,11927,0,162,0.00,2.72,0.00,0.12,11,257.9,1400
  1331.0,4,11927,0,162,0.00,2.72,0.00,0.12,11,253.9,1400
  1332.0,4,11927,0,162,0.00,2.72,0.00,0.12,11,246.4,1400
  1333.0,4,11927,0,162,0.00,2.72,0.00,0.12,11,249.4,1400
  1334.0,4,11927,0,162,0.00,2.72,0.00,0.12,11,250.0,1400
  1335.0,4,11927,0,162,0.00,2.72,0.00,0.12,11,248.4,1400
  1336.0,4,11927,0,162,0.00,2.72,0.00,0.12,11,249.5,1400
  1337.0,4,11927,0,162,0.00,2.72,0.00,0.12,11,248.6,1400
  1338.0,4,11927,0,162,0.00,2.72,0.00,0.12,11,249.7,1400
  1339.0,4,11927,0,162,0.00,2.72,0.00,0.12,11,249.5,1400
  1340.0,4,11927,0,162,0.00,2.72,0.00,0.12,11,250.6,1400
  1341.0,4,11927,0,162,0.00,2.72,0.00,0.12,11,251.7,1400
  1342.0,4,11927,0,162,0.00,2.72,0.00,0.12,11,251.4,1400
  1343.0,4,11927,0,162,0.00,2.72,0.00,0.12,11,252.5,1400
  1344.0,4,11927,0,162,0.00,2.72,0.00,0.12,11,253.5,1400
  1345.0,4,11927,0,162,0.00,2.72,0.00,0.12,11,256.8,1400
  1346.0,4,11927,0,162,0.00,2.72,0.00,0.12,11,256.3,1400
  1347.0,4,11927,0,162,0.00,2.72,0.00,0.12,11,257.4,1400
  1348.0,4,11927,0,162,0.00,2.72,0.00,0.12,11,256.5,1400
  1349.0,4,11927,0,162,0.00,2.72,0.00,0.12,11,256.2,1400
  1350.0,4,11927,0,162,0.00,2.72,0.00,0.12,11,257.4,1400
  1351.0,4,11927,0,162,0.00,2.72,0.00,0.12,11,258.5,1400
  1352.0,4,11927,0,162,0.00,2.72,0.00,0.12,11,251.2,1400
  1353.0,4,11927,0,162,0.00,2.72,0.00,0.12,11,247.5,1400
  1354.0,4,11927,0,162,0.00,2.72,0.00,0.12,11,248.5,1400
  1355.0,4,11927,0,162,0.00,2.72,0.00,0.12,11,247.5,1400
  1356.0,4,11927,0,162,0.00,2.72,0.00,0.12,11,247.0,1400
  1357.0,4,11927,0,162,0.00,2.72,0.00,0.12,11,249.9,1400
  1358.0,4,11927,0,162,0.00,2.72,0.00,0.12,11,251.0,1400
  1359.0,4,11927,0,162,0.00,2.72,0.00,0.12,11,252.1,1400
  1360.0,4,11927,0,162,0.00,2.72,0.00,0.12,11,251.7,1400
  1361.0,4,11927,0,162,0.00,2.72,0.00,0.12,11,253.0,1400
  1362.0,4,11927,0,162,0.00,2.72,0.00,0.12,11,252.1,1400
  1363.0,4,11927,0,162,0.00,2.72,0.00,0.12,11,251.5,1400
  1364.0,4,11927,0,162,0.00,2.72,0.00,0.12,11,252.7,1400
  1365.0,4,11927,0,162,0.00,2.72,0.00,0.12,11,255.9,1400
  1366.0,4,11927,0,162,0.00,2.72,0.00,0.12,11,257.1,1400
  1367.0,4,11927,0,162,0.00,2.72,0.00,0.12,11,254.5,1400
  1368.0,4,11927,0,162,0.00,2.72,0.00,0.12,11,255.9,1400
  1369.0,4,11927,0,162,0.00,2.72,0.00,0.12,11,258.9,1400
  1370.0,4,11927,0,162,0.00,2.72,0.00,0.12,11,258.5,1400
  1371.0,4,11927,0,162,0.00,2.72,0.00,0.12,11,259.8,1400
  1372.0,4,11927,0,162,0.00,2.72,0.00,0.12,11,260.7,1400
  1373.0,4,11927,0,162,0.00,2.72,0.00,0.12,11,252.4,1400
  1374.0,4,11927,0,162,0.00,2.72,0.00,0.12,11,245.8,1400
  1375.0,4,11927,0,162,0.00,2.72,0.00,0.12,11,246.3,1400
  1376.0,4,11927,0,162,0.00,2.72,0.00,0.12,11,249.5,1400
  1377.0,4,11927,0,162,0.00,2.72,0.00,0.12,11,248.7,1400
  1378.0,4,11927,0,162,0.00,2.72,0.00,0.12,11,247.9,1400
  1379.0,4,11927,0,162,0.00,2.72,0.00,0.12,11,249.0,1400
  1380.0,4,11927,0,162,0.00,2.72,0.00,0.12,11,250.3,1400
  1381.0,4,11927,0,162,0.00,2.72,0.00,0.12,11,250.1,1400
  1382.0,4,11927,0,162,0.00,2.72,0.00,0.12,11,253.2,1400
  1383.0,4,11927,0,162,0.00,2.72,0.00,0.12,11,254.3,1400
  1384.0,4,11927,0,162,0.00,2.72,0.00,0.12,11,253.8,1400
  1385.0,4,11927,0,162,0.00,2.72,0.00,0.12,11,254.9,1400
  1386.0,4,11927,0,162,0.00,2.72,0.00,0.12,11,254.3,1400
  1387.0,4,11927,0,162,0.00,2.72,0.00,0.12,11,255.4,1400
  1388.0,4,11927,0,162,0.00,2.72,0.00,0.12,11,255.0,1400
  1389.0,4,11927,0,162,0.00,2.72,0.00,0.12,11,256.1,1400
  1390.0,4,11927,0,162,0.00,2.72,0.00,0.12,11,259.2,1400
  1391.0,4,11927,0,162,0.00,2.72,0.00,0.12,11,259.0,1400
  1392.0,4,11927,0,162,0.00,2.72,0.00,0.12,11,257.9,1400
  1393.0,4,11927,0,162,0.00,2.72,0.00,0.12,11,250.1,1400
  1394.0,4,11927,0,162,0.00,2.72,0.00,0.12,11,249.1,1400
  1395.0,4,11927,0,162,0.00,2.72,0.00,0.12,11,245.8,1400
  1396.0,4,11927,0,162,0.00,2.72,0.00,0.12,11,248.9,1400
  1397.0,4,11927,0,162,0.00,2.72,0.00,0.12,11,249.7,1400
  1398.0,4,11927,0,162,0.00,2.72,0.00,0.12,11,247.6,1400
  1399.0,4,11927,0,162,0.00,2.72,0.00,0.12,11,248.6,1400
  1400.0,4,11927,0,162,0.00,2.72,0.00,0.12,11,249.9,1400
  1401.0,4,11927,0,162,0.00,2.72,0.00,0.12,11,251.1,1400
  1402.0,4,11927,0,162,0.00,2.72,0.00,0.12,11,250.7,1400
  1403.0,4,11927,0,162,0.00,2.72,0.00,0.12,11,253.5,1400
  1404.0,4,11927,0,162,0.00,2.72,0.00,0.12,11,254.9,1400
  1405.0,4,11927,0,162,0.00,2.72,0.00,0.12,11,252.5,1400
  1406.0,4,11927,0,162,0.00,2.72,0.00,0.12,11,253.4,1400
  1407.0,4,11927,0,162,0.00,2.72,0.00,0.12,11,256.8,1400
  1408.0,4,11927,0,162,0.00,2.72,0.00,0.12,11,257.8,1400
  1409.0,4,11927,0,162,0.00,2.72,0.00,0.12,11,257.5,1400
  1410.0,4,11927,0,162,0.00,2.72,0.00,0.12,11,258.5,1400
  1411.0,4,11927,0,162,0.00,2.72,0.00,0.12,11,257.8,1400
  1412.0,4,11927,0,162,0.00,2.72,0.00,0.12,11,257.5,1400
  1413.0,4,11927,0,162,0.00,2.72,0.00,0.12,11,248.1,1400
  1414.0,4,11927,0,162,0.00,2.72,0.00,0.12,11,247.1,1400
  1415.0,4,11927,0,162,0.00,2.72,0.00,0.12,11,249.8,1400
  1416.0,4,11927,0,162,0.00,2.72,0.00,0.12,11,247.1,1400
  1417.0,4,11927,0,162,0.00,2.72,0.00,0.12,11,247.5,1400
  1418.0,4,11927,0,162,0.00,2.72,0.00,0.12,11,248.8,1400
  1419.0,4,11927,0,162,0.00,2.72,0.00,0.12,11,248.2,1400
  1420.0,4,11927,0,162,0.00,2.72,0.00,0.12,11,251.2,1400
  1421.0,4,11927,0,162,0.00,2.72,0.00,0.12,11,252.7,1400
  1422.0,4,11927,0,162,0.00,2.72,0.00,0.12,11,253.6,1400
  1423.0,4,11927,0,162,0.00,2.72,0.00,0.12,11,253.2,1400
  1424.0,4,11927,0,162,0.00,2.72,0.00,0.12,11,252.5,1400
  1425.0,4,11927,0,162,0.00,2.72,0.00,0.12,11,253.3,1400
  1426.0,4,11927,0,162,0.00,2.72,0.00,0.12,11,253.2,1400
  1427.0,4,11927,0,162,0.00,2.72,0.00,0.12,11,254.4,1400
  1428.0,4,11927,0,162,0.00,2.72,0.00,0.12,11,257.4,1400
  1429.0,4,11927,0,162,0.00,2.72,0.00,0.12,11,258.6,1400
  1430.0,4,11927,0,162,0.00,2.72,0.00,0.12,11,258.1,1400
  1431.0,4,11927,0,162,0.00,2.72,0.00,0.12,11,257.3,1400
  1432.0,4,11927,0,162,0.00,2.72,0.00,0.12,11,258.6,1400
  1433.0,4,11927,0,162,0.00,2.72,0.00,0.12,11,254.4,1400
  1434.0,4,11927,0,162,0.00,2.72,0.00,0.12,11,249.7,1400
  1435.0,4,11927,0,162,0.00,2.72,0.00,0.12,11,248.3,1400
  1436.0,4,11927,0,162,0.00,2.72,0.00,0.12,11,249.1,1400
  1437.0,4,11927,0,162,0.00,2.72,0.00,0.12,11,246.8,1400
  1438.0,4,11927,0,162,0.00,2.72,0.00,0.12,11,247.8,1400
  1439.0,4,11927,0,162,0.00,2.72,0.00,0.12,11,249.1,1400
  1440.0,4,11927,0,162,0.00,2.72,0.00,0.12,11,248.6,1400
  1441.0,4,11927,0,162,0.00,2.72,0.00,0.12,11,252.0,1400
  1442.0,4,11927,0,162,0.00,2.72,0.00,0.12,11,253.1,1400
  1443.0,4,11927,0,162,0.00,2.72,0.00,0.12,11,252.3,1400
  1444.0,4,11927,0,162,0.00,2.72,0.00,0.11,11,251.6,1400
  1445.0,4,11927,0,162,0.00,2.72,0.00,0.11,11,254.8,1400
  1446.0,4,11927,0,162,0.00,2.72,0.00,0.11,11,256.2,1400
  1447.0,4,11927,0,162,0.00,2.72,0.00,0.11,11,255.5,1400
  1448.0,4,11927,0,162,0.00,2.72,0.00,0.11,11,256.8,1400
  1449.0,4,11927,0,162,0.00,2.72,0.00,0.11,11,257.9,1400
  1450.0,4,11927,0,162,0.00,2.72,0.00,0.11,11,257.0,1400
  1451.0,4,11927,0,162,0.00,2.72,0.00,0.11,11,256.6,1400
  1452.0,4,11927,0,162,0.00,2.72,0.00,0.11,11,257.9,1400
  1453.0,4,11927,0,162,0.00,2.72,0.00,0.11,11,253.5,1400
  1454.0,4,11927,0,162,0.00,2.72,0.00,0.11,11,247.6,1400
  1455.0,4,11927,0,162,0.00,2.72,0.00,0.11,11,248.4,1400
  1456.0,4,11927,0,162,0.00,2.72,0.00,0.11,11,249.2,1400
  1457.0,4,11927,0,162,0.00,2.72,0.00,0.11,11,247.8,1400
  1458.0,4,11927,0,162,0.00,2.72,0.00,0.11,11,249.2,1400
  1459.0,4,11927,0,162,0.00,2.72,0.00,0.11,11,248.4,1400
  1460.0,4,11927,0,162,0.00,2.72,0.00,0.11,11,251.4,1400
  1461.0,4,11927,0,162,0.00,2.72,0.00,0.11,11,251.1,1400
  1462.0,4,11927,0,162,0.00,2.72,0.00,0.11,11,250.3,1400
  1463.0,4,11927,0,162,0.00,2.72,0.00,0.11,11,251.5,1400
  1464.0,4,11927,0,162,0.00,2.72,0.00,0.11,11,252.3,1400
  1465.0,4,11927,0,162,0.00,2.72,0.00,0.11,11,254.3,1400
  1466.0,4,11927,0,162,0.00,2.72,0.00,0.11,11,255.3,1400
  1467.0,4,11927,0,162,0.00,2.72,0.00,0.11,11,256.5,1400
  1468.0,4,11927,0,162,0.00,2.72,0.00,0.11,11,254.1,1400
  1469.0,4,11927,0,162,0.00,2.72,0.00,0.11,11,255.2,1400
  1470.0,4,11927,0,162,0.00,2.72,0.00,0.11,11,256.2,1400
  1471.0,4,11927,0,162,0.00,2.72,0.00,0.11,11,259.6,1400
  1472.0,4,11927,0,162,0.00,2.72,0.00,0.11,11,259.2,1400
  1473.0,4,11927,0,162,0.00,2.72,0.00,0.11,11,255.0,1400
  1474.0,4,11927,0,162,0.00,2.72,0.00,0.11,11,249.6,1400
  1475.0,4,11927,0,162,0.00,2.72,0.00,0.11,11,245.2,1400
  1476.0,4,11927,0,162,0.00,2.72,0.00,0.11,11,246.2,1400
  1477.0,4,11927,0,162,0.00,2.72,0.00,0.11,11,247.0,1400
  1478.0,4,11927,0,162,0.00,2.72,0.00,0.11,11,250.4,1400
  1479.0,4,11927,0,162,0.00,2.72,0.00,0.11,11,249.7,1400
  1480.0,4,11927,0,162,0.00,2.72,0.00,0.11,11,251.0,1400
  1481.0,4,11927,0,162,0.00,2.72,0.00,0.11,11,249.9,1400
  1482.0,4,11927,0,162,0.00,2.72,0.00,0.11,11,249.6,1400
  1483.0,4,11927,0,162,0.00,2.72,0.00,0.11,11,250.7,1400
  1484.0,4,11927,0,162,0.00,2.72,0.00,0.11,11,254.1,1400
  1485.0,4,11927,0,162,0.00,2.72,0.00,0.11,11,255.2,1400
  1486.0,4,11927,0,162,0.00,2.72,0.00,0.11,11,252.6,1400
  1487.0,4,11927,0,162,0.00,2.72,0.00,0.11,11,253.9,1400
  1488.0,4,11927,0,162,0.00,2.72,0.00,0.11,11,254.9,1400
  1489.0,4,11927,0,162,0.00,2.72,0.00,0.11,11,254.5,1400
  1490.0,4,11927,0,162,0.00,2.72,0.00,0.11,11,255.5,1400
  1491.0,4,11927,0,162,0.00,2.72,0.00,0.11,11,256.9,1400
  1492.0,4,11927,0,162,0.00,2.72,0.00,0.11,11,260.0,1400
  1493.0,4,11927,0,162,0.00,2.72,0.00,0.11,11,259.4,1400
  1494.0,4,11927,0,162,0.00,2.72,0.00,0.11,11,258.8,1400
  1495.0,4,11927,0,162,0.00,2.72,0.00,0.11,11,250.9,1400
  1496.0,4,11927,0,162,0.00,2.72,0.00,0.11,11,247.0,1400
  1497.0,4,11927,0,162,0.00,2.72,0.00,0.11,11,248.0,1400
  1498.0,4,11927,0,162,0.00,2.72,0.00,0.11,11,248.9,1400
  1499.0,4,11927,0,162,0.00,2.72,0.00,0.11,11,250.3,1400
  1500.0,4,11927,0,162,0.00,2.72,0.00,0.11,11,249.7,1400
  1501.0,4,11927,0,162,0.00,2.72,0.00,0.11,11,248.8,1400
  1502.0,4,11927,0,162,0.00,2.72,0.00,0.11,11,250.0,1400
  1503.0,4,11927,0,162,0.00,2.72,0.00,0.11,11,249.8,1400
  1504.0,4,11927,0,162,0.00,2.72,0.00,0.11,11,253.9,1400
  1505.0,4,11927,0,162,0.00,2.72,0.00,0.11,11,254.8,1400
  1506.0,4,11927,0,162,0.00,2.72,0.00,0.11,11,253.8,1400
  1507.0,4,11927,0,162,0.00,2.72,0.00,0.11,11,253.0,1400
  1508.0,4,11927,0,162,0.00,2.72,0.00,0.11,11,256.5,1400
  1509.0,4,11927,0,162,0.00,2.72,0.00,0.11,11,257.4,1400
  1510.0,4,11927,0,162,0.00,2.72,0.00,0.11,11,257.2,1400
  1511.0,4,11927,0,162,0.00,2.72,0.00,0.11,11,258.3,1400
  1512.0,4,11927,0,162,0.00,2.72,0.00,0.11,11,257.5,1400
  1513.0,4,11927,0,162,0.00,2.72,0.00,0.11,11,258.7,1400
  1514.0,4,11927,0,162,0.00,2.72,0.00,0.11,11,252.8,1400
  1515.0,4,11927,0,162,0.00,2.72,0.00,0.11,11,249.9,1400
  1516.0,4,11927,0,162,0.00,2.72,0.00,0.11,11,250.3,1400
  1517.0,4,11927,0,162,0.00,2.72,0.00,0.11,11,249.6,1400
  1518.0,4,11927,0,162,0.00,2.72,0.00,0.11,11,249.2,1400
  1519.0,4,11927,0,162,0.00,2.72,0.00,0.11,11,248.5,1400
  1520.0,4,11927,0,162,0.00,2.72,0.00,0.11,11,249.6,1400
  1521.0,4,11927,0,162,0.00,2.72,0.00,0.11,11,251.0,1400
  1522.0,4,11927,0,162,0.00,2.72,0.00,0.11,11,252.0,1400
  1523.0,4,11927,0,162,0.00,2.72,0.00,0.11,11,253.2,1400
  1524.0,4,11927,0,162,0.00,2.72,0.00,0.11,11,252.8,1400
  1525.0,4,11927,0,162,0.00,2.72,0.00,0.11,11,253.8,1400
  1526.0,4,11927,0,162,0.00,2.72,0.00,0.11,11,253.3,1400
  1527.0,4,11927,0,162,0.00,2.72,0.00,0.11,11,254.4,1400
  1528.0,4,11927,0,162,0.00,2.72,0.00,0.11,11,253.8,1400
  1529.0,4,11927,0,162,0.00,2.72,0.00,0.11,11,254.9,1400
  1530.0,4,11927,0,162,0.00,2.72,0.00,0.11,11,258.3,1400
  1531.0,4,11927,0,162,0.00,2.72,0.00,0.11,11,257.8,1400
  1532.0,4,11927,0,162,0.00,2.72,0.00,0.11,11,257.0,1400
  1533.0,4,11927,0,162,0.00,2.72,0.00,0.11,11,258.1,1400
  1534.0,4,11927,0,162,0.00,2.72,0.00,0.11,11,253.7,1400
  1535.0,4,11927,0,162,0.00,2.72,0.00,0.11,11,247.4,1400
  1536.0,4,11927,0,162,0.00,2.72,0.00,0.11,11,249.8,1400
  1537.0,4,11927,0,162,0.00,2.72,0.00,0.11,11,250.8,1400
  1538.0,4,11927,0,162,0.00,2.72,0.00,0.11,11,246.5,1400
  1539.0,4,11927,0,162,0.00,2.72,0.00,0.11,11,247.4,1400
  1540.0,4,11927,0,162,0.00,2.72,0.00,0.11,11,248.6,1400
  1541.0,4,11927,0,162,0.00,2.72,0.00,0.11,11,249.8,1400
  1542.0,4,11927,0,162,0.00,2.72,0.00,0.11,11,249.6,1400
  1543.0,4,11927,0,162,0.00,2.72,0.00,0.11,11,252.6,1400
  1544.0,4,11927,0,162,0.00,2.72,0.00,0.11,11,253.8,1400
  1545.0,4,11927,0,162,0.00,2.72,0.00,0.11,11,251.3,1400
  1546.0,4,11927,0,162,0.00,2.72,0.00,0.11,11,252.3,1400
  1547.0,4,11927,0,162,0.00,2.72,0.00,0.11,11,253.5,1400
  1548.0,4,11927,0,162,0.00,2.72,0.00,0.11,11,254.9,1400
  1549.0,4,11927,0,162,0.00,2.72,0.00,0.11,11,254.3,1400
  1550.0,4,11927,0,162,0.00,2.72,0.00,0.11,11,257.7,1400
  1551.0,4,11927,0,162,0.00,2.72,0.00,0.11,11,258.4,1400
  1552.0,4,11927,0,162,0.00,2.72,0.00,0.11,11,258.0,1400
  1553.0,4,11927,0,162,0.00,2.72,0.00,0.11,11,259.4,1400
  1554.0,4,11927,0,162,0.00,2.72,0.00,0.11,11,258.5,1400
  1555.0,4,11927,0,162,0.00,2.72,0.00,0.11,11,251.2,1400
  1556.0,4,11927,0,162,0.00,2.72,0.00,0.11,11,247.4,1400
  1557.0,4,11927,0,162,0.00,2.72,0.00,0.11,11,248.5,1400
  1558.0,4,11927,0,162,0.00,2.72,0.00,0.11,11,247.8,1400
  1559.0,4,11927,0,162,0.00,2.72,0.00,0.11,11,246.4,1400
  1560.0,4,11927,0,162,0.00,2.72,0.00,0.11,11,247.6,1400
  1561.0,4,11927,0,162,0.00,2.72,0.00,0.11,11,248.7,1400
  1562.0,4,11927,0,162,0.00,2.72,0.00,0.11,11,252.0,1400
  1563.0,4,11927,0,162,0.00,2.72,0.00,0.11,11,251.3,1400
  1564.0,4,11927,0,162,0.00,2.72,0.00,0.11,11,252.9,1400
  1565.0,4,11927,0,162,0.00,2.72,0.00,0.11,11,253.8,1400
  1566.0,4,11927,0,162,0.00,2.72,0.00,0.11,11,253.5,1400
  1567.0,4,11927,0,162,0.00,2.72,0.00,0.11,11,252.6,1400
  1568.0,4,11927,0,162,0.00,2.72,0.00,0.11,11,253.7,1400
  1569.0,4,11927,0,162,0.00,2.72,0.00,0.11,11,254.7,1400
  1570.0,4,11927,0,162,0.00,2.72,0.00,0.11,11,254.5,1400
  1571.0,4,11927,0,162,0.00,2.72,0.00,0.11,11,255.7,1400
  1572.0,4,11927,0,162,0.00,2.72,0.00,0.11,11,256.7,1400
  1573.0,4,11927,0,162,0.00,2.72,0.00,0.11,11,256.5,1400
  1574.0,4,11927,0,162,0.00,2.72,0.00,0.11,11,257.6,1400
  1575.0,4,11927,0,162,0.00,2.72,0.00,0.11,11,251.9,1400
  1576.0,4,11927,0,162,0.00,2.72,0.00,0.11,11,250.0,1400
  1577.0,4,11927,0,162,0.00,2.72,0.00,0.11,11,249.2,1400
  1578.0,4,11927,0,162,0.00,2.72,0.00,0.11,11,249.9,1400
  1579.0,4,11927,0,162,0.00,2.72,0.00,0.11,11,247.6,1400
  1580.0,4,11927,0,162,0.00,2.72,0.00,0.11,11,247.1,1400
  1581.0,4,11927,0,162,0.00,2.72,0.00,0.10,11,248.2,1400
  1582.0,4,11927,0,162,0.00,2.72,0.00,0.10,11,249.6,1400
  1583.0,4,11927,0,162,0.00,2.72,0.00,0.10,11,250.6,1400
  1584.0,4,11927,0,162,0.00,2.72,0.00,0.10,11,250.2,1400
  1585.0,4,11927,0,162,0.00,2.72,0.00,0.10,11,251.4,1400
  1586.0,4,11927,0,162,0.00,2.72,0.00,0.10,11,252.3,1400
  1587.0,4,11927,0,162,0.00,2.72,0.00,0.10,11,254.2,1400
  1588.0,4,11927,0,162,0.00,2.72,0.00,0.10,11,255.2,1400
  1589.0,4,11927,0,162,0.00,2.72,0.00,0.10,11,254.3,1400
  1590.0,4,11927,0,162,0.00,2.72,0.00,0.10,11,255.4,1400
  1591.0,4,11927,0,162,0.00,2.72,0.00,0.10,11,255.2,1400
  1592.0,4,11927,0,162,0.00,2.72,0.00,0.10,11,256.2,1400
  1593.0,4,11927,0,162,0.00,2.72,0.00,0.10,11,257.7,1400
  1594.0,4,11927,0,162,0.00,2.72,0.00,0.10,11,257.0,1400
  1595.0,4,11927,0,162,0.00,2.72,0.00,0.10,11,252.5,1400
  1596.0,4,11927,0,162,0.00,2.72,0.00,0.10,11,245.7,1400
  1597.0,4,11927,0,162,0.00,2.72,0.00,0.10,11,248.7,1400
  1598.0,4,11927,0,162,0.00,2.72,0.00,0.10,11,246.2,1400
  1599.0,4,11927,0,162,0.00,2.72,0.00,0.10,11,249.3,1400
  1600.0,4,11927,0,162,0.00,2.72,0.00,0.10,11,250.5,1400
  1601.0,4,11927,0,162,0.00,2.72,0.00,0.10,11,250.0,1400
  1602.0,4,11927,0,162,0.00,2.72,0.00,0.10,11,249.5,1400
  1603.0,4,11927,0,162,0.00,2.72,0.00,0.10,11,250.3,1400
  1604.0,4,11927,0,162,0.00,2.72,0.00,0.10,11,251.4,1400
  1605.0,4,11927,0,162,0.00,2.72,0.00,0.10,11,251.1,1400
  1606.0,4,11927,0,162,0.00,2.72,0.00,0.10,11,254.1,1400
  1607.0,4,11927,0,162,0.00,2.72,0.00,0.10,11,255.4,1400
  1608.0,4,11927,0,162,0.00,2.72,0.00,0.10,11,254.9,1400
  1609.0,4,11927,0,162,0.00,2.72,0.00,0.10,11,254.1,1400
  1610.0,4,11927,0,162,0.00,2.72,0.00,0.10,11,255.4,1400
  1611.0,4,11927,0,162,0.00,2.72,0.00,0.10,11,256.5,1400
  1612.0,4,11927,0,162,0.00,2.72,0.00,0.10,11,255.9,1400
  1613.0,4,11927,0,162,0.00,2.72,0.00,0.10,11,259.1,1400
  1614.0,4,11927,0,162,0.00,2.72,0.00,0.10,11,260.1,1400
  1615.0,4,11927,0,162,0.00,2.72,0.00,0.10,11,252.4,1400
  1616.0,4,11927,0,162,0.00,2.72,0.00,0.10,11,249.8,1400
  1617.0,4,11927,0,162,0.00,2.72,0.00,0.10,11,250.1,1400
  1618.0,4,11927,0,162,0.00,2.72,0.00,0.10,11,250.9,1400
  1619.0,4,11927,0,162,0.00,2.72,0.00,0.10,11,252.0,1400
  1620.0,4,11927,0,162,0.00,2.72,0.00,0.10,11,250.0,1400
  1621.0,4,11927,0,162,0.00,2.72,0.00,0.10,11,250.9,1400
  1622.0,4,11927,0,162,0.00,2.72,0.00,0.10,11,250.5,1400
  1623.0,4,11927,0,162,0.00,2.72,0.00,0.10,11,249.5,1400
  1624.0,4,11927,0,162,0.00,2.72,0.00,0.10,11,252.7,1400
  1625.0,4,11927,0,162,0.00,2.72,0.00,0.10,11,251.7,1400
  1626.0,4,11927,0,162,0.00,2.72,0.00,0.10,11,253.2,1400
  1627.0,4,11927,0,162,0.00,2.72,0.00,0.10,11,252.6,1400
  1628.0,4,11927,0,162,0.00,2.72,0.00,0.10,11,253.6,1400
  1629.0,4,11927,0,162,0.00,2.72,0.00,0.10,11,253.3,1400
  1630.0,4,11927,0,162,0.00,2.72,0.00,0.10,11,254.2,1400
  1631.0,4,11927,0,162,0.00,2.72,0.00,0.10,11,255.7,1400
  1632.0,4,11927,0,162,0.00,2.72,0.00,0.10,11,258.6,1400
  1633.0,4,11927,0,162,0.00,2.72,0.00,0.10,11,258.1,1400
  1634.0,4,11927,0,162,0.00,2.72,0.00,0.10,11,259.2,1400
  1635.0,4,11927,0,162,0.00,2.72,0.00,0.10,11,253.4,1400
  1636.0,4,11927,0,162,0.00,2.72,0.00,0.10,11,249.6,1400
  1637.0,4,11927,0,162,0.00,2.72,0.00,0.10,11,249.7,1400
  1638.0,4,11927,0,162,0.00,2.72,0.00,0.10,11,248.2,1400
  1639.0,4,11927,0,162,0.00,2.72,0.00,0.10,11,249.2,1400
  1640.0,4,11927,0,162,0.00,2.72,0.00,0.10,11,249.0,1400
  1641.0,4,11927,0,162,0.00,2.72,0.00,0.10,11,248.2,1400
  1642.0,4,11927,0,162,0.00,2.72,0.00,0.10,11,249.3,1400
  1643.0,4,11927,0,162,0.00,2.72,0.00,0.10,11,249.1,1400
  1644.0,4,11927,0,162,0.00,2.72,0.00,0.10,11,252.1,1400
  1645.0,4,11927,0,162,0.00,2.72,0.00,0.10,11,253.2,1400
  1646.0,4,11927,0,162,0.00,2.72,0.00,0.10,11,252.4,1400
  1647.0,4,11927,0,162,0.00,2.72,0.00,0.10,11,251.9,1400
  1648.0,4,11927,0,162,0.00,2.72,0.00,0.10,11,253.0,1400
  1649.0,4,11927,0,162,0.00,2.72,0.00,0.10,11,254.1,1400
  1650.0,4,11927,0,162,0.00,2.72,0.00,0.10,11,255.6,1400
  1651.0,4,11927,0,162,0.00,2.72,0.00,0.10,11,257.1,1400
  1652.0,4,11927,0,162,0.00,2.72,0.00,0.10,11,258.3,1400
  1653.0,4,11927,0,162,0.00,2.72,0.00,0.10,11,259.5,1400
  1654.0,4,11927,0,162,0.00,2.72,0.00,0.10,11,256.9,1400
  1655.0,4,11927,0,162,0.00,2.72,0.00,0.10,11,252.5,1400
  1656.0,4,11927,0,162,0.00,2.72,0.00,0.10,11,248.1,1400
  1657.0,4,11927,0,162,0.00,2.72,0.00,0.10,11,249.1,1400
  1658.0,4,11927,0,162,0.00,2.72,0.00,0.10,11,249.9,1400
  1659.0,4,11927,0,162,0.00,2.72,0.00,0.10,11,249.3,1400
  1660.0,4,11927,0,162,0.00,2.72,0.00,0.10,11,248.5,1400
  1661.0,4,11927,0,162,0.00,2.72,0.00,0.10,11,247.9,1400
  1662.0,4,11927,0,162,0.00,2.72,0.00,0.10,11,248.9,1400
  1663.0,4,11927,0,162,0.00,2.72,0.00,0.10,11,250.4,1400
  1664.0,4,11927,0,162,0.00,2.72,0.00,0.10,11,251.5,1400
  1665.0,4,11927,0,162,0.00,2.72,0.00,0.10,11,252.9,1400
  1666.0,4,11927,0,162,0.00,2.72,0.00,0.10,11,252.3,1400
  1667.0,4,11927,0,162,0.00,2.72,0.00,0.10,11,253.1,1400
  1668.0,4,11927,0,162,0.00,2.72,0.00,0.10,11,252.8,1400
  1669.0,4,11927,0,162,0.00,2.72,0.00,0.10,11,256.1,1400
  1670.0,4,11927,0,162,0.00,2.72,0.00,0.10,11,256.9,1400
  1671.0,4,11927,0,162,0.00,2.72,0.00,0.10,11,256.8,1400
  1672.0,4,11927,0,162,0.00,2.72,0.00,0.10,11,257.7,1400
  1673.0,4,11927,0,162,0.00,2.72,0.00,0.10,11,256.9,1400
  1674.0,4,11927,0,162,0.00,2.72,0.00,0.10,11,260.2,1400
  1675.0,4,11927,0,162,0.00,2.72,0.00,0.10,11,257.6,1400
  1676.0,4,11927,0,162,0.00,2.72,0.00,0.10,11,255.2,1400
  1677.0,4,11927,0,162,0.00,2.72,0.00,0.10,11,251.0,1400
  1678.0,4,11927,0,162,0.00,2.72,0.00,0.10,11,250.1,1400
  1679.0,4,11927,0,162,0.00,2.72,0.00,0.10,11,249.0,1400
  1680.0,4,11927,0,162,0.00,2.72,0.00,0.10,11,247.1,1400
  1681.0,4,11927,0,162,0.00,2.72,0.00,0.10,11,248.6,1400
  1682.0,4,11927,0,162,0.00,2.72,0.00,0.10,11,248.0,1400
  1683.0,4,11927,0,162,0.00,2.72,0.00,0.10,11,251.2,1400
  1684.0,4,11927,0,162,0.00,2.72,0.00,0.10,11,252.4,1400
  1685.0,4,11927,0,162,0.00,2.72,0.00,0.10,11,251.8,1400
  1686.0,4,11927,0,162,0.00,2.72,0.00,0.10,11,251.1,1400
  1687.0,4,11927,0,162,0.00,2.72,0.00,0.10,11,252.2,1400
  1688.0,4,11927,0,162,0.00,2.72,0.00,0.10,11,253.2,1400
  1689.0,4,11927,0,162,0.00,2.72,0.00,0.10,11,255.0,1400
  1690.0,4,11927,0,162,0.00,2.72,0.00,0.10,11,256.1,1400
  1691.0,4,11927,0,162,0.00,2.72,0.00,0.10,11,255.3,1400
  1692.0,4,11927,0,162,0.00,2.72,0.00,0.10,11,254.7,1400
  1693.0,4,11927,0,162,0.00,2.72,0.00,0.10,11,256.1,1400
  1694.0,4,11927,0,162,0.00,2.72,0.00,0.10,11,257.2,1400
  1695.0,4,11927,0,162,0.00,2.72,0.00,0.10,11,258.6,1400
  1696.0,4,11927,0,162,0.00,2.72,0.00,0.10,11,254.4,1400
  1697.0,4,11927,0,162,0.00,2.72,0.00,0.10,11,252.2,1400
  1698.0,4,11927,0,162,0.00,2.72,0.00,0.10,11,249.0,1400
  1699.0,4,11927,0,162,0.00,2.72,0.00,0.10,11,248.1,1400
  1700.0,4,11927,0,162,0.00,2.72,0.00,0.10,11,249.1,1400
  1701.0,4,11927,0,162,0.00,2.72,0.00,0.10,11,247.6,1400
  1702.0,4,11927,0,162,0.00,2.72,0.00,0.10,11,250.9,1400
  1703.0,4,11927,0,162,0.00,2.72,0.00,0.10,11,250.4,1400
  1704.0,4,11927,0,162,0.00,2.72,0.00,0.10,11,251.4,1400
  1705.0,4,11927,0,162,0.00,2.72,0.00,0.10,11,250.8,1400
  1706.0,4,11927,0,162,0.00,2.72,0.00,0.10,11,250.3,1400
  1707.0,4,11927,0,162,0.00,2.72,0.00,0.10,11,251.3,1400
  1708.0,4,11927,0,162,0.00,2.72,0.00,0.10,11,252.6,1400
  1709.0,4,11927,0,162,0.00,2.72,0.00,0.10,11,255.7,1400
  1710.0,4,11927,0,162,0.00,2.72,0.00,0.10,11,255.3,1400
  1711.0,4,11927,0,162,0.00,2.72,0.00,0.10,11,254.6,1400
  1712.0,4,11927,0,162,0.00,2.72,0.00,0.10,11,255.7,1400
  1713.0,4,11927,0,162,0.00,2.72,0.00,0.10,11,255.4,1400
  1714.0,4,11927,0,162,0.00,2.72,0.00,0.10,11,258.5,1400
  1715.0,4,11927,0,162,0.00,2.72,0.00,0.10,11,259.8,1400
  1716.0,4,11927,0,162,0.00,2.72,0.00,0.10,11,257.5,1400
  1717.0,4,11927,0,162,0.00,2.72,0.00,0.10,11,252.9,1400
  1718.0,4,11927,0,162,0.00,2.72,0.00,0.10,11,245.8,1400
  1719.0,4,11927,0,162,0.00,2.72,0.00,0.10,11,246.8,1400
  1720.0,4,11927,0,162,0.00,2.72,0.00,0.10,11,246.1,1400
  1721.0,4,11927,0,162,0.00,2.72,0.00,0.10,11,249.2,1400
  1722.0,4,11927,0,162,0.00,2.72,0.00,0.10,11,250.6,1400
  1723.0,4,11927,0,162,0.00,2.72,0.00,0.10,11,251.6,1400
  1724.0,4,11927,0,162,0.00,2.72,0.00,0.10,11,249.2,1400
  1725.0,4,11927,0,162,0.00,2.72,0.00,0.10,11,250.2,1400
  1726.0,4,11927,0,162,0.00,2.72,0.00,0.10,11,251.6,1400
  1727.0,4,11927,0,162,0.00,2.72,0.00,0.10,11,253.1,1400
  1728.0,4,11927,0,162,0.00,2.72,0.00,0.10,11,254.3,1400
  1729.0,4,11927,0,162,0.00,2.72,0.00,0.10,11,255.4,1400
  1730.0,4,11927,0,162,0.00,2.72,0.00,0.10,11,254.4,1400
  1731.0,4,11927,0,162,0.00,2.72,0.00,0.10,11,254.2,1400
  1732.0,4,11927,0,162,0.00,2.72,0.00,0.10,11,255.3,1400
  1733.0,4,11927,0,162,0.00,2.72,0.00,0.10,11,256.3,1400
  1734.0,4,11927,0,162,0.00,2.72,0.00,0.10,11,257.9,1400
  1735.0,4,11927,0,162,0.00,2.72,0.00,0.10,11,259.1,1400
  1736.0,4,11927,0,162,0.00,2.72,0.00,0.10,11,260.4,1400
  1737.0,4,11927,0,162,0.00,2.72,0.00,0.10,11,251.4,1400
  1738.0,4,11927,0,162,0.00,2.72,0.00,0.10,11,247.9,1400
  1739.0,4,11927,0,162,0.00,2.72,0.00,0.10,11,248.7,1400
  1740.0,4,11927,0,162,0.00,2.72,0.00,0.10,11,247.0,1400
  1741.0,4,11927,0,162,0.00,2.72,0.00,0.10,11,246.9,1400
  1742.0,4,11927,0,162,0.00,2.72,0.00,0.10,11,249.9,1400
  1743.0,4,11927,0,162,0.00,2.72,0.00,0.10,11,249.1,1400
  1744.0,4,11927,0,162,0.00,2.72,0.00,0.10,11,250.1,1400
  1745.0,4,11927,0,162,0.00,2.72,0.00,0.10,11,249.6,1400
  1746.0,4,11927,0,162,0.00,2.72,0.00,0.10,11,250.8,1400
  1747.0,4,11927,0,162,0.00,2.72,0.00,0.10,11,253.9,1400
  1748.0,4,11927,0,162,0.00,2.72,0.00,0.09,11,251.6,1400
  1749.0,4,11927,0,162,0.00,2.72,0.00,0.09,11,254.7,1400
  1750.0,4,11927,0,162,0.00,2.72,0.00,0.09,11,253.9,1400
  1751.0,4,11927,0,162,0.00,2.72,0.00,0.09,11,255.1,1400
  1752.0,4,11927,0,162,0.00,2.72,0.00,0.09,11,254.5,1400
  1753.0,4,11927,0,162,0.00,2.72,0.00,0.09,11,257.7,1400
  1754.0,4,11927,0,162,0.00,2.72,0.00,0.09,11,259.0,1400
  1755.0,4,11927,0,162,0.00,2.72,0.00,0.09,11,260.6,1400
  1756.0,4,11927,0,162,0.00,2.72,0.00,0.09,11,257.7,1400
  1757.0,4,11927,0,162,0.00,2.72,0.00,0.09,11,252.5,1400
  1758.0,4,11927,0,162,0.00,2.72,0.00,0.09,11,247.6,1400
  1759.0,4,11927,0,162,0.00,2.72,0.00,0.09,11,248.4,1400
  1760.0,4,11927,0,162,0.00,2.72,0.00,0.09,11,249.4,1400
  1761.0,4,11927,0,162,0.00,2.72,0.00,0.09,11,248.0,1400
  1762.0,4,11927,0,162,0.00,2.72,0.00,0.09,11,249.2,1400
  1763.0,4,11927,0,162,0.00,2.72,0.00,0.09,11,248.5,1400
  1764.0,4,11927,0,162,0.00,2.72,0.00,0.09,11,249.5,1400
  1765.0,4,11927,0,162,0.00,2.72,0.00,0.09,11,250.7,1400
  1766.0,4,11927,0,162,0.00,2.72,0.00,0.09,11,252.0,1400
  1767.0,4,11927,0,162,0.00,2.72,0.00,0.09,11,253.6,1400
  1768.0,4,11927,0,162,0.00,2.72,0.00,0.09,11,252.5,1400
  1769.0,4,11927,0,162,0.00,2.72,0.00,0.09,11,252.1,1400
  1770.0,4,11927,0,162,0.00,2.72,0.00,0.09,11,253.1,1400
  1771.0,4,11927,0,162,0.00,2.72,0.00,0.09,11,254.6,1400
  1772.0,4,11927,0,162,0.00,2.72,0.00,0.09,11,257.9,1400
  1773.0,4,11927,0,162,0.00,2.72,0.00,0.09,11,257.4,1400
  1774.0,4,11927,0,162,0.00,2.72,0.00,0.09,11,258.4,1400
  1775.0,4,11927,0,162,0.00,2.72,0.00,0.09,11,259.7,1400
  1776.0,4,11927,0,162,0.00,2.72,0.00,0.09,11,257.3,1400
  1777.0,4,11927,0,162,0.00,2.72,0.00,0.09,11,247.5,1400
  1778.0,4,11927,0,162,0.00,2.72,0.00,0.09,11,249.4,1400
  1779.0,4,11927,0,162,0.00,2.72,0.00,0.09,11,250.2,1400
  1780.0,4,11927,0,162,0.00,2.72,0.00,0.09,11,249.0,1400
  1781.0,4,11927,0,162,0.00,2.72,0.00,0.09,11,250.1,1400
  1782.0,4,11927,0,162,0.00,2.72,0.00,0.09,11,249.1,1400
  1783.0,4,11927,0,162,0.00,2.72,0.00,0.09,11,248.0,1400
  1784.0,4,11927,0,162,0.00,2.72,0.00,0.09,11,249.1,1400
  1785.0,4,11927,0,162,0.00,2.72,0.00,0.09,11,250.5,1400
  1786.0,4,11927,0,162,0.00,2.72,0.00,0.09,11,251.6,1400
  1787.0,4,11927,0,162,0.00,2.72,0.00,0.09,11,251.1,1400
  1788.0,4,11927,0,162,0.00,2.72,0.00,0.09,11,252.1,1400
  1789.0,4,11927,0,162,0.00,2.72,0.00,0.09,11,253.4,1400
  1790.0,4,11927,0,162,0.00,2.72,0.00,0.09,11,252.9,1400
  1791.0,4,11927,0,162,0.00,2.72,0.00,0.09,11,256.2,1400
  1792.0,4,11927,0,162,0.00,2.72,0.00,0.09,11,257.4,1400
  1793.0,4,11927,0,162,0.00,2.72,0.00,0.09,11,258.6,1400
  1794.0,4,11927,0,162,0.00,2.72,0.00,0.09,11,258.0,1400
  1795.0,4,11927,0,162,0.00,2.72,0.00,0.09,11,259.2,1400
  1796.0,4,11927,0,162,0.00,2.72,0.00,0.09,11,258.3,1400
  1797.0,4,11927,0,162,0.00,2.72,0.00,0.09,11,257.8,1400
  1798.0,4,11927,0,162,0.00,2.72,0.00,0.09,11,249.0,1400
  1799.0,4,11927,0,162,0.00,2.72,0.00,0.09,11,249.0,1400
  1800.0,4,11927,0,162,0.00,2.72,0.00,0.09,11,248.0,1400
  1801.0,4,11927,0,162,0.00,2.72,0.00,0.09,11,246.5,1400
  1802.0,4,11927,0,162,0.00,2.72,0.00,0.09,11,247.5,1400
  1803.0,4,11927,0,162,0.00,2.72,0.00,0.09,11,248.7,1400
  1804.0,4,11927,0,162,0.00,2.72,0.00,0.09,11,250.4,1400
  1805.0,4,11927,0,162,0.00,2.72,0.00,0.09,11,251.4,1400
  1806.0,4,11927,0,162,0.00,2.72,0.00,0.09,11,252.4,1400
  1807.0,4,11927,0,162,0.00,2.72,0.00,0.09,11,251.9,1400
  1808.0,4,11927,0,162,0.00,2.72,0.00,0.09,11,251.2,1400
  1809.0,4,11927,0,162,0.00,2.72,0.00,0.09,11,252.3,1400
  1810.0,4,11927,0,162,0.00,2.72,0.00,0.09,11,253.6,1400
  1811.0,4,11927,0,162,0.00,2.72,0.00,0.09,11,253.1,1400
  1812.0,4,11927,0,162,0.00,2.72,0.00,0.09,11,254.5,1400
  1813.0,4,11927,0,162,0.00,2.72,0.00,0.09,11,257.5,1400
  1814.0,4,11927,0,162,0.00,2.72,0.00,0.09,11,259.0,1400
  1815.0,4,11927,0,162,0.00,2.72,0.00,0.09,11,256.1,1400
  1816.0,4,11927,0,162,0.00,2.72,0.00,0.09,11,257.4,1400
  1817.0,4,11927,0,162,0.00,2.72,0.00,0.09,11,260.4,1400
  1818.0,4,11927,0,162,0.00,2.72,0.00,0.09,11,247.3,1400
  1819.0,4,11927,0,162,0.00,2.72,0.00,0.09,11,249.4,1400
  1820.0,4,11927,0,162,0.00,2.72,0.00,0.09,11,247.1,1400
  1821.0,4,11927,0,162,0.00,2.72,0.00,0.09,11,248.1,1400
  1822.0,4,11927,0,162,0.00,2.72,0.00,0.09,11,249.7,1400
  1823.0,4,11927,0,162,0.00,2.72,0.00,0.09,11,249.1,1400
  1824.0,4,11927,0,162,0.00,2.72,0.00,0.09,11,252.1,1400
  1825.0,4,11927,0,162,0.00,2.72,0.00,0.09,11,251.5,1400
  1826.0,4,11927,0,162,0.00,2.72,0.00,0.09,11,250.4,1400
  1827.0,4,11927,0,162,0.00,2.72,0.00,0.09,11,253.5,1400
  1828.0,4,11927,0,162,0.00,2.72,0.00,0.09,11,252.8,1400
  1829.0,4,11927,0,162,0.00,2.72,0.00,0.09,11,254.5,1400
  1830.0,4,11927,0,162,0.00,2.72,0.00,0.09,11,255.6,1400
  1831.0,4,11927,0,162,0.00,2.72,0.00,0.09,11,256.9,1400
  1832.0,4,11927,0,162,0.00,2.72,0.00,0.09,11,254.4,1400
  1833.0,4,11927,0,162,0.00,2.72,0.00,0.09,11,255.5,1400
  1834.0,4,11927,0,162,0.00,2.72,0.00,0.09,11,256.7,1400
  1835.0,4,11927,0,162,0.00,2.72,0.00,0.09,11,257.8,1400
  1836.0,4,11927,0,162,0.00,2.72,0.00,0.09,11,257.3,1400
  1837.0,4,11927,0,162,0.00,2.72,0.00,0.09,11,255.3,1400
  1838.0,4,11927,0,162,0.00,2.72,0.00,0.09,11,249.2,1400
  1839.0,4,11927,0,162,0.00,2.72,0.00,0.09,11,245.7,1400
  1840.0,4,11927,0,162,0.00,2.72,0.00,0.09,11,246.6,1400
  1841.0,4,11927,0,162,0.00,2.72,0.00,0.09,11,248.1,1400
  1842.0,4,11927,0,162,0.00,2.72,0.00,0.09,11,250.8,1400
  1843.0,4,11927,0,162,0.00,2.72,0.00,0.09,11,248.5,1400
  1844.0,4,11927,0,162,0.00,2.72,0.00,0.09,11,249.5,1400
  1845.0,4,11927,0,162,0.00,2.72,0.00,0.09,11,250.6,1400
  1846.0,4,11927,0,162,0.00,2.72,0.00,0.09,11,250.3,1400
  1847.0,4,11927,0,162,0.00,2.72,0.00,0.09,11,251.5,1400
  1848.0,4,11927,0,162,0.00,2.72,0.00,0.09,11,254.6,1400
  1849.0,4,11927,0,162,0.00,2.72,0.00,0.09,11,255.6,1400
  1850.0,4,11927,0,162,0.00,2.72,0.00,0.09,11,255.5,1400
  1851.0,4,11927,0,162,0.00,2.72,0.00,0.09,11,256.3,1400
  1852.0,4,11927,0,162,0.00,2.72,0.00,0.09,11,257.5,1400
  1853.0,4,11927,0,162,0.00,2.72,0.00,0.09,11,255.2,1400
  1854.0,4,11927,0,162,0.00,2.72,0.00,0.09,11,256.2,1400
  1855.0,4,11927,0,162,0.00,2.72,0.00,0.09,11,257.3,1400
  1856.0,4,11927,0,162,0.00,2.72,0.00,0.09,11,260.3,1400
  1857.0,4,11927,0,162,0.00,2.72,0.00,0.09,11,259.8,1400
  1858.0,4,11927,0,162,0.00,2.72,0.00,0.09,11,253.5,1400
  1859.0,4,11927,0,162,0.00,2.72,0.00,0.09,11,248.4,1400
  1860.0,4,11927,0,162,0.00,2.72,0.00,0.09,11,245.8,1400
  1861.0,4,11927,0,162,0.00,2.72,0.00,0.09,11,246.6,1400
  1862.0,4,11927,0,162,0.00,2.72,0.00,0.09,11,250.0,1400
  1863.0,4,11927,0,162,0.00,2.72,0.00,0.09,11,250.8,1400
  1864.0,4,11927,0,162,0.00,2.72,0.00,0.09,11,250.1,1400
  1865.0,4,11927,0,162,0.00,2.72,0.00,0.09,11,249.5,1400
  1866.0,4,11927,0,162,0.00,2.72,0.00,0.09,11,250.9,1400
  1867.0,4,11927,0,162,0.00,2.72,0.00,0.09,11,250.4,1400
  1868.0,4,11927,0,162,0.00,2.72,0.00,0.09,11,255.4,1400
  1869.0,4,11927,0,162,0.00,2.72,0.00,0.09,11,252.6,1400
  1870.0,4,11927,0,162,0.00,2.72,0.00,0.09,11,253.5,1400
  1871.0,4,11927,0,162,0.00,2.72,0.00,0.09,11,253.3,1400
  1872.0,4,11927,0,162,0.00,2.72,0.00,0.09,11,254.3,1400
  1873.0,4,11927,0,162,0.00,2.72,0.00,0.09,11,255.5,1400
  1874.0,4,11927,0,162,0.00,2.72,0.00,0.09,11,257.1,1400
  1875.0,4,11927,0,162,0.00,2.72,0.00,0.09,11,257.9,1400
  1876.0,4,11927,0,162,0.00,2.72,0.00,0.09,11,259.3,1400
  1877.0,4,11927,0,162,0.00,2.72,0.00,0.09,11,258.3,1400
  1878.0,4,11927,0,162,0.00,2.72,0.00,0.09,11,252.0,1400
  1879.0,4,11927,0,162,0.00,2.72,0.00,0.09,11,247.5,1400
  1880.0,4,11927,0,162,0.00,2.72,0.00,0.09,11,250.4,1400
  1881.0,4,11927,0,162,0.00,2.72,0.00,0.09,11,247.6,1400
  1882.0,4,11927,0,162,0.00,2.72,0.00,0.09,11,248.5,1400
  1883.0,4,11927,0,162,0.00,2.72,0.00,0.09,11,248.1,1400
  1884.0,4,11927,0,162,0.00,2.72,0.00,0.09,11,248.8,1400
  1885.0,4,11927,0,162,0.00,2.72,0.00,0.09,11,248.4,1400
  1886.0,4,11927,0,162,0.00,2.72,0.00,0.09,11,249.9,1400
  1887.0,4,11927,0,162,0.00,2.72,0.00,0.09,11,250.9,1400
  1888.0,4,11927,0,162,0.00,2.72,0.00,0.09,11,252.4,1400
  1889.0,4,11927,0,162,0.00,2.72,0.00,0.09,11,253.5,1400
  1890.0,4,11927,0,162,0.00,2.72,0.00,0.09,11,252.9,1400
  1891.0,4,11927,0,162,0.00,2.72,0.00,0.09,11,256.3,1400
  1892.0,4,11927,0,162,0.00,2.72,0.00,0.09,11,253.7,1400
  1893.0,4,11927,0,162,0.00,2.72,0.00,0.09,11,255.0,1400
  1894.0,4,11927,0,162,0.00,2.72,0.00,0.09,11,257.8,1400
  1895.0,4,11927,0,162,0.00,2.72,0.00,0.09,11,257.3,1400
  1896.0,4,11927,0,162,0.00,2.72,0.00,0.09,11,256.5,1400
  1897.0,4,11927,0,162,0.00,2.72,0.00,0.09,11,257.6,1400
  1898.0,4,11927,0,162,0.00,2.72,0.00,0.09,11,251.7,1400
  1899.0,4,11927,0,162,0.00,2.72,0.00,0.09,11,249.6,1400
  1900.0,4,11927,0,162,0.00,2.72,0.00,0.09,11,248.3,1400
  1901.0,4,11927,0,162,0.00,2.72,0.00,0.09,11,249.1,1400
  1902.0,4,11927,0,162,0.00,2.72,0.00,0.09,11,248.5,1400
  1903.0,4,11927,0,162,0.00,2.72,0.00,0.09,11,249.6,1400
  1904.0,4,11927,0,162,0.00,2.72,0.00,0.09,11,248.5,1400
  1905.0,4,11927,0,162,0.00,2.72,0.00,0.09,11,249.8,1400
  1906.0,4,11927,0,162,0.00,2.72,0.00,0.09,11,251.2,1400
  1907.0,4,11927,0,162,0.00,2.72,0.00,0.09,11,250.6,1400
  1908.0,4,11927,0,162,0.00,2.72,0.00,0.09,11,253.6,1400
  1909.0,4,11927,0,162,0.00,2.72,0.00,0.09,11,251.2,1400
  1910.0,4,11927,0,162,0.00,2.72,0.00,0.09,11,252.3,1400
  1911.0,4,11927,0,162,0.00,2.72,0.00,0.09,11,253.6,1400
  1912.0,4,11927,0,162,0.00,2.72,0.00,0.09,11,254.8,1400
  1913.0,4,11927,0,162,0.00,2.72,0.00,0.09,11,256.3,1400
  1914.0,4,11927,0,162,0.00,2.72,0.00,0.09,11,257.5,1400
  1915.0,4,11927,0,162,0.00,2.72,0.00,0.09,11,258.5,1400
  1916.0,4,11927,0,162,0.00,2.72,0.00,0.09,11,256.2,1400
  1917.0,4,11927,0,162,0.00,2.72,0.00,0.09,11,257.3,1400
  1918.0,4,11927,0,162,0.00,2.72,0.00,0.09,11,258.4,1400
  1919.0,4,11927,0,162,0.00,2.72,0.00,0.09,11,251.5,1400
  1920.0,4,11927,0,162,0.00,2.72,0.00,0.09,11,249.9,1400
  1921.0,4,11927,0,162,0.00,2.72,0.00,0.09,11,246.7,1400
  1922.0,4,11927,0,162,0.00,2.72,0.00,0.09,11,248.0,1400
  1923.0,4,11927,0,162,0.00,2.72,0.00,0.09,11,247.2,1400
  1924.0,4,11927,0,162,0.00,2.72,0.00,0.09,11,248.1,1400
  1925.0,4,11927,0,162,0.00,2.72,0.00,0.09,11,251.1,1400
  1926.0,4,11927,0,162,0.00,2.72,0.00,0.09,11,252.4,1400
  1927.0,4,11927,0,162,0.00,2.72,0.00,0.09,11,251.7,1400
  1928.0,4,11927,0,162,0.00,2.72,0.00,0.09,11,253.2,1400
  1929.0,4,11927,0,162,0.00,2.72,0.00,0.09,11,254.0,1400
  1930.0,4,11927,0,162,0.00,2.72,0.00,0.09,11,251.7,1400
  1931.0,4,11927,0,162,0.00,2.72,0.00,0.09,11,252.8,1400
  1932.0,4,11927,0,162,0.00,2.72,0.00,0.09,11,256.0,1400
  1933.0,4,11927,0,162,0.00,2.72,0.00,0.09,11,257.1,1400
  1934.0,4,11927,0,162,0.00,2.72,0.00,0.09,11,254.5,1400
  1935.0,4,11927,0,162,0.00,2.72,0.00,0.09,11,255.9,1400
  1936.0,4,11927,0,162,0.00,2.72,0.00,0.09,11,257.0,1400
  1937.0,4,11927,0,162,0.00,2.72,0.00,0.09,11,258.7,1400
  1938.0,4,11927,0,162,0.00,2.72,0.00,0.09,11,254.2,1400
  1939.0,4,11927,0,162,0.00,2.72,0.00,0.09,11,249.2,1400
  1940.0,4,11927,0,162,0.00,2.72,0.00,0.09,11,248.5,1400
  1941.0,4,11927,0,162,0.00,2.72,0.00,0.09,11,245.6,1400
  1942.0,4,11927,0,162,0.00,2.72,0.00,0.09,11,246.6,1400
  1943.0,4,11927,0,162,0.00,2.72,0.00,0.09,11,247.6,1400
  1944.0,4,11927,0,162,0.00,2.72,0.00,0.09,11,247.4,1400
  1945.0,4,11927,0,162,0.00,2.72,0.00,0.09,11,250.5,1400
  1946.0,4,11927,0,162,0.00,2.72,0.00,0.09,11,249.6,1400
  1947.0,4,11927,0,162,0.00,2.72,0.00,0.09,11,252.8,1400
  1948.0,4,11927,0,162,0.00,2.72,0.00,0.09,11,250.3,1400
  1949.0,4,11927,0,162,0.00,2.72,0.00,0.09,11,251.5,1400
  1950.0,4,11927,0,162,0.00,2.72,0.00,0.09,11,252.7,1400
  1951.0,4,11927,0,162,0.00,2.72,0.00,0.09,11,254.4,1400
  1952.0,4,11927,0,162,0.00,2.72,0.00,0.09,11,255.5,1400
  1953.0,4,11927,0,162,0.00,2.72,0.00,0.08,11,256.6,1400
  1954.0,4,11927,0,162,0.00,2.72,0.00,0.08,11,258.0,1400
  1955.0,4,11927,0,162,0.00,2.72,0.00,0.08,11,255.4,1400
  1956.0,4,11927,0,162,0.00,2.72,0.00,0.08,11,256.5,1400
  1957.0,4,11927,0,162,0.00,2.72,0.00,0.08,11,257.8,1400
  1958.0,4,11927,0,162,0.00,2.72,0.00,0.08,11,251.7,1400
  1959.0,4,11927,0,162,0.00,2.72,0.00,0.08,11,253.7,1400
  1960.0,4,11927,0,162,0.00,2.72,0.00,0.08,11,249.8,1400
  1961.0,4,11927,0,162,0.00,2.72,0.00,0.08,11,248.4,1400
  1962.0,4,11927,0,162,0.00,2.72,0.00,0.08,11,247.5,1400
  1963.0,4,11927,0,162,0.00,2.72,0.00,0.08,11,248.9,1400
  1964.0,4,11927,0,162,0.00,2.72,0.00,0.08,11,250.4,1400
  1965.0,4,11927,0,162,0.00,2.72,0.00,0.08,11,250.1,1400
  1966.0,4,11927,0,162,0.00,2.72,0.00,0.08,11,251.4,1400
  1967.0,4,11927,0,162,0.00,2.72,0.00,0.08,11,250.2,1400
  1968.0,4,11927,0,162,0.00,2.72,0.00,0.08,11,251.5,1400
  1969.0,4,11927,0,162,0.00,2.72,0.00,0.08,11,251.0,1400
  1970.0,4,11927,0,162,0.00,2.72,0.00,0.08,11,254.1,1400
  1971.0,4,11927,0,162,0.00,2.72,0.00,0.08,11,255.5,1400
  1972.0,4,11927,0,162,0.00,2.72,0.00,0.08,11,252.9,1400
  1973.0,4,11927,0,162,0.00,2.72,0.00,0.08,11,254.2,1400
  1974.0,4,11927,0,162,0.00,2.72,0.00,0.08,11,255.2,1400
  1975.0,4,11927,0,162,0.00,2.72,0.00,0.08,11,256.4,1400
  1976.0,4,11927,0,162,0.00,2.72,0.00,0.08,11,255.9,1400
  1977.0,4,11927,0,162,0.00,2.72,0.00,0.08,11,259.2,1400
  1978.0,4,11927,0,162,0.00,2.72,0.00,0.08,11,260.4,1400
  1979.0,4,11927,0,162,0.00,2.72,0.00,0.08,11,254.3,1400
  1980.0,4,11927,0,162,0.00,2.72,0.00,0.08,11,249.0,1400
  1981.0,4,11927,0,162,0.00,2.72,0.00,0.08,11,251.9,1400
  1982.0,4,11927,0,162,0.00,2.72,0.00,0.08,11,247.2,1400
  1983.0,4,11927,0,162,0.00,2.72,0.00,0.08,11,248.6,1400
  1984.0,4,11927,0,162,0.00,2.72,0.00,0.08,11,247.9,1400
  1985.0,4,11927,0,162,0.00,2.72,0.00,0.08,11,248.9,1400
  1986.0,4,11927,0,162,0.00,2.72,0.00,0.08,11,248.4,1400
  1987.0,4,11927,0,162,0.00,2.72,0.00,0.08,11,249.7,1400
  1988.0,4,11927,0,162,0.00,2.72,0.00,0.08,11,250.9,1400
  1989.0,4,11927,0,162,0.00,2.72,0.00,0.08,11,254.0,1400
  1990.0,4,11927,0,162,0.00,2.72,0.00,0.08,11,253.2,1400
  1991.0,4,11927,0,162,0.00,2.72,0.00,0.08,11,254.4,1400
  1992.0,4,11927,0,162,0.00,2.72,0.00,0.08,11,255.6,1400
  1993.0,4,11927,0,162,0.00,2.72,0.00,0.08,11,254.8,1400
  1994.0,4,11927,0,162,0.00,2.72,0.00,0.08,11,254.3,1400
  1995.0,4,11927,0,162,0.00,2.72,0.00,0.08,11,255.3,1400
  1996.0,4,11927,0,162,0.00,2.72,0.00,0.08,11,258.6,1400
  1997.0,4,11927,0,162,0.00,2.72,0.00,0.08,11,260.5,1400
  1998.0,4,11927,0,162,0.00,2.72,0.00,0.08,11,257.5,1400
  1999.0,4,11927,0,162,0.00,2.72,0.00,0.08,11,252.0,1400
  2000.0,4,11927,0,162,0.00,2.72,0.00,0.08,11,245.9,1400
  2001.0,4,11927,0,162,0.00,2.72,0.00,0.08,11,245.2,1400
  2002.0,4,11927,0,162,0.00,2.72,0.00,0.08,11,246.3,1400
  2003.0,4,11927,0,162,0.00,2.72,0.00,0.08,11,249.7,1400
  2004.0,4,11927,0,162,0.00,2.72,0.00,0.08,11,249.1,1400
  2005.0,4,11927,0,162,0.00,2.72,0.00,0.08,11,248.2,1400
  2006.0,4,11927,0,162,0.00,2.72,0.00,0.08,11,249.3,1400
  2007.0,4,11927,0,162,0.00,2.72,0.00,0.08,11,250.6,1400
  2008.0,4,11927,0,162,0.00,2.72,0.00,0.08,11,252.3,1400
  2009.0,4,11927,0,162,0.00,2.72,0.00,0.08,11,253.3,1400
  2010.0,4,11927,0,162,0.00,2.72,0.00,0.08,11,254.6,1400
  2011.0,4,11927,0,162,0.00,2.72,0.00,0.08,11,254.1,1400
  2012.0,4,11927,0,162,0.00,2.72,0.00,0.08,11,253.3,1400
  2013.0,4,11927,0,162,0.00,2.72,0.00,0.08,11,254.3,1400
  2014.0,4,11927,0,162,0.00,2.72,0.00,0.08,11,255.6,1400
  2015.0,4,11927,0,162,0.00,2.72,0.00,0.08,11,257.1,1400
  2016.0,4,11927,0,162,0.00,2.72,0.00,0.08,11,258.4,1400
  2017.0,4,11927,0,162,0.00,2.72,0.00,0.08,11,257.5,1400
  2018.0,4,11927,0,162,0.00,2.72,0.00,0.08,11,257.0,1400
  2019.0,4,11927,0,162,0.00,2.72,0.00,0.08,11,250.7,1400
  2020.0,4,11927,0,162,0.00,2.72,0.00,0.08,11,248.8,1400
  2021.0,4,11927,0,162,0.00,2.72,0.00,0.08,11,248.5,1400
  2022.0,4,11927,0,162,0.00,2.72,0.00,0.08,11,247.8,1400
  2023.0,4,11927,0,162,0.00,2.72,0.00,0.08,11,249.1,1400
  2024.0,4,11927,0,162,0.00,2.72,0.00,0.08,11,248.3,1400
  2025.0,4,11927,0,162,0.00,2.72,0.00,0.08,11,247.8,1400
  2026.0,4,11927,0,162,0.00,2.72,0.00,0.08,11,249.0,1400
  2027.0,4,11927,0,162,0.00,2.72,0.00,0.08,11,250.3,1400
  2028.0,4,11927,0,162,0.00,2.72,0.00,0.08,11,251.4,1400
  2029.0,4,11927,0,162,0.00,2.72,0.00,0.08,11,250.7,1400
  2030.0,4,11927,0,162,0.00,2.72,0.00,0.08,11,252.0,1400
  2031.0,4,11927,0,162,0.00,2.72,0.00,0.08,11,255.2,1400
  2032.0,4,11927,0,162,0.00,2.72,0.00,0.08,11,252.8,1400
  2033.0,4,11927,0,162,0.00,2.72,0.00,0.08,11,255.8,1400
  2034.0,4,11927,0,162,0.00,2.72,0.00,0.08,11,257.0,1400
  2035.0,4,11927,0,162,0.00,2.72,0.00,0.08,11,260.5,1400
  2036.0,4,11927,0,162,0.00,2.72,0.00,0.08,11,260.5,1400
  2037.0,4,11927,0,162,0.00,2.72,0.00,0.08,11,261.9,1400
  2038.0,4,11927,0,162,0.00,2.72,0.00,0.08,11,261.5,1400
  2039.0,4,11927,0,162,0.00,2.72,0.00,0.08,11,247.6,1400
  2040.0,4,11927,0,162,0.00,2.72,0.00,0.08,11,248.0,1400
  2041.0,4,11927,0,162,0.00,2.72,0.00,0.08,11,249.2,1400
  2042.0,4,11927,0,162,0.00,2.72,0.00,0.08,11,252.3,1400
  2043.0,4,11927,0,162,0.00,2.72,0.00,0.08,11,251.5,1400
  2044.0,4,11927,0,162,0.00,2.72,0.00,0.08,11,252.6,1400
  2045.0,4,11927,0,162,0.00,2.72,0.00,0.08,11,253.8,1400
  2046.0,4,11927,0,162,0.00,2.72,0.00,0.08,11,253.2,1400
  2047.0,4,11927,0,162,0.00,2.72,0.00,0.08,11,256.9,1400
  2048.0,4,11927,0,162,0.00,2.72,0.00,0.08,11,258.0,1400
  2049.0,4,11927,0,162,0.00,2.72,0.00,0.08,11,257.4,1400
  2050.0,4,11927,0,165,0.00,2.72,6.82,0.08,1,256.8,1400
  2051.0,4,11927,0,173,0.00,2.72,7.64,0.09,1,260.7,1400
  2052.0,4,11927,0,176,0.00,2.72,5.57,0.09,1,265.3,1400
  2053.0,4,11927,0,187,0.00,2.72,7.35,0.09,1,257.9,1400
  2054.0,4,11927,0,200,0.00,2.72,12.68,0.10,1,255.8,1400
  2055.0,4,11927,0,211,0.00,2.72,12.18,0.10,1,257.6,1400
  2056.0,4,11927,0,223,0.00,2.72,11.97,0.11,1,258.5,1400
  2057.0,4,11927,0,236,0.00,2.72,12.71,0.12,1,260.9,1400
  2058.0,4,11927,0,248,0.00,2.72,12.70,0.12,1,261.1,1400
  2059.0,4,11927,0,254,0.00,2.72,9.25,0.13,1,259.3,1400
  2060.0,4,11927,0,254,0.00,2.72,3.02,0.13,1,255.5,1400
  2061.0,4,11927,0,254,0.00,2.72,0.00,0.13,1,251.1,1400
  2062.0,4,11927,0,254,0.00,2.72,0.00,0.13,1,252.3,1400
  2063.0,4,11927,0,254,0.00,2.72,0.00,0.13,1,252.4,1400
  2064.0,4,11927,0,254,0.00,2.72,0.00,0.13,1,253.5,1400
  2065.0,4,11927,0,254,0.00,2.72,0.00,0.12,1,255.0,1400
  2066.0,4,11927,0,254,0.00,2.72,0.00,0.12,1,256.6,1400
  2067.0,4,11927,0,254,0.00,2.72,0.00,0.12,1,258.4,1400
  2068.0,4,11927,0,254,0.00,2.72,0.00,0.12,1,257.9,1400
  2069.0,4,11927,0,254,0.00,2.72,0.00,0.12,1,258.9,1400
  2070.0,4,11927,0,254,0.00,2.72,0.00,0.12,1,255.5,1400
  2071.0,4,11927,0,254,0.00,2.72,0.00,0.12,1,258.7,1400
  2072.0,4,11927,0,254,0.00,2.72,0.00,0.12,1,262.0,1400
  2073.0,4,11927,0,254,0.00,2.72,0.00,0.12,1,262.3,1400
  2074.0,4,11927,0,254,0.00,2.72,0.00,0.12,1,265.0,1400
  2075.0,4,11927,0,254,0.00,2.72,0.00,0.12,1,262.3,1400
  2076.0,4,11927,0,254,0.00,2.72,0.00,0.12,1,259.2,1400
  2077.0,4,11927,0,254,0.00,2.72,0.00,0.12,1,254.1,1400
  2078.0,4,11927,0,254,0.00,2.72,0.00,0.12,1,255.9,1400
  2079.0,4,11927,0,254,0.00,2.72,0.00,0.12,1,254.9,1400
  2080.0,4,11927,0,254,0.00,2.72,0.00,0.12,1,258.8,1400
  2081.0,4,11927,0,254,0.00,2.72,0.00,0.12,1,256.5,1400
  2082.0,4,11927,0,254,0.00,2.72,0.00,0.12,1,260.4,1400
  2083.0,4,11927,0,254,0.00,2.72,0.00,0.12,1,258.3,1400
  2084.0,4,11927,0,254,0.00,2.72,0.00,0.12,1,262.1,1400
  2085.0,4,11927,0,254,0.00,2.72,0.00,0.12,1,262.5,1400
  2086.0,4,11927,0,254,0.00,2.72,0.00,0.12,1,265.1,1400
  2087.0,4,11927,0,254,0.00,2.72,0.00,0.12,1,256.7,1400
  2088.0,4,11927,0,254,0.00,2.72,0.00,0.12,1,254.7,1400
  2089.0,4,11927,0,254,0.00,2.72,0.00,0.12,1,253.0,1400
  2090.0,4,11927,0,254,0.00,2.72,0.00,0.12,1,255.5,1400
  2091.0,4,11927,0,254,0.00,2.72,0.00,0.12,1,255.4,1400
  2092.0,4,11927,0,254,0.00,2.72,0.00,0.12,1,257.2,1400
  2093.0,4,11927,0,254,0.00,2.72,0.00,0.12,1,259.6,1400
  2094.0,4,11927,0,254,0.00,2.72,0.00,0.12,1,259.2,1400
  2095.0,4,11927,0,254,0.00,2.72,0.00,0.12,1,259.3,1400
  2096.0,4,11927,0,254,0.00,2.72,0.00,0.12,1,260.2,1400
  2097.0,4,11927,0,254,0.00,2.72,0.00,0.12,1,260.4,1400
  2098.0,4,11927,0,254,0.00,2.72,0.00,0.12,1,257.9,1400
  2099.0,4,11927,0,254,0.00,2.72,0.00,0.12,1,254.4,1400
  2100.0,4,11927,0,254,0.00,2.72,0.00,0.12,1,256.2,1400
  2101.0,4,11927,0,258,0.00,2.72,16.00,0.12,1,252.3,1400
  2102.0,4,11927,0,278,0.00,2.72,19.87,0.13,1,257.1,1400
  2103.0,4,11927,0,294,0.00,2.72,18.10,0.14,1,257.5,1400
  2104.0,4,11927,0,310,0.00,2.72,17.21,0.15,1,258.4,1400
  2105.0,4,11927,0,326,0.00,2.72,16.96,0.16,1,255.0,1400
  2106.0,4,11927,0,342,0.00,2.72,16.43,0.16,1,253.9,1400
  2107.0,4,11927,0,358,0.00,2.72,16.81,0.17,1,255.4,1400
  2108.0,4,11927,0,374,0.00,2.72,17.08,0.18,1,257.9,1400
  2109.0,4,11927,0,383,0.00,2.72,13.11,0.18,1,255.6,1400
  2110.0,4,11927,0,391,0.00,2.72,8.93,0.19,1,256.4,1400
  2111.0,4,11927,0,401,0.00,2.72,9.17,0.19,1,259.7,1400
  2112.0,4,11927,0,417,0.00,2.72,15.03,0.20,1,254.3,1400
  2113.0,4,11927,0,433,0.00,2.72,16.28,0.21,1,252.6,1400
  2114.0,4,11927,0,449,0.00,2.72,16.50,0.21,1,254.8,1400
  2115.0,4,11927,0,465,0.00,2.72,16.67,0.22,1,255.0,1400
  2116.0,4,11927,0,481,0.00,2.72,16.82,0.23,1,257.5,1400
  2117.0,4,11927,0,497,0.00,2.72,17.30,0.24,1,259.0,1400
  2118.0,4,11927,0,511,0.00,2.72,16.17,0.24,1,251.4,1400
  2119.0,4,11927,0,523,0.00,2.72,13.96,0.25,1,253.2,1400
  2120.0,4,11927,0,537,0.00,2.72,13.92,0.26,1,255.0,1400
  2121.0,4,11927,0,549,0.00,2.72,13.46,0.26,1,255.0,1400
  2122.0,4,11927,0,561,0.00,2.72,12.69,0.27,1,259.6,1400
  2123.0,4,11927,0,573,0.00,2.72,12.03,0.27,1,259.4,1400
  2124.0,4,11927,0,585,0.00,2.72,12.31,0.28,1,259.4,1400
  2125.0,4,11927,0,597,0.00,2.72,12.55,0.28,1,253.6,1400
  2126.0,4,11927,0,609,0.00,2.72,12.50,0.29,1,253.0,1400
  2127.0,4,11927,0,621,0.00,2.72,12.77,0.29,1,254.0,1400
  2128.0,4,11927,0,631,0.00,2.72,11.94,0.30,1,256.3,1400
  2129.0,4,11927,0,643,0.00,2.72,11.54,0.30,1,255.2,1400
  2130.0,4,11927,0,653,0.00,2.72,11.12,0.31,1,259.1,1400
  2131.0,4,11927,0,665,0.00,2.72,11.81,0.31,1,260.6,1400
  2132.0,4,11927,0,675,0.00,2.72,11.40,0.32,1,252.3,1400
  2133.0,4,11927,0,685,0.00,2.72,10.94,0.32,1,254.1,1400
  2134.0,4,11927,0,695,0.00,2.72,10.73,0.33,1,253.1,1400
  2135.0,4,11927,0,707,0.00,2.72,11.38,0.33,1,253.6,1400
  2136.0,4,11927,0,717,0.00,2.72,11.17,0.34,1,257.7,1400
  2137.0,4,11927,0,729,0.00,2.72,11.92,0.34,1,255.9,1400
  2138.0,4,11927,0,737,0.00,2.72,10.27,0.35,1,259.6,1400
  2139.0,4,11927,0,737,0.00,2.72,4.35,0.35,1,257.0,1400
  2140.0,4,11927,0,737,0.00,2.72,0.00,0.35,1,257.9,1400
  2141.0,4,11927,0,737,0.00,2.72,0.00,0.35,1,259.3,1400
  2142.0,4,11927,0,737,0.00,2.72,0.00,0.35,1,259.1,1400
  2143.0,4,11927,0,737,0.00,2.72,0.00,0.35,1,261.5,1400
  2144.0,4,11927,0,737,0.00,2.72,0.00,0.35,1,255.8,1400
  2145.0,4,11927,0,737,0.00,2.72,0.00,0.35,1,251.5,1400
  2146.0,4,11927,0,737,0.00,2.72,0.00,0.35,1,250.1,1400
  2147.0,4,11927,0,737,0.00,2.72,0.00,0.35,1,251.0,1400
  2148.0,4,11927,0,737,0.00,2.72,0.00,0.34,1,253.8,1400
  2149.0,4,11927,0,737,0.00,2.72,0.00,0.34,1,253.1,1400
  2150.0,4,11927,0,737,0.00,2.72,0.00,0.34,1,254.5,1400
  2151.0,4,11927,0,737,0.00,2.72,0.00,0.34,1,253.6,1400
  2152.0,4,11927,0,742,0.00,2.72,12.69,0.35,1,255.9,1400
  2153.0,4,11927,0,752,0.00,2.72,10.76,0.35,1,258.6,1400
  2154.0,4,11927,0,761,0.00,2.72,10.39,0.36,1,260.6,1400
  2155.0,4,11927,0,764,0.00,2.72,6.55,0.36,1,258.8,1400
  2156.0,4,11927,0,764,0.00,2.72,1.64,0.36,1,261.5,1400
  2157.0,4,11927,0,764,0.00,2.72,0.00,0.36,1,261.1,1400
  2158.0,4,11927,0,764,0.00,2.72,0.00,0.36,1,260.5,1400
  2159.0,4,11927,0,764,0.00,2.72,0.00,0.36,1,259.9,1400
  2160.0,4,11927,0,764,0.00,2.72,0.00,0.36,1,260.9,1400
  2161.0,4,11927,0,764,0.00,2.72,0.00,0.36,1,257.3,1400
  2162.0,4,11927,0,764,0.00,2.72,0.00,0.36,1,252.3,1400
  2163.0,4,11927,0,764,0.00,2.72,0.00,0.36,1,251.6,1400
  2164.0,4,11927,0,764,0.00,2.72,0.00,0.35,1,250.4,1400
  2165.0,4,11927,0,764,0.00,2.72,0.00,0.35,1,250.7,1400
  2166.0,4,11927,0,764,0.00,2.72,0.00,0.35,1,251.7,1400
  2167.0,4,11927,0,764,0.00,2.72,0.00,0.35,1,254.7,1400
  2168.0,4,11927,0,764,0.00,2.72,0.00,0.35,1,254.6,1400
  2169.0,4,11927,0,764,0.00,2.72,0.00,0.35,1,255.7,1400
  2170.0,4,11927,0,764,0.00,2.72,0.00,0.35,1,256.7,1400
  2171.0,4,11927,0,764,0.00,2.72,0.00,0.35,1,256.4,1400
  2172.0,4,11927,0,764,0.00,2.72,0.00,0.35,1,255.7,1400
  2173.0,4,11927,0,764,0.00,2.72,0.00,0.35,1,256.6,1400
  2174.0,4,11927,0,764,0.00,2.72,0.00,0.35,1,256.5,1400
  2175.0,4,11927,0,764,0.00,2.72,0.00,0.35,1,257.5,1400
  2176.0,4,11927,0,764,0.00,2.72,0.00,0.35,1,261.0,1400
  2177.0,4,11927,0,764,0.00,2.72,0.00,0.35,1,258.4,1400
  2178.0,4,11927,0,764,0.00,2.72,0.00,0.35,1,259.6,1400
  2179.0,4,11927,0,764,0.00,2.72,0.00,0.35,1,260.8,1400
  2180.0,4,11927,0,764,0.00,2.72,0.00,0.35,1,262.4,1400
  2181.0,4,11927,0,764,0.00,2.72,0.00,0.35,1,254.6,1400
  2182.0,4,11927,0,764,0.00,2.72,0.00,0.35,1,251.3,1400
  2183.0,4,11927,0,764,0.00,2.72,0.00,0.35,1,250.8,1400
  2184.0,4,11927,0,764,0.00,2.72,0.00,0.35,1,251.8,1400
  2185.0,4,11927,0,764,0.00,2.72,0.00,0.35,1,251.0,1400
  2186.0,4,11927,0,764,0.00,2.72,0.00,0.35,1,250.3,1400
  2187.0,4,11927,0,764,0.00,2.72,0.00,0.35,1,251.8,1400
  2188.0,4,11927,0,764,0.00,2.72,0.00,0.35,1,253.6,1400
  2189.0,4,11927,0,771,0.00,2.72,10.37,0.35,1,256.3,1400
  2190.0,4,11927,0,782,0.00,2.72,10.78,0.36,1,258.5,1400
  2191.0,4,11927,0,793,0.00,2.72,11.91,0.36,1,260.3,1400
  2192.0,4,11927,0,809,0.00,2.72,15.18,0.37,1,260.6,1400
  2193.0,4,11927,0,820,0.00,2.72,13.71,0.38,1,253.7,1400
  2194.0,4,11927,0,832,0.00,2.72,11.74,0.38,1,255.0,1400
  2195.0,4,11927,0,844,0.00,2.72,13.57,0.39,1,256.5,1400
  2196.0,4,11927,0,864,0.00,2.72,17.49,0.40,1,256.1,1400
  2197.0,4,11927,0,876,0.00,2.72,16.36,0.40,1,258.6,1400
  2198.0,4,11927,0,892,0.00,2.72,16.09,0.41,1,258.0,1400
  2199.0,4,11927,0,908,0.00,2.72,16.10,0.41,1,253.9,1400
  2200.0,4,11927,0,912,0.00,2.72,10.67,0.42,1,256.2,1400
  2201.0,4,11927,0,912,0.00,2.72,2.12,0.42,1,256.0,1400
  2202.0,12,11919,0,914,12.53,0.01,11.45,0.42,1,253.2,1400
  2203.0,24,11907,0,918,14.60,0.01,13.88,0.43,1,255.0,1400
  2204.0,36,11895,0,922,16.87,0.02,16.45,0.43,1,257.1,1400
  2205.0,47,11884,0,926,16.34,0.03,16.10,0.44,1,259.3,1400
  2206.0,58,11873,0,926,15.76,0.04,13.62,0.45,1,252.3,1400
  2207.0,69,11862,0,930,15.64,0.04,13.52,0.45,1,254.6,1400
  2208.0,81,11850,0,934,16.44,0.05,16.20,0.46,1,256.5,1400
  2209.0,93,11838,0,938,17.53,0.06,17.09,0.47,1,256.7,1400
  2210.0,101,11830,0,942,15.27,0.06,15.63,0.47,1,255.9,1400
  2211.0,113,11818,0,946,15.45,0.07,15.82,0.48,1,259.9,1400
  2212.0,121,11810,0,946,13.87,0.07,12.17,0.48,1,258.7,1400
  2213.0,127,11804,0,947,10.32,0.08,8.09,0.49,1,254.5,1400
  2214.0,134,11797,0,951,11.36,0.08,9.33,0.49,1,253.5,1400
  2215.0,138,11793,0,951,7.95,0.09,7.93,0.49,1,255.5,1400
  2216.0,144,11787,0,951,7.63,0.09,5.58,0.49,1,254.9,1400
  2217.0,154,11777,0,951,13.45,0.09,9.84,0.50,1,254.5,1400
  2218.0,166,11765,0,955,17.04,0.10,14.73,0.51,1,256.8,1400
  2219.0,178,11753,0,959,17.46,0.11,17.03,0.51,1,259.5,1400
  2220.0,186,11745,0,959,14.80,0.11,12.99,0.52,1,260.7,1400
  2221.0,199,11732,0,959,16.17,0.12,11.82,0.52,1,262.9,1400
  2222.0,207,11724,0,961,15.07,0.13,12.07,0.53,1,255.0,1400
  2223.0,215,11716,0,965,16.66,0.13,14.37,0.53,1,254.5,1400
  2224.0,219,11712,0,968,9.15,0.13,10.60,0.53,1,255.3,1400
  2225.0,231,11700,0,972,13.00,0.14,12.07,0.54,1,255.2,1400
  2226.0,243,11688,0,976,17.27,0.15,16.84,0.55,1,259.4,1400
  2227.0,255,11676,0,979,17.43,0.16,16.47,0.55,1,260.0,1400
  2228.0,255,11676,0,979,9.59,0.16,7.78,0.55,1,259.9,1400
  2229.0,255,11676,0,979,0.00,0.16,0.00,0.55,1,260.2,1400
  2230.0,257,11674,0,979,10.94,0.16,8.00,0.55,1,259.5,1400
  2231.0,258,11673,0,979,4.01,0.16,2.93,0.55,1,257.2,1400
  2232.0,258,11673,0,979,1.22,0.16,0.89,0.55,1,254.6,1400
  2233.0,258,11673,0,979,0.00,0.16,0.00,0.55,1,255.3,1400
  2234.0,258,11673,0,979,0.00,0.16,0.00,0.55,1,256.0,1400
  2235.0,261,11670,0,979,6.04,0.16,4.42,0.55,1,253.6,1400
  2236.0,269,11662,0,979,9.03,0.16,6.61,0.56,1,256.0,1400
  2237.0,272,11659,0,979,8.68,0.17,6.35,0.56,1,257.8,1400
  2238.0,280,11651,0,979,10.02,0.17,7.33,0.56,1,259.8,1400
  2239.0,288,11643,0,980,11.19,0.18,8.70,0.57,1,260.9,1400
  2240.0,300,11631,0,980,19.12,0.18,11.99,0.57,1,263.3,1400
  2241.0,311,11620,0,980,17.81,0.19,13.02,0.58,1,263.5,1400
  2242.0,319,11612,0,983,14.37,0.19,12.16,0.58,1,263.6,1400
  2243.0,329,11602,0,983,13.56,0.20,11.57,0.58,1,263.2,1400
  2244.0,333,11598,0,986,11.08,0.20,9.84,0.59,1,257.0,1400
  2245.0,338,11593,0,990,6.71,0.21,8.73,0.59,1,255.5,1400
  2246.0,354,11577,0,990,16.52,0.22,14.38,0.60,1,255.3,1400
  2247.0,362,11569,0,993,17.91,0.22,14.74,0.60,1,257.9,1400
  2248.0,373,11558,0,993,17.66,0.23,12.42,0.61,1,259.2,1400
  2249.0,384,11547,0,993,15.95,0.23,11.66,0.61,1,259.3,1400
  2250.0,395,11536,0,993,17.03,0.24,12.46,0.62,1,260.1,1400
  2251.0,403,11528,0,996,15.18,0.24,12.86,0.62,1,264.3,1400
  2252.0,408,11523,0,997,9.57,0.25,9.15,0.62,1,256.6,1400
  2253.0,419,11512,0,997,13.78,0.25,10.71,0.63,1,255.8,1400
  2254.0,431,11500,0,1001,15.98,0.26,13.72,0.64,1,255.9,1400
  2255.0,439,11492,0,1003,13.96,0.27,13.27,0.64,1,256.3,1400
  2256.0,449,11482,0,1003,12.35,0.27,10.04,0.64,1,258.0,1400
  2257.0,459,11472,0,1003,16.72,0.28,12.22,0.65,1,259.0,1400
  2258.0,471,11460,0,1007,16.21,0.29,14.02,0.65,1,263.0,1400
  2259.0,483,11448,0,1011,18.41,0.29,17.96,0.66,1,256.9,1400
  2260.0,488,11443,0,1011,12.76,0.30,11.53,0.66,1,254.2,1400
  2261.0,500,11431,0,1011,13.92,0.30,10.18,0.67,1,258.5,1400
  2262.0,511,11420,0,1011,18.15,0.31,13.27,0.67,1,257.5,1400
  2263.0,517,11414,0,1011,12.58,0.31,9.20,0.68,1,257.5,1400
  2264.0,533,11398,0,1011,18.57,0.32,13.58,0.68,1,263.9,1400
  2265.0,541,11390,0,1015,16.85,0.33,14.38,0.69,1,261.8,1400
  2266.0,551,11380,0,1015,13.59,0.33,12.15,0.69,1,261.6,1400
  2267.0,558,11373,0,1015,12.67,0.34,9.27,0.69,1,257.8,1400
  2268.0,558,11373,0,1015,4.91,0.34,3.59,0.69,1,255.4,1400
  2269.0,562,11369,0,1016,7.43,0.34,6.79,0.70,1,254.6,1400
  2270.0,572,11359,0,1016,11.03,0.34,8.64,0.70,1,257.6,1400
  2271.0,584,11347,0,1016,17.57,0.35,12.85,0.70,1,260.8,1400
  2272.0,600,11331,0,1016,21.48,0.36,15.71,0.71,1,260.9,1400
  2273.0,611,11320,0,1016,18.74,0.37,13.71,0.72,1,262.0,1400
  2274.0,617,11314,0,1020,13.54,0.37,12.23,0.72,1,260.3,1400
  2275.0,629,11302,0,1020,16.78,0.38,11.09,0.72,1,262.2,1400
  2276.0,640,11291,0,1020,18.65,0.38,13.64,0.73,1,254.2,1400
  2277.0,652,11279,0,1020,17.16,0.39,12.55,0.73,1,258.6,1400
  2278.0,660,11271,0,1023,14.44,0.40,12.14,0.74,1,259.0,1400
  2279.0,676,11255,0,1023,16.66,0.41,13.71,0.75,1,260.4,1400
  2280.0,684,11247,0,1026,16.89,0.41,13.90,0.75,1,258.0,1400
  2281.0,696,11235,0,1030,15.29,0.42,15.10,0.76,1,260.5,1400
  2282.0,708,11223,0,1030,20.44,0.42,14.57,0.76,1,255.5,1400
  2283.0,720,11211,0,1030,18.72,0.43,13.69,0.77,1,256.7,1400
  2284.0,724,11207,0,1030,11.66,0.43,8.53,0.77,1,257.0,1400
  2285.0,734,11197,0,1030,13.22,0.44,9.67,0.77,1,259.0,1400
  2286.0,745,11186,0,1030,17.80,0.45,13.02,0.78,1,256.5,1400
  2287.0,756,11175,0,1030,17.05,0.45,12.47,0.78,1,258.0,1400
  2288.0,760,11171,0,1031,12.75,0.45,9.95,0.78,1,259.6,1400
  2289.0,772,11159,0,1031,21.43,0.46,12.27,0.79,1,261.5,1400
  2290.0,787,11144,0,1031,22.63,0.47,16.55,0.79,1,263.8,1400
  2291.0,795,11136,0,1035,16.44,0.47,14.11,0.80,1,255.7,1400
  2292.0,810,11121,0,1035,17.03,0.48,14.61,0.80,1,255.9,1400
  2293.0,820,11111,0,1035,17.36,0.49,12.70,0.81,1,255.2,1400
  2294.0,831,11100,0,1035,15.19,0.50,11.11,0.81,1,256.7,1400
  2295.0,838,11093,0,1039,14.03,0.50,12.54,0.82,1,258.8,1400
  2296.0,850,11081,0,1039,14.32,0.51,12.68,0.82,1,262.1,1400
  2297.0,862,11069,0,1039,19.96,0.51,14.60,0.83,1,263.4,1400
  2298.0,873,11058,0,1039,17.73,0.52,12.96,0.83,1,256.8,1400
  2299.0,888,11043,0,1039,18.99,0.53,13.89,0.84,1,255.4,1400
  2300.0,900,11031,0,1039,19.89,0.54,14.55,0.84,1,259.3,1400
  2301.0,911,11020,0,1039,18.27,0.54,13.36,0.85,1,258.3,1400
  2302.0,923,11008,0,1039,16.52,0.55,12.09,0.85,1,259.3,1400
  2303.0,939,10992,0,1039,20.53,0.56,15.01,0.86,1,260.5,1400
  2304.0,945,10986,0,1039,15.08,0.56,11.03,0.86,1,259.6,1400
  2305.0,948,10983,0,1039,6.67,0.56,4.88,0.86,1,261.9,1400
  2306.0,959,10972,0,1039,10.89,0.57,7.96,0.87,1,256.7,1400
  2307.0,968,10963,0,1039,14.29,0.57,10.45,0.87,1,255.6,1400
  2308.0,984,10947,0,1039,19.73,0.58,14.43,0.88,1,257.8,1400
  2309.0,989,10942,0,1039,15.28,0.59,11.18,0.88,1,259.2,1400
  2310.0,994,10937,0,1039,7.81,0.59,5.71,0.88,1,261.1,1400
  2311.0,1006,10925,0,1043,12.45,0.60,11.25,0.89,1,259.6,1400
  2312.0,1022,10909,0,1043,19.75,0.60,16.51,0.89,1,262.4,1400
  2313.0,1030,10901,0,1045,17.16,0.61,13.60,0.90,1,261.5,1400
  2314.0,1042,10889,0,1045,17.94,0.62,12.51,0.90,1,256.1,1400
  2315.0,1058,10873,0,1045,22.05,0.62,16.13,0.91,1,257.7,1400
  2316.0,1070,10861,0,1049,19.41,0.63,16.23,0.91,1,258.2,1400
  2317.0,1082,10849,0,1049,17.87,0.64,15.25,0.92,1,257.6,1400
  2318.0,1098,10833,0,1049,22.43,0.65,16.40,0.93,1,259.5,1400
  2319.0,1110,10821,0,1049,20.25,0.65,14.81,0.93,1,261.3,1400
  2320.0,1113,10818,0,1050,11.91,0.66,9.29,0.93,1,262.1,1400
  2321.0,1129,10802,0,1050,20.37,0.67,12.27,0.94,1,255.9,1400
  2322.0,1141,10790,0,1050,20.03,0.67,14.64,0.94,1,260.5,1400
  2323.0,1146,10785,0,1050,13.66,0.67,9.99,0.95,1,259.2,1400
  2324.0,1162,10769,0,1050,15.26,0.68,11.16,0.95,1,258.3,1400
  2325.0,1170,10761,0,1054,18.16,0.69,15.50,0.96,1,262.0,1400
  2326.0,1182,10749,0,1054,15.48,0.69,13.58,0.96,1,258.6,1400
  2327.0,1193,10738,0,1054,16.85,0.70,12.33,0.97,1,260.0,1400
  2328.0,1201,10730,0,1054,14.81,0.71,10.83,0.97,1,264.3,1400
  2329.0,1216,10715,0,1054,18.77,0.71,13.72,0.97,1,257.7,1400
  2330.0,1224,10707,0,1056,16.82,0.72,13.38,0.98,1,257.0,1400
  2331.0,1240,10691,0,1056,18.25,0.73,14.46,0.98,1,257.3,1400
  2332.0,1248,10683,0,1060,18.98,0.73,16.19,0.99,1,258.7,1400
  2333.0,1263,10668,0,1060,21.28,0.74,15.52,1.00,1,262.5,1400
  2334.0,1267,10664,0,1064,13.05,0.74,11.55,1.00,1,262.1,1400
  2335.0,1281,10650,0,1064,16.89,0.75,12.28,1.00,1,262.7,1400
  2336.0,1293,10638,0,1064,18.04,0.76,13.19,1.01,1,257.7,1400
  2337.0,1302,10629,0,1064,16.00,0.76,11.71,1.01,1,257.4,1400
  2338.0,1309,10622,0,1064,13.31,0.77,9.74,1.01,1,256.4,1400
  2339.0,1320,10611,0,1066,13.69,0.77,11.13,1.02,1,257.2,1400
  2340.0,1327,10604,0,1066,15.30,0.78,10.74,1.02,1,257.3,1400
  2341.0,1337,10594,0,1066,15.03,0.78,11.00,1.03,1,261.5,1400
  2342.0,1353,10578,0,1070,19.50,0.79,16.46,1.03,1,262.1,1400
  2343.0,1360,10571,0,1074,16.38,0.79,16.15,1.04,1,261.4,1400
  2344.0,1376,10555,0,1074,20.45,0.80,14.69,1.05,1,255.2,1400
  2345.0,1388,10543,0,1078,21.22,0.81,17.74,1.05,1,259.9,1400
  2346.0,1392,10539,0,1082,12.06,0.81,13.23,1.05,1,259.0,1400
  2347.0,1392,10539,0,1082,2.98,0.81,4.35,1.05,1,261.1,1400
  2348.0,1396,10535,0,1082,21.88,0.81,16.00,1.06,1,258.8,1400
  2349.0,1401,10530,0,1082,12.04,0.82,8.81,1.06,1,259.0,1400
  2350.0,1412,10519,0,1082,16.88,0.82,12.34,1.06,1,262.5,1400
  2351.0,1423,10508,0,1082,17.95,0.83,13.13,1.07,1,262.1,1400
  2352.0,1434,10497,0,1082,17.51,0.83,12.81,1.07,1,254.8,1400
  2353.0,1442,10489,0,1086,13.50,0.84,11.95,1.07,1,256.0,1400
  2354.0,1462,10469,0,1086,21.48,0.85,17.96,1.08,1,261.2,1400
  2355.0,1474,10457,0,1086,22.23,0.86,16.26,1.09,1,258.2,1400
  2356.0,1485,10446,0,1086,18.86,0.86,13.80,1.09,1,259.0,1400
  2357.0,1500,10431,0,1086,19.74,0.87,14.44,1.10,1,261.5,1400
  2358.0,1515,10416,0,1086,21.00,0.88,15.36,1.10,1,257.9,1400
  2359.0,1520,10411,0,1086,13.92,0.88,10.18,1.10,1,255.0,1400
  2360.0,1531,10400,0,1086,13.20,0.89,9.66,1.11,1,258.2,1400
  2361.0,1543,10388,0,1086,18.95,0.89,13.86,1.11,1,259.7,1400
  2362.0,1553,10378,0,1086,17.09,0.90,12.50,1.12,1,261.0,1400
  2363.0,1565,10366,0,1086,17.68,0.91,12.93,1.12,1,261.7,1400
  2364.0,1576,10355,0,1086,17.00,0.91,12.43,1.13,1,261.4,1400
  2365.0,1588,10343,0,1090,18.71,0.92,16.06,1.13,1,262.7,1400
  2366.0,1603,10328,0,1090,19.28,0.93,16.19,1.14,1,256.7,1400
  2367.0,1614,10317,0,1090,18.73,0.93,13.69,1.14,1,259.0,1400
  2368.0,1630,10301,0,1090,20.29,0.94,14.84,1.15,1,256.6,1400
  2369.0,1641,10290,0,1094,18.77,0.95,15.76,1.15,1,260.6,1400
  2370.0,1657,10274,0,1094,21.31,0.96,17.90,1.16,1,260.2,1400
  2371.0,1669,10262,0,1098,21.31,0.96,17.82,1.17,1,262.0,1400
  2372.0,1681,10250,0,1098,21.67,0.97,15.50,1.17,1,259.7,1400
  2373.0,1693,10238,0,1102,19.64,0.98,16.76,1.18,1,258.0,1400
  2374.0,1709,10222,0,1102,20.95,0.98,17.51,1.18,1,257.5,1400
  2375.0,1717,10214,0,1102,18.03,0.99,13.19,1.19,1,260.0,1400
  2376.0,1732,10199,0,1102,19.53,1.00,14.29,1.19,1,261.4,1400
  2377.0,1748,10183,0,1102,21.39,1.01,15.65,1.20,1,260.8,1400
  2378.0,1764,10167,0,1102,22.08,1.01,16.15,1.21,1,262.4,1400
  2379.0,1775,10156,0,1102,19.39,1.02,14.18,1.21,1,259.1,1400
  2380.0,1790,10141,0,1102,19.37,1.03,14.17,1.22,1,256.5,1400
  2381.0,1798,10133,0,1102,16.48,1.03,12.05,1.22,1,258.1,1400
  2382.0,1808,10123,0,1102,15.22,1.04,11.13,1.22,1,258.4,1400
  2383.0,1814,10117,0,1102,12.78,1.04,9.35,1.22,1,259.8,1400
  2384.0,1824,10107,0,1102,11.18,1.05,8.18,1.23,1,260.9,1400
  2385.0,1837,10094,0,1102,16.01,1.05,11.71,1.23,1,263.9,1400
  2386.0,1849,10082,0,1106,19.92,1.06,16.90,1.24,1,266.6,1400
  2387.0,1854,10077,0,1106,14.57,1.06,11.41,1.24,1,258.3,1400
  2388.0,1869,10062,0,1106,14.17,1.07,10.36,1.25,1,257.4,1400
  2389.0,1880,10051,0,1106,18.15,1.08,13.27,1.25,1,257.4,1400
  2390.0,1896,10035,0,1106,20.70,1.08,15.14,1.26,1,259.3,1400
  2391.0,1908,10023,0,1106,19.76,1.09,14.46,1.26,1,259.8,1400
  2392.0,1920,10011,0,1109,17.78,1.10,14.63,1.27,1,263.3,1400
  2393.0,1932,9999,0,1109,17.22,1.10,14.17,1.27,1,263.0,1400
  2394.0,1936,9995,0,1109,12.05,1.11,8.82,1.27,1,258.0,1400
  2395.0,1944,9987,0,1111,8.63,1.11,7.37,1.28,1,255.8,1400
  2396.0,1955,9976,0,1115,13.33,1.12,12.83,1.28,1,260.2,1400
  2397.0,1967,9964,0,1119,16.19,1.12,15.95,1.29,1,258.6,1400
  2398.0,1978,9953,0,1119,17.65,1.13,15.15,1.29,1,261.5,1400
  2399.0,1990,9941,0,1119,19.58,1.13,14.32,1.30,1,262.8,1400
  2400.0,2002,9929,0,1122,17.90,1.14,14.73,1.30,1,265.4,1400
  2401.0,2011,9920,0,1122,17.19,1.15,12.21,1.30,1,265.7,1400
  2402.0,2019,9912,0,1122,14.63,1.15,10.70,1.31,1,258.8,1400
  2403.0,2030,9901,0,1122,13.89,1.16,10.15,1.31,1,258.0,1400
  2404.0,2045,9886,0,1122,18.04,1.16,13.20,1.32,1,258.4,1400
  2405.0,2055,9876,0,1122,17.14,1.17,12.54,1.32,1,261.6,1400
  2406.0,2063,9868,0,1124,12.89,1.17,10.48,1.32,1,260.6,1400
  2407.0,2072,9859,0,1124,12.17,1.18,9.95,1.33,1,261.2,1400
  2408.0,2074,9857,0,1124,7.80,1.18,5.70,1.33,1,260.5,1400
  2409.0,2087,9844,0,1124,13.93,1.18,10.19,1.33,1,263.5,1400
  2410.0,2088,9843,0,1128,9.64,1.18,9.06,1.33,1,258.6,1400
  2411.0,2104,9827,0,1128,20.51,1.19,11.05,1.34,1,259.6,1400
  2412.0,2108,9823,0,1128,14.16,1.20,10.36,1.34,1,260.1,1400
  2413.0,2108,9823,0,1128,2.89,1.20,2.11,1.34,1,261.2,1400
  2414.0,2108,9823,0,1128,0.00,1.20,0.00,1.34,1,257.6,1400
  2415.0,2108,9823,0,1128,0.00,1.20,0.00,1.34,1,260.2,1400
  2416.0,2108,9823,0,1128,0.00,1.20,0.00,1.34,1,259.8,1400
  2417.0,2108,9823,0,1128,0.00,1.20,0.00,1.34,1,260.8,1400
  2418.0,2112,9819,0,1128,21.88,1.19,16.00,1.34,1,263.7,1400
  2419.0,2124,9807,0,1128,19.87,1.20,14.53,1.34,1,262.0,1400
  2420.0,2128,9803,0,1128,11.79,1.20,8.63,1.35,1,267.7,1400
  2421.0,2139,9792,0,1128,12.18,1.21,8.91,1.35,1,258.1,1400
  2422.0,2150,9781,0,1128,17.21,1.21,12.59,1.35,1,256.4,1400
  2423.0,2161,9770,0,1128,15.07,1.22,11.02,1.36,1,257.8,1400
  2424.0,2172,9759,0,1128,16.70,1.23,12.22,1.36,1,261.0,1400
  2425.0,2188,9743,0,1128,19.55,1.23,14.30,1.37,1,263.3,1400
  2426.0,2198,9733,0,1128,19.39,1.24,14.18,1.37,1,261.4,1400
  2427.0,2209,9722,0,1128,15.02,1.24,10.99,1.37,1,265.7,1400
  2428.0,2219,9712,0,1128,15.64,1.25,11.44,1.38,1,262.7,1400
  2429.0,2234,9697,0,1128,19.79,1.26,14.48,1.38,1,256.6,1400
  2430.0,2240,9691,0,1128,14.88,1.26,10.89,1.39,1,258.7,1400
  2431.0,2241,9690,0,1128,6.12,1.26,4.48,1.39,1,258.5,1400
  2432.0,2244,9687,0,1128,3.86,1.26,2.82,1.39,1,258.4,1400
  2433.0,2252,9679,0,1128,8.58,1.27,6.27,1.39,1,259.0,1400
  2434.0,2266,9665,0,1128,15.82,1.27,11.57,1.39,1,260.1,1400
  2435.0,2274,9657,0,1128,15.72,1.28,11.50,1.40,1,261.6,1400
  2436.0,2286,9645,0,1128,17.55,1.28,12.84,1.40,1,265.1,1400
  2437.0,2297,9634,0,1128,16.28,1.29,11.91,1.41,1,264.6,1400
  2438.0,2309,9622,0,1128,16.39,1.29,11.99,1.41,1,260.8,1400
  2439.0,2310,9621,0,1128,9.83,1.30,7.19,1.41,1,259.0,1400
  2440.0,2323,9608,0,1128,12.94,1.30,9.47,1.41,1,260.6,1400
  2441.0,2334,9597,0,1128,17.89,1.31,13.09,1.42,1,259.0,1400
  2442.0,2344,9587,0,1128,17.37,1.31,12.70,1.42,1,259.2,1400
  2443.0,2350,9581,0,1128,11.71,1.32,8.57,1.42,1,260.9,1400
  2444.0,2361,9570,0,1128,16.28,1.32,11.90,1.43,1,263.2,1400
  2445.0,2372,9559,0,1128,18.26,1.33,13.36,1.43,1,263.1,1400
  2446.0,2383,9548,0,1128,17.98,1.33,13.15,1.44,1,267.2,1400
  2447.0,2394,9537,0,1128,18.37,1.34,13.44,1.44,1,257.9,1400
  2448.0,2405,9526,0,1128,15.75,1.34,11.52,1.44,1,255.6,1400
  2449.0,2420,9511,0,1128,18.10,1.35,13.24,1.45,1,260.5,1400
  2450.0,2432,9499,0,1128,18.71,1.36,13.68,1.45,1,261.8,1400
  2451.0,2441,9490,0,1128,15.90,1.36,11.63,1.46,1,263.0,1400
  2452.0,2452,9479,0,1128,17.97,1.37,13.14,1.46,1,263.4,1400
  2453.0,2459,9472,0,1128,14.90,1.37,10.90,1.46,1,265.2,1400
  2454.0,2461,9470,0,1128,6.92,1.37,5.06,1.46,1,261.2,1400
  2455.0,2470,9461,0,1128,8.29,1.38,6.06,1.47,1,264.2,1400
  2456.0,2478,9453,0,1128,12.18,1.38,8.91,1.47,1,258.2,1400
  2457.0,2490,9441,0,1128,16.97,1.39,12.41,1.47,1,256.6,1400
  2458.0,2502,9429,0,1128,17.44,1.39,12.76,1.48,1,258.5,1400
  2459.0,2510,9421,0,1128,14.92,1.40,10.91,1.48,1,258.2,1400
  2460.0,2513,9418,0,1128,8.28,1.40,6.06,1.48,1,260.8,1400
  2461.0,2524,9407,0,1128,10.88,1.40,7.96,1.48,1,263.7,1400
  2462.0,2532,9399,0,1128,15.44,1.41,11.29,1.49,1,262.7,1400
  2463.0,2544,9387,0,1128,15.95,1.41,11.67,1.49,1,264.1,1400
  2464.0,2556,9375,0,1128,16.65,1.42,12.18,1.50,1,262.7,1400
  2465.0,2568,9363,0,1128,16.56,1.42,12.11,1.50,1,258.2,1400
  2466.0,2584,9347,0,1128,20.65,1.43,15.09,1.51,1,260.3,1400
  2467.0,2587,9344,0,1128,13.55,1.43,9.91,1.51,1,260.6,1400
  2468.0,2591,9340,0,1128,6.06,1.44,4.44,1.51,1,260.4,1400
  2469.0,2596,9335,0,1128,7.60,1.44,5.56,1.51,1,263.3,1400
  2470.0,2608,9323,0,1128,15.05,1.44,11.01,1.51,1,262.7,1400
  2471.0,2620,9311,0,1128,18.49,1.45,13.52,1.52,1,262.1,1400
  2472.0,2631,9300,0,1128,17.03,1.46,12.46,1.52,1,264.0,1400
  2473.0,2638,9293,0,1128,13.65,1.46,9.98,1.52,1,263.6,1400
  2474.0,2644,9287,0,1128,9.50,1.46,6.95,1.52,1,259.8,1400
  2475.0,2651,9280,0,1128,9.45,1.46,6.91,1.53,1,259.8,1400
  2476.0,2651,9280,0,1128,5.22,1.46,3.81,1.53,1,260.2,1400
  2477.0,2651,9280,0,1128,0.00,1.46,0.00,1.53,1,262.0,1400
  2478.0,2651,9280,0,1128,0.00,1.46,0.00,1.53,1,261.5,1400
  2479.0,2651,9280,0,1128,0.00,1.46,0.00,1.52,1,262.9,1400
  2480.0,2651,9280,0,1128,0.00,1.46,0.00,1.52,1,261.1,1400
  2481.0,2651,9280,0,1128,0.00,1.46,0.00,1.52,1,263.3,1400
  2482.0,2651,9280,0,1128,0.00,1.46,0.00,1.52,1,262.8,1400
  2483.0,2651,9280,0,1128,0.00,1.46,0.00,1.52,1,264.4,1400
  2484.0,2651,9280,0,1128,0.00,1.46,0.00,1.52,1,264.6,1400
  2485.0,2651,9280,0,1128,0.00,1.46,0.00,1.52,1,260.3,1400
  2486.0,2651,9280,0,1128,0.00,1.46,0.00,1.52,1,257.5,1400
  2487.0,2651,9280,0,1128,0.00,1.46,0.00,1.52,1,259.6,1400
  2488.0,2651,9280,0,1128,0.00,1.46,0.00,1.52,1,259.7,1400
  2489.0,2651,9280,0,1128,0.00,1.46,0.00,1.52,1,261.1,1400
  2490.0,2651,9280,0,1128,0.00,1.46,0.00,1.52,1,259.0,1400
  2491.0,2651,9280,0,1128,0.00,1.46,0.00,1.52,1,260.9,1400
  2492.0,2651,9280,0,1128,0.00,1.46,0.00,1.52,1,262.6,1400
  2493.0,2651,9280,0,1128,0.00,1.46,0.00,1.52,1,262.7,1400
  2494.0,2651,9280,0,1128,0.00,1.46,0.00,1.52,1,264.1,1400
  2495.0,2651,9280,0,1128,0.00,1.46,0.00,1.51,1,264.7,1400
  2496.0,2651,9280,0,1128,0.00,1.46,0.00,1.51,1,266.2,1400
  2497.0,2651,9280,0,1128,0.00,1.46,0.00,1.51,1,257.6,1400
  2498.0,2651,9280,0,1128,0.00,1.46,0.00,1.51,1,257.7,1400
  2499.0,2651,9280,0,1128,0.00,1.46,0.00,1.51,1,257.7,1400
  2500.0,2651,9280,0,1128,0.00,1.46,0.00,1.51,1,261.4,1400
  2501.0,2651,9280,0,1128,0.00,1.46,0.00,1.51,1,261.2,1400
  2502.0,2651,9280,0,1128,0.00,1.46,0.00,1.51,1,262.6,1400
  2503.0,2651,9280,0,1128,0.00,1.46,0.00,1.51,1,260.7,1400
  2504.0,2651,9280,0,1128,0.00,1.46,0.00,1.51,1,262.3,1400
  2505.0,2651,9280,0,1128,0.00,1.46,0.00,1.51,1,262.4,1400
  2506.0,2651,9280,0,1128,0.00,1.46,0.00,1.51,1,264.0,1400
  2507.0,2651,9280,0,1128,0.00,1.46,0.00,1.51,1,264.2,1400
  2508.0,2651,9280,0,1128,0.00,1.46,0.00,1.51,1,265.2,1400
  2509.0,2657,9274,0,1128,12.86,1.45,9.40,1.51,1,256.5,1400
  2510.0,2673,9258,0,1128,18.36,1.46,13.43,1.51,1,258.7,1400
  2511.0,2681,9250,0,1128,17.41,1.46,12.73,1.52,1,258.8,1400
  2512.0,2690,9241,0,1128,13.69,1.46,10.01,1.52,1,260.3,1400
  2513.0,2697,9234,0,1128,11.79,1.47,8.63,1.52,1,262.5,1400
  2514.0,2707,9224,0,1128,13.75,1.47,10.06,1.53,1,265.6,1400
  2515.0,2723,9208,0,1128,19.28,1.48,14.09,1.53,1,264.2,1400
  2516.0,2731,9200,0,1128,18.13,1.48,13.26,1.53,1,266.9,1400
  2517.0,2739,9192,0,1128,14.78,1.49,10.81,1.54,1,260.0,1400
  2518.0,2750,9181,0,1128,15.65,1.49,11.45,1.54,1,256.9,1400
  2519.0,2762,9169,0,1128,16.09,1.50,11.77,1.54,1,259.1,1400
  2520.0,2774,9157,0,1128,17.57,1.51,12.85,1.55,1,260.0,1400
  2521.0,2777,9154,0,1128,10.93,1.51,8.00,1.55,1,261.0,1400
  2522.0,2790,9141,0,1128,12.46,1.51,9.11,1.55,1,263.0,1400
  2523.0,2801,9130,0,1128,17.16,1.52,12.55,1.56,1,262.3,1400
  2524.0,2813,9118,0,1128,18.20,1.52,13.31,1.56,1,264.0,1400
  2525.0,2824,9107,0,1128,16.74,1.53,12.24,1.57,1,261.5,1400
  2526.0,2835,9096,0,1128,16.04,1.53,11.73,1.57,1,260.1,1400
  2527.0,2843,9088,0,1128,14.95,1.54,10.93,1.57,1,261.2,1400
  2528.0,2854,9077,0,1128,15.93,1.54,11.65,1.58,1,262.2,1400
  2529.0,2865,9066,0,1128,16.36,1.55,11.97,1.58,1,262.9,1400
  2530.0,2872,9059,0,1128,13.48,1.55,9.86,1.58,1,261.9,1400
  2531.0,2887,9044,0,1128,16.34,1.56,11.95,1.59,1,262.3,1400
  2532.0,2898,9033,0,1128,18.42,1.56,13.47,1.59,1,263.9,1400
  2533.0,2910,9021,0,1128,16.87,1.57,12.34,1.59,1,258.4,1400
  2534.0,2918,9013,0,1128,14.06,1.57,10.28,1.60,1,257.7,1400
  2535.0,2919,9012,0,1128,6.26,1.57,4.58,1.60,1,257.7,1400
  2536.0,2927,9004,0,1128,7.87,1.58,5.76,1.60,1,258.8,1400
  2537.0,2939,8992,0,1128,14.35,1.58,10.49,1.60,1,260.5,1400
  2538.0,2951,8980,0,1128,17.78,1.59,13.01,1.61,1,266.2,1400
  2539.0,2959,8972,0,1128,15.31,1.59,11.20,1.61,1,264.1,1400
  2540.0,2964,8967,0,1128,10.91,1.60,7.98,1.61,1,265.2,1400
  2541.0,2972,8959,0,1128,11.92,1.60,8.72,1.61,1,265.6,1400
  2542.0,2982,8949,0,1128,12.62,1.60,9.23,1.62,1,267.8,1400
  2543.0,2988,8943,0,1128,10.95,1.61,8.01,1.62,1,266.1,1400
  2544.0,3000,8931,0,1128,12.42,1.61,9.08,1.62,1,259.8,1400
  2545.0,3015,8916,0,1128,19.47,1.62,14.24,1.63,1,259.6,1400
  2546.0,3026,8905,0,1128,17.82,1.63,13.03,1.63,1,261.3,1400
  2547.0,3027,8904,0,1128,9.09,1.63,6.65,1.63,1,260.3,1400
  2548.0,3038,8893,0,1128,12.25,1.63,8.96,1.64,1,261.7,1400
  2549.0,3050,8881,0,1128,17.44,1.64,12.76,1.64,1,262.5,1400
  2550.0,3056,8875,0,1128,12.72,1.64,9.31,1.64,1,263.6,1400
  2551.0,3067,8864,0,1128,12.27,1.64,8.98,1.64,1,266.4,1400
  2552.0,3075,8856,0,1128,14.15,1.65,10.35,1.65,1,267.5,1400
  2553.0,3091,8840,0,1128,19.71,1.66,14.41,1.65,1,260.1,1400
  2554.0,3097,8834,0,1128,15.08,1.66,11.03,1.65,1,259.5,1400
  2555.0,3103,8828,0,1128,9.42,1.66,6.89,1.66,1,262.2,1400
  2556.0,3115,8816,0,1128,14.12,1.67,10.33,1.66,1,262.1,1400
  2557.0,3126,8805,0,1128,16.51,1.67,12.07,1.66,1,262.7,1400
  2558.0,3137,8794,0,1128,15.18,1.68,11.10,1.67,1,264.1,1400
  2559.0,3149,8782,0,1128,19.89,1.68,14.55,1.67,1,264.4,1400
  2560.0,3161,8770,0,1128,18.18,1.69,13.30,1.68,1,265.5,1400
  2561.0,3173,8758,0,1128,16.46,1.69,12.03,1.68,1,258.3,1400
  2562.0,3185,8746,0,1128,16.48,1.70,12.05,1.68,1,259.8,1400
  2563.0,3195,8736,0,1128,15.98,1.70,11.69,1.69,1,259.9,1400
  2564.0,3211,8720,0,1128,18.58,1.71,13.59,1.69,1,262.6,1400
  2565.0,3223,8708,0,1128,19.77,1.72,14.46,1.70,1,264.4,1400
  2566.0,3239,8692,0,1128,22.58,1.73,16.52,1.70,1,268.6,1400
  2567.0,3239,8692,0,1128,11.42,1.73,8.36,1.70,1,266.8,1400
  2568.0,3239,8692,0,1128,0.00,1.73,0.00,1.70,1,266.2,1400
  2569.0,3239,8692,0,1128,0.00,1.73,0.00,1.70,1,257.8,1400
  2570.0,3239,8692,0,1128,0.00,1.73,0.00,1.70,1,260.0,1400
  2571.0,3239,8692,0,1128,0.00,1.73,0.00,1.70,1,259.5,1400
  2572.0,3239,8692,0,1128,0.00,1.73,0.00,1.70,1,261.3,1400
  2573.0,3239,8692,0,1128,0.00,1.73,0.00,1.70,1,260.3,1400
  2574.0,3239,8692,0,1128,0.00,1.73,0.00,1.70,1,262.9,1400
  2575.0,3239,8692,0,1128,0.00,1.73,0.00,1.70,1,263.7,1400
  2576.0,3239,8692,0,1128,0.00,1.73,0.00,1.70,1,265.3,1400
  2577.0,3239,8692,0,1128,0.00,1.73,0.00,1.69,1,267.3,1400
  2578.0,3239,8692,0,1128,0.00,1.73,0.00,1.69,1,267.3,1400
  2579.0,3239,8692,0,1128,0.00,1.73,0.00,1.69,1,268.9,1400
  2580.0,3239,8692,0,1128,0.00,1.73,0.00,1.69,1,266.8,1400
  2581.0,3239,8692,0,1128,0.00,1.73,0.00,1.69,1,258.8,1400
  2582.0,3239,8692,0,1128,0.00,1.73,0.00,1.69,1,258.1,1400
  2583.0,3239,8692,0,1128,0.00,1.73,0.00,1.69,1,259.6,1400
  2584.0,3239,8692,0,1128,0.00,1.73,0.00,1.69,1,259.9,1400
  2585.0,3239,8692,0,1128,0.00,1.73,0.00,1.69,1,261.6,1400
  2586.0,3239,8692,0,1128,0.00,1.73,0.00,1.69,1,261.7,1400
  2587.0,3239,8692,0,1128,0.00,1.73,0.00,1.69,1,263.5,1400
  2588.0,3239,8692,0,1128,0.00,1.73,0.00,1.69,1,265.6,1400
  2589.0,3239,8692,0,1128,0.00,1.73,0.00,1.69,1,268.1,1400
  2590.0,3239,8692,0,1128,0.00,1.73,0.00,1.69,1,267.2,1400
  2591.0,3239,8692,0,1128,0.00,1.73,0.00,1.69,1,267.6,1400
  2592.0,3239,8692,0,1128,0.00,1.73,0.00,1.68,1,262.2,1400
  2593.0,3239,8692,0,1128,0.00,1.73,0.00,1.68,1,258.3,1400
  2594.0,3239,8692,0,1128,0.00,1.73,0.00,1.68,1,259.9,1400
  2595.0,3239,8692,0,1128,0.00,1.73,0.00,1.68,1,259.5,1400
  2596.0,3239,8692,0,1128,0.00,1.73,0.00,1.68,1,261.4,1400
  2597.0,3239,8692,0,1128,0.00,1.73,0.00,1.68,1,261.5,1400
  2598.0,3239,8692,0,1128,0.00,1.73,0.00,1.68,1,263.0,1400
  2599.0,3239,8692,0,1128,0.00,1.73,0.00,1.68,1,263.3,1400
  2600.0,3239,8692,0,1128,0.00,1.73,0.00,1.68,1,263.2,1400
  2601.0,3244,8687,0,1128,7.46,1.71,5.46,1.68,1,263.6,1400
  2602.0,3245,8686,0,1128,4.28,1.71,3.13,1.68,1,267.3,1400
  2603.0,3259,8672,0,1128,13.96,1.71,10.21,1.69,1,269.0,1400
  2604.0,3264,8667,0,1128,13.59,1.71,9.94,1.69,1,263.4,1400
  2605.0,3272,8659,0,1128,12.57,1.72,9.19,1.69,1,259.5,1400
  2606.0,3277,8654,0,1128,9.90,1.72,7.24,1.69,1,261.8,1400
  2607.0,3288,8643,0,1128,11.05,1.72,8.08,1.69,1,260.0,1400
  2608.0,3292,8639,0,1129,10.53,1.73,8.21,1.70,1,260.0,1400
  2609.0,3304,8627,0,1129,11.41,1.73,8.87,1.70,1,262.5,1400
  2610.0,3316,8615,0,1129,17.61,1.74,12.88,1.70,1,264.0,1400
  2611.0,3321,8610,0,1129,12.88,1.74,9.42,1.70,1,264.1,1400
  2612.0,3333,8598,0,1129,15.43,1.74,11.29,1.71,1,265.6,1400
  2613.0,3339,8592,0,1129,13.32,1.75,9.75,1.71,1,265.6,1400
  2614.0,3350,8581,0,1129,12.98,1.75,9.49,1.71,1,263.8,1400
  2615.0,3356,8575,0,1129,12.40,1.75,9.07,1.72,1,261.6,1400
  2616.0,3368,8563,0,1129,16.65,1.76,12.18,1.72,1,264.4,1400
  2617.0,3369,8562,0,1129,9.90,1.76,7.24,1.72,1,262.4,1400
  2618.0,3373,8558,0,1129,5.06,1.76,3.70,1.72,1,261.7,1400
  2619.0,3380,8551,0,1129,10.58,1.76,7.74,1.72,1,261.6,1400
  2620.0,3391,8540,0,1129,13.73,1.77,10.04,1.73,1,262.8,1400
  2621.0,3398,8533,0,1129,12.89,1.77,9.43,1.73,1,264.9,1400
  2622.0,3410,8521,0,1129,14.71,1.78,10.76,1.73,1,265.1,1400
  2623.0,3415,8516,0,1129,12.14,1.78,8.88,1.73,1,267.2,1400
  2624.0,3426,8505,0,1129,11.25,1.79,8.23,1.74,1,262.0,1400
  2625.0,3428,8503,0,1129,9.57,1.79,7.00,1.74,1,258.0,1400
  2626.0,3434,8497,0,1129,7.49,1.79,5.48,1.74,1,258.8,1400
  2627.0,3443,8488,0,1129,11.69,1.79,8.55,1.74,1,262.5,1400
  2628.0,3451,8480,0,1129,12.84,1.80,9.39,1.74,1,265.8,1400
  2629.0,3462,8469,0,1129,18.49,1.80,13.52,1.75,1,264.8,1400
  2630.0,3478,8453,0,1129,19.71,1.81,14.42,1.75,2,265.3,1400
  2631.0,3486,8445,0,1129,17.12,1.81,12.52,1.75,2,265.9,1400
  2632.0,3490,8441,0,1129,9.73,1.81,7.11,1.75,2,266.2,1400
  2633.0,3502,8429,0,1129,11.49,1.82,8.40,1.76,2,265.6,1400
  2634.0,3509,8422,0,1129,13.66,1.82,9.99,1.76,2,257.8,1400
  2635.0,3525,8406,0,1129,17.02,1.83,12.45,1.77,2,259.4,1400
  2636.0,3537,8394,0,1129,19.66,1.83,14.38,1.77,2,263.4,1400
  2637.0,3547,8384,0,1129,16.99,1.84,12.43,1.77,2,264.2,1400
  2638.0,3559,8372,0,1129,19.62,1.84,14.35,1.78,2,262.9,1400
  2639.0,3569,8362,0,1129,17.02,1.85,12.45,1.78,2,266.3,1400
  2640.0,3577,8354,0,1129,13.49,1.85,9.87,1.78,2,267.3,1400
  2641.0,3589,8342,0,1129,16.62,1.86,12.16,1.79,2,268.1,1400
  2642.0,3605,8326,0,1129,21.18,1.87,15.50,1.79,2,259.9,1400
  2643.0,3613,8318,0,1129,16.66,1.87,12.18,1.79,2,260.8,1400
  2644.0,3623,8308,0,1129,14.34,1.87,10.48,1.80,2,260.5,1400
  2645.0,3634,8297,0,1129,16.00,1.88,11.71,1.80,2,261.1,1400
  2646.0,3646,8285,0,1129,15.91,1.88,11.64,1.80,2,263.9,1400
  2647.0,3656,8275,0,1129,15.69,1.89,11.48,1.81,2,265.2,1400
  2648.0,3663,8268,0,1129,12.58,1.89,9.20,1.81,2,264.9,1400
  2649.0,3668,8263,0,1129,8.97,1.89,6.56,1.81,2,264.8,1400
  2650.0,3675,8256,0,1129,12.23,1.90,8.94,1.81,2,262.0,1400
  2651.0,3687,8244,0,1129,15.63,1.90,11.43,1.82,2,258.5,1400
  2652.0,3699,8232,0,1129,17.41,1.91,12.73,1.82,2,260.0,1400
  2653.0,3707,8224,0,1129,15.39,1.91,11.25,1.82,2,262.3,1400
  2654.0,3722,8209,0,1129,17.61,1.92,12.88,1.83,2,266.4,1400
  2655.0,3732,8199,0,1129,17.50,1.92,12.80,1.83,2,266.1,1400
  2656.0,3743,8188,0,1129,16.09,1.93,11.77,1.83,2,266.2,1400
  2657.0,3755,8176,0,1129,17.39,1.93,12.72,1.84,2,268.4,1400
  2658.0,3766,8165,0,1129,17.92,1.94,13.11,1.84,2,261.1,1400
  2659.0,3770,8161,0,1129,11.27,1.94,8.24,1.84,2,260.4,1400
  2660.0,3770,8161,0,1129,3.13,1.94,2.29,1.84,2,261.1,1400
  2661.0,3770,8161,0,1129,0.00,1.94,0.00,1.84,2,261.0,1400
  2662.0,3770,8161,0,1129,0.00,1.94,0.00,1.84,2,264.4,1400
  2663.0,3770,8161,0,1129,0.00,1.94,0.00,1.84,2,262.5,1400
  2664.0,3770,8161,0,1129,0.00,1.94,0.00,1.84,2,263.7,1400
  2665.0,3770,8161,0,1129,0.00,1.94,0.00,1.84,2,264.0,1400
  2666.0,3770,8161,0,1129,0.00,1.94,0.00,1.84,2,267.3,1400
  2667.0,3770,8161,0,1129,0.00,1.94,0.00,1.84,2,267.6,1400
  2668.0,3770,8161,0,1129,0.00,1.94,0.00,1.84,2,269.3,1400
  2669.0,3770,8161,0,1129,0.00,1.94,0.00,1.84,2,267.6,1400
  2670.0,3770,8161,0,1129,0.00,1.94,0.00,1.83,2,263.4,1400
  2671.0,3770,8161,0,1129,0.00,1.94,0.00,1.83,2,259.2,1400
  2672.0,3770,8161,0,1129,0.00,1.94,0.00,1.83,2,260.5,1400
  2673.0,3770,8161,0,1129,0.00,1.94,0.00,1.83,2,262.6,1400
  2674.0,3770,8161,0,1129,0.00,1.94,0.00,1.83,2,264.3,1400
  2675.0,3770,8161,0,1129,0.00,1.94,0.00,1.83,2,262.9,1400
  2676.0,3770,8161,0,1129,0.00,1.94,0.00,1.83,2,265.9,1400
  2677.0,3770,8161,0,1129,0.00,1.94,0.00,1.83,2,264.3,1400
  2678.0,3770,8161,0,1129,0.00,1.94,0.00,1.83,2,266.0,1400
  2679.0,3770,8161,0,1129,0.00,1.94,0.00,1.83,2,265.8,1400
  2680.0,3770,8161,0,1129,0.00,1.94,0.00,1.83,2,269.5,1400
  2681.0,3770,8161,0,1129,0.00,1.94,0.00,1.83,2,265.0,1400
  2682.0,3770,8161,0,1129,0.00,1.94,0.00,1.83,2,261.4,1400
  2683.0,3770,8161,0,1129,0.00,1.94,0.00,1.83,2,261.0,1400
  2684.0,3770,8161,0,1129,0.00,1.94,0.00,1.83,2,260.9,1400
  2685.0,3770,8161,0,1129,0.00,1.94,0.00,1.82,2,262.4,1400
  2686.0,3770,8161,0,1129,0.00,1.94,0.00,1.82,2,262.5,1400
  2687.0,3770,8161,0,1129,0.00,1.94,0.00,1.82,2,263.6,1400
  2688.0,3770,8161,0,1129,0.00,1.94,0.00,1.82,2,263.7,1400
  2689.0,3770,8161,0,1129,0.00,1.94,0.00,1.82,2,265.4,1400
  2690.0,3770,8161,0,1129,0.00,1.94,0.00,1.82,2,265.7,1400
  2691.0,3770,8161,0,1129,0.00,1.94,0.00,1.82,2,267.5,1400
  2692.0,3772,8159,0,1129,9.15,1.92,6.69,1.82,2,268.0,1400
  2693.0,3774,8157,0,1131,4.21,1.92,4.62,1.82,2,269.3,1400
  2694.0,3778,8153,0,1131,6.20,1.92,4.48,1.82,2,261.7,1400
  2695.0,3784,8147,0,1131,7.70,1.92,5.63,1.82,2,260.8,1400
  2696.0,3796,8135,0,1131,15.98,1.93,11.69,1.83,2,260.8,1400
  2697.0,3808,8123,0,1131,17.36,1.93,12.70,1.83,2,262.0,1400
  2698.0,3820,8111,0,1131,16.72,1.94,12.23,1.84,2,263.6,1400
  2699.0,3825,8106,0,1131,12.24,1.94,8.95,1.84,2,263.7,1400
  2700.0,3833,8098,0,1131,9.06,1.94,6.63,1.84,2,264.4,1400
  2701.0,3842,8089,0,1131,12.50,1.94,9.14,1.84,2,265.7,1400
  2702.0,3854,8077,0,1131,16.69,1.95,12.21,1.84,2,267.9,1400
  2703.0,3861,8070,0,1131,13.88,1.95,10.15,1.85,2,261.6,1400
  2704.0,3872,8059,0,1131,14.07,1.96,10.29,1.85,2,261.1,1400
  2705.0,3879,8052,0,1131,12.65,1.96,9.25,1.85,2,261.7,1400
  2706.0,3891,8040,0,1131,15.63,1.97,11.43,1.86,2,264.3,1400
  2707.0,3903,8028,0,1131,17.17,1.97,12.56,1.86,2,265.8,1400
  2708.0,3910,8021,0,1131,14.05,1.97,10.28,1.86,2,263.3,1400
  2709.0,3920,8011,0,1131,13.00,1.98,9.51,1.86,2,264.3,1400
  2710.0,3921,8010,0,1131,8.83,1.98,6.45,1.86,2,264.8,1400
  2711.0,3933,7998,0,1131,14.57,1.98,10.66,1.87,2,266.1,1400
  2712.0,3944,7987,0,1131,16.39,1.99,11.99,1.87,2,261.3,1400
  2713.0,3956,7975,0,1131,16.52,1.99,12.08,1.88,2,259.4,1400
  2714.0,3968,7963,0,1131,18.14,2.00,13.27,1.88,2,260.7,1400
  2715.0,3980,7951,0,1131,20.06,2.00,14.67,1.88,2,263.7,1400
  2716.0,3992,7939,0,1131,18.47,2.01,13.51,1.89,2,265.8,1400
  2717.0,4000,7931,0,1131,15.76,2.01,11.53,1.89,2,266.5,1400
  2718.0,4016,7915,0,1131,19.89,2.02,14.55,1.89,2,270.2,1400
  2719.0,4024,7907,0,1131,16.78,2.02,12.27,1.90,2,266.9,1400
  2720.0,4036,7895,0,1131,15.44,2.03,11.29,1.90,2,261.4,1400
  2721.0,4048,7883,0,1131,16.90,2.03,12.36,1.90,2,260.9,1400
  2722.0,4053,7878,0,1131,12.34,2.04,9.02,1.90,2,261.1,1400
  2723.0,4064,7867,0,1131,14.98,2.04,10.96,1.91,2,259.9,1400
  2724.0,4070,7861,0,1131,12.26,2.04,8.97,1.91,2,263.2,1400
  2725.0,4078,7853,0,1131,12.71,2.05,9.30,1.91,2,263.8,1400
  2726.0,4088,7843,0,1131,13.85,2.05,10.13,1.91,2,267.2,1400
  2727.0,4090,7841,0,1131,8.68,2.05,6.35,1.91,2,264.7,1400
  2728.0,4102,7829,0,1131,13.55,2.06,9.90,1.92,2,266.2,1400
  2729.0,4114,7817,0,1131,16.81,2.06,12.30,1.92,2,262.8,1400
  2730.0,4122,7809,0,1131,14.16,2.06,10.36,1.92,2,261.8,1400
  2731.0,4127,7804,0,1131,9.10,2.07,6.66,1.93,2,263.1,1400
  2732.0,4143,7788,0,1131,15.14,2.07,11.08,1.93,2,264.6,1400
  2733.0,4151,7780,0,1131,16.72,2.08,12.23,1.93,2,263.2,1400
  2734.0,4163,7768,0,1131,16.42,2.08,12.00,1.94,2,263.3,1400
  2735.0,4175,7756,0,1131,17.36,2.09,12.70,1.94,2,264.2,1400
  2736.0,4183,7748,0,1131,14.35,2.09,10.50,1.94,2,266.6,1400
  2737.0,4194,7737,0,1131,15.92,2.10,11.64,1.95,2,266.9,1400
  2738.0,4202,7729,0,1131,13.94,2.10,10.20,1.95,2,259.3,1400
  2739.0,4211,7720,0,1131,12.39,2.10,9.06,1.95,2,262.6,1400
  2740.0,4223,7708,0,1131,16.43,2.11,12.02,1.95,2,261.3,1400
  2741.0,4231,7700,0,1131,14.72,2.11,10.76,1.96,2,261.6,1400
  2742.0,4240,7691,0,1131,11.79,2.11,8.62,1.96,2,265.8,1400
  2743.0,4247,7684,0,1131,11.36,2.12,8.31,1.96,2,265.8,1400
  2744.0,4248,7683,0,1131,5.49,2.12,4.02,1.96,2,266.1,1400
  2745.0,4255,7676,0,1131,6.55,2.12,4.79,1.96,2,267.0,1400
  2746.0,4266,7665,0,1131,12.56,2.12,9.18,1.97,2,268.9,1400
  2747.0,4277,7654,0,1131,17.02,2.13,12.45,1.97,2,269.2,1400
  2748.0,4285,7646,0,1131,15.04,2.13,11.00,1.97,2,260.4,1400
  2749.0,4296,7635,0,1131,16.47,2.14,12.05,1.97,2,261.0,1400
  2750.0,4312,7619,0,1131,21.21,2.14,15.52,1.98,2,262.6,1400
  2751.0,4316,7615,0,1131,14.43,2.15,10.55,1.98,2,265.3,1400
  2752.0,4316,7615,0,1131,3.32,2.15,2.43,1.98,2,263.1,1400
  2753.0,4316,7615,0,1131,0.00,2.15,0.00,1.98,2,264.8,1400
  2754.0,4316,7615,0,1131,0.00,2.15,0.00,1.98,2,264.8,1400
  2755.0,4316,7615,0,1131,0.00,2.15,0.00,1.98,2,268.3,1400
  2756.0,4316,7615,0,1131,0.00,2.15,0.00,1.98,2,270.0,1400
  2757.0,4316,7615,0,1131,0.00,2.15,0.00,1.98,2,269.8,1400
  2758.0,4316,7615,0,1131,0.00,2.15,0.00,1.97,2,263.8,1400
  2759.0,4316,7615,0,1131,0.00,2.15,0.00,1.97,2,259.9,1400
  2760.0,4316,7615,0,1131,0.00,2.15,0.00,1.97,2,261.3,1400
  2761.0,4316,7615,0,1131,0.00,2.15,0.00,1.97,2,261.5,1400
  2762.0,4316,7615,0,1131,0.00,2.15,0.00,1.97,2,263.1,1400
  2763.0,4316,7615,0,1131,0.00,2.15,0.00,1.97,2,263.0,1400
  2764.0,4316,7615,0,1131,0.00,2.15,0.00,1.97,2,264.9,1400
  2765.0,4316,7615,0,1131,0.00,2.15,0.00,1.97,2,264.6,1400
  2766.0,4316,7615,0,1131,0.00,2.15,0.00,1.97,2,266.7,1400
  2767.0,4316,7615,0,1131,0.00,2.15,0.00,1.97,2,266.8,1400
  2768.0,4316,7615,0,1131,0.00,2.15,0.00,1.97,2,270.1,1400
  2769.0,4316,7615,0,1131,0.00,2.15,0.00,1.97,2,265.1,1400
  2770.0,4316,7615,0,1131,0.00,2.15,0.00,1.97,2,261.7,1400
  2771.0,4316,7615,0,1131,0.00,2.15,0.00,1.97,2,261.9,1400
  2772.0,4316,7615,0,1131,0.00,2.15,0.00,1.97,2,261.5,1400
  2773.0,4316,7615,0,1131,0.00,2.15,0.00,1.96,2,262.7,1400
  2774.0,4316,7615,0,1131,0.00,2.15,0.00,1.96,2,262.7,1400
  2775.0,4316,7615,0,1131,0.00,2.15,0.00,1.96,2,264.3,1400
  2776.0,4316,7615,0,1131,0.00,2.15,0.00,1.96,2,264.4,1400
  2777.0,4316,7615,0,1131,0.00,2.15,0.00,1.96,2,266.3,1400
  2778.0,4316,7615,0,1131,0.00,2.15,0.00,1.96,2,266.3,1400
  2779.0,4316,7615,0,1131,0.00,2.15,0.00,1.96,2,267.9,1400
  2780.0,4316,7615,0,1131,0.00,2.15,0.00,1.96,2,267.9,1400
  2781.0,4316,7615,0,1131,0.00,2.15,0.00,1.96,2,265.7,1400
  2782.0,4316,7615,0,1131,0.00,2.15,0.00,1.96,2,262.1,1400
  2783.0,4316,7615,0,1131,0.00,2.15,0.00,1.96,2,262.3,1400
  2784.0,4316,7615,0,1131,0.00,2.15,0.00,1.96,2,262.4,1400
  2785.0,4324,7607,0,1131,14.45,2.12,10.57,1.96,2,260.7,1400
  2786.0,4334,7597,0,1131,14.01,2.13,10.24,1.96,2,263.1,1400
  2787.0,4344,7587,0,1131,14.51,2.13,10.62,1.96,2,264.7,1400
  2788.0,4355,7576,0,1131,15.23,2.14,11.14,1.97,2,265.6,1400
  2789.0,4367,7564,0,1131,18.90,2.14,13.82,1.97,2,269.2,1400
  2790.0,4368,7563,0,1131,10.19,2.14,7.45,1.97,2,266.5,1400
  2791.0,4384,7547,0,1131,17.10,2.15,12.51,1.98,2,262.2,1400
  2792.0,4392,7539,0,1131,17.14,2.15,12.53,1.98,2,264.0,1400
  2793.0,4401,7530,0,1131,13.47,2.15,9.85,1.98,2,265.1,1400
  2794.0,4409,7522,0,1131,14.33,2.16,10.48,1.98,2,264.9,1400
  2795.0,4419,7512,0,1131,14.64,2.16,10.71,1.99,2,266.6,1400
  2796.0,4430,7501,0,1131,14.54,2.17,10.64,1.99,2,267.4,1400
  2797.0,4442,7489,0,1131,16.83,2.17,12.31,1.99,2,267.8,1400
  2798.0,4449,7482,0,1131,13.87,2.17,10.14,1.99,2,266.5,1400
  2799.0,4454,7477,0,1131,8.94,2.18,6.54,2.00,2,268.0,1400
  2800.0,4462,7469,0,1131,12.44,2.18,9.10,2.00,2,263.3,1400
  2801.0,4472,7459,0,1131,14.81,2.18,10.83,2.00,2,259.9,1400
  2802.0,4475,7456,0,1131,9.51,2.18,6.96,2.00,2,263.8,1400
  2803.0,4484,7447,0,1131,9.16,2.19,6.70,2.00,2,265.2,1400
  2804.0,4496,7435,0,1131,15.18,2.19,11.11,2.01,2,262.7,1400
  2805.0,4512,7419,0,1131,19.44,2.20,14.22,2.01,2,266.4,1400
  2806.0,4520,7411,0,1131,16.84,2.20,12.31,2.01,2,267.0,1400
  2807.0,4532,7399,0,1131,15.18,2.21,11.10,2.02,2,269.3,1400
  2808.0,4535,7396,0,1131,11.27,2.21,8.25,2.02,2,269.7,1400
  2809.0,4538,7393,0,1131,5.09,2.21,3.72,2.02,2,270.1,1400
  2810.0,4548,7383,0,1131,9.35,2.21,6.84,2.02,2,263.1,1400
  2811.0,4560,7371,0,1131,17.98,2.22,13.15,2.02,2,260.5,1400
  2812.0,4567,7364,0,1131,14.58,2.22,10.66,2.03,2,262.7,1400
  2813.0,4579,7352,0,1131,15.15,2.23,11.08,2.03,2,264.3,1400
  2814.0,4591,7340,0,1131,17.77,2.23,12.99,2.03,2,264.7,1400
  2815.0,4596,7335,0,1131,12.49,2.23,9.13,2.03,2,268.1,1400
  2816.0,4606,7325,0,1131,11.24,2.24,8.22,2.04,2,265.3,1400
  2817.0,4614,7317,0,1131,13.28,2.24,9.71,2.04,2,265.9,1400
  2818.0,4624,7307,0,1131,14.30,2.24,10.46,2.04,2,270.7,1400
  2819.0,4636,7295,0,1131,16.88,2.25,12.35,2.05,2,263.3,1400
  2820.0,4647,7284,0,1131,17.59,2.25,12.86,2.05,2,262.9,1400
  2821.0,4659,7272,0,1131,17.84,2.26,13.05,2.05,2,264.7,1400
  2822.0,4671,7260,0,1131,18.53,2.26,13.55,2.06,2,266.5,1400
  2823.0,4683,7248,0,1131,18.26,2.27,13.36,2.06,2,264.6,1400
  2824.0,4688,7243,0,1131,12.39,2.27,9.06,2.06,2,266.3,1400
  2825.0,4700,7231,0,1131,12.08,2.27,8.84,2.06,2,266.6,1400
  2826.0,4708,7223,0,1131,15.71,2.28,11.49,2.07,2,267.6,1400
  2827.0,4719,7212,0,1131,14.88,2.28,10.88,2.07,2,264.6,1400
  2828.0,4728,7203,0,1131,13.73,2.29,10.04,2.07,2,263.9,1400
  2829.0,4740,7191,0,1131,17.92,2.29,13.11,2.08,2,261.3,1400
  2830.0,4747,7184,0,1131,14.92,2.29,10.91,2.08,2,262.4,1400
  2831.0,4761,7170,0,1131,16.51,2.30,12.08,2.08,2,265.9,1400
  2832.0,4768,7163,0,1131,14.44,2.30,10.56,2.08,2,268.2,1400
  2833.0,4773,7158,0,1131,10.04,2.30,7.34,2.08,2,267.6,1400
  2834.0,4785,7146,0,1131,15.03,2.31,11.00,2.09,2,270.0,1400
  2835.0,4801,7130,0,1131,20.43,2.32,14.94,2.09,2,263.9,1400
  2836.0,4813,7118,0,1131,19.40,2.32,14.19,2.10,2,264.2,1400
  2837.0,4821,7110,0,1131,15.41,2.32,11.27,2.10,2,262.3,1400
  2838.0,4832,7099,0,1131,14.87,2.33,10.87,2.10,2,262.8,1400
  2839.0,4840,7091,0,1131,13.29,2.33,9.71,2.10,2,263.4,1400
  2840.0,4850,7081,0,1131,12.95,2.33,9.47,2.11,2,266.3,1400
  2841.0,4862,7069,0,1131,15.36,2.34,11.24,2.11,2,268.5,1400
  2842.0,4867,7064,0,1131,12.21,2.34,8.93,2.11,2,266.3,1400
  2843.0,4877,7054,0,1131,10.33,2.35,7.56,2.11,2,267.1,1400
  2844.0,4880,7051,0,1131,8.94,2.35,6.54,2.11,2,267.6,1400
  2845.0,4880,7051,0,1131,2.37,2.35,1.73,2.11,2,263.5,1400
  2846.0,4880,7051,0,1131,0.00,2.35,0.00,2.11,2,264.3,1400
  2847.0,4880,7051,0,1131,0.00,2.35,0.00,2.11,2,264.1,1400
  2848.0,4880,7051,0,1131,0.00,2.35,0.00,2.11,2,265.4,1400
  2849.0,4880,7051,0,1131,0.00,2.35,0.00,2.11,2,263.5,1400
  2850.0,4880,7051,0,1131,0.00,2.35,0.00,2.11,2,265.1,1400
  2851.0,4880,7051,0,1131,0.00,2.35,0.00,2.11,2,265.1,1400
  2852.0,4880,7051,0,1131,0.00,2.35,0.00,2.11,2,268.8,1400
  2853.0,4880,7051,0,1131,0.00,2.35,0.00,2.11,2,269.2,1400
  2854.0,4880,7051,0,1131,0.00,2.35,0.00,2.11,2,268.7,1400
  2855.0,4880,7051,0,1131,0.00,2.35,0.00,2.11,2,268.6,1400
  2856.0,4880,7051,0,1131,0.00,2.35,0.00,2.10,2,263.0,1400
  2857.0,4880,7051,0,1131,0.00,2.35,0.00,2.10,2,262.5,1400
  2858.0,4880,7051,0,1131,0.00,2.35,0.00,2.10,2,264.4,1400
  2859.0,4880,7051,0,1131,0.00,2.35,0.00,2.10,2,264.1,1400
  2860.0,4880,7051,0,1131,0.00,2.35,0.00,2.10,2,265.8,1400
  2861.0,4880,7051,0,1131,0.00,2.35,0.00,2.10,2,265.6,1400
  2862.0,4880,7051,0,1131,0.00,2.35,0.00,2.10,2,265.3,1400
  2863.0,4880,7051,0,1131,0.00,2.35,0.00,2.10,2,265.3,1400
  2864.0,4880,7051,0,1131,0.00,2.35,0.00,2.10,2,267.1,1400
  2865.0,4880,7051,0,1131,0.00,2.35,0.00,2.10,2,267.1,1400
  2866.0,4880,7051,0,1131,0.00,2.35,0.00,2.10,2,270.1,1400
  2867.0,4880,7051,0,1131,0.00,2.35,0.00,2.10,2,263.3,1400
  2868.0,4880,7051,0,1131,0.00,2.35,0.00,2.10,2,260.7,1400
  2869.0,4880,7051,0,1131,0.00,2.35,0.00,2.10,2,260.5,1400
  2870.0,4880,7051,0,1131,0.00,2.35,0.00,2.09,2,264.2,1400
  2871.0,4880,7051,0,1131,0.00,2.35,0.00,2.09,2,264.4,1400
  2872.0,4880,7051,0,1131,0.00,2.35,0.00,2.09,2,265.0,1400
  2873.0,4880,7051,0,1131,0.00,2.35,0.00,2.09,2,265.9,1400
  2874.0,4880,7051,0,1131,0.00,2.35,0.00,2.09,2,265.6,1400
  2875.0,4880,7051,0,1131,0.00,2.35,0.00,2.09,2,265.7,1400
  2876.0,4880,7051,0,1131,0.00,2.35,0.00,2.09,2,267.2,1400
  2877.0,4881,7050,0,1131,4.50,2.32,3.29,2.09,2,266.4,1400
  2878.0,4885,7046,0,1131,5.25,2.32,3.84,2.09,2,270.5,1400
  2879.0,4897,7034,0,1131,11.46,2.33,8.38,2.09,2,265.7,1400
  2880.0,4905,7026,0,1131,15.26,2.33,11.16,2.10,2,261.9,1400
  2881.0,4917,7014,0,1131,17.45,2.33,12.76,2.10,2,263.1,1400
  2882.0,4929,7002,0,1131,17.74,2.34,12.97,2.10,2,264.6,1400
  2883.0,4941,6990,0,1131,17.57,2.34,12.85,2.11,2,266.3,1400
  2884.0,4953,6978,0,1131,17.99,2.35,13.15,2.11,2,265.2,1400
  2885.0,4965,6966,0,1131,19.17,2.35,14.02,2.11,2,269.2,1400
  2886.0,4977,6954,0,1131,19.29,2.36,14.11,2.12,2,271.1,1400
  2887.0,4989,6942,0,1131,18.48,2.36,13.51,2.12,2,265.0,1400
  2888.0,4994,6937,0,1131,12.48,2.36,9.12,2.12,2,262.8,1400
  2889.0,5006,6925,0,1131,16.08,2.37,11.76,2.12,2,263.9,1400
  2890.0,5013,6918,0,1131,14.51,2.37,10.61,2.13,2,264.4,1400
  2891.0,5017,6914,0,1131,9.65,2.37,7.06,2.13,2,263.6,1400
  2892.0,5029,6902,0,1131,12.17,2.38,8.90,2.13,2,265.8,1400
  2893.0,5041,6890,0,1131,18.64,2.38,13.63,2.13,2,267.7,1400
  2894.0,5053,6878,0,1131,19.31,2.39,14.13,2.14,2,269.1,1400
  2895.0,5054,6877,0,1131,10.77,2.39,7.88,2.14,2,268.7,1400
  2896.0,5066,6865,0,1131,14.50,2.39,10.60,2.14,2,264.2,1400
  2897.0,5074,6857,0,1131,14.16,2.40,10.36,2.14,2,262.9,1400
  2898.0,5082,6849,0,1131,11.41,2.40,8.35,2.14,2,264.9,1400
  2899.0,5094,6837,0,1131,14.95,2.40,10.93,2.15,2,266.1,1400
  2900.0,5102,6829,0,1131,16.44,2.41,12.03,2.15,2,264.2,1400
  2901.0,5114,6817,0,1131,15.15,2.41,11.08,2.15,2,266.5,1400
  2902.0,5119,6812,0,1131,12.16,2.41,8.90,2.15,2,266.5,1400
  2903.0,5131,6800,0,1131,15.62,2.42,11.42,2.16,2,267.6,1400
  2904.0,5139,6792,0,1131,15.60,2.42,11.41,2.16,2,269.0,1400
  2905.0,5144,6787,0,1131,9.46,2.42,6.92,2.16,2,269.8,1400
  2906.0,5148,6783,0,1131,7.11,2.42,5.20,2.16,2,261.9,1400
  2907.0,5160,6771,0,1131,12.46,2.43,9.12,2.16,2,262.1,1400
  2908.0,5172,6759,0,1131,17.57,2.43,12.85,2.17,2,266.0,1400
  2909.0,5180,6751,0,1131,14.61,2.43,10.68,2.17,2,264.9,1400
  2910.0,5191,6740,0,1131,14.53,2.44,10.63,2.17,2,267.4,1400
  2911.0,5199,6732,0,1131,13.19,2.44,9.64,2.17,2,268.1,1400
  2912.0,5211,6720,0,1131,16.14,2.45,11.81,2.18,2,269.1,1400
  2913.0,5219,6712,0,1131,14.78,2.45,10.81,2.18,2,270.4,1400
  2914.0,5223,6708,0,1131,9.04,2.45,6.62,2.18,2,267.3,1400
  2915.0,5231,6700,0,1131,8.58,2.45,6.28,2.18,2,263.0,1400
  2916.0,5243,6688,0,1131,15.70,2.46,11.47,2.19,2,261.7,1400
  2917.0,5251,6680,0,1131,15.23,2.46,11.14,2.19,2,263.1,1400
  2918.0,5263,6668,0,1131,16.31,2.47,11.93,2.19,2,264.8,1400
  2919.0,5275,6656,0,1131,16.76,2.47,12.26,2.19,2,264.8,1400
  2920.0,5287,6644,0,1131,17.98,2.48,13.15,2.20,2,265.4,1400
  2921.0,5295,6636,0,1131,15.54,2.48,11.36,2.20,2,267.4,1400
  2922.0,5300,6631,0,1131,10.09,2.48,7.38,2.20,2,267.4,1400
  2923.0,5301,6630,0,1131,4.69,2.48,3.43,2.20,2,270.6,1400
  2924.0,5307,6624,0,1131,7.41,2.48,5.42,2.20,2,272.1,1400
  2925.0,5319,6612,0,1131,12.50,2.49,9.14,2.21,2,265.2,1400
  2926.0,5324,6607,0,1131,12.48,2.49,9.13,2.21,2,265.3,1400
  2927.0,5332,6599,0,1131,11.83,2.49,8.66,2.21,2,262.3,1400
  2928.0,5339,6592,0,1131,11.70,2.49,8.56,2.21,2,263.6,1400
  2929.0,5351,6580,0,1131,14.30,2.50,10.46,2.21,2,264.4,1400
  2930.0,5358,6573,0,1131,13.07,2.50,9.56,2.21,2,264.9,1400
  2931.0,5370,6561,0,1131,15.15,2.51,11.08,2.22,2,267.0,1400
  2932.0,5378,6553,0,1131,14.39,2.51,10.53,2.22,2,266.8,1400
  2933.0,5383,6548,0,1131,10.08,2.51,7.37,2.22,2,269.7,1400
  2934.0,5389,6542,0,1131,9.22,2.51,6.74,2.22,2,270.3,1400
  2935.0,5396,6535,0,1131,9.15,2.51,6.69,2.22,2,265.8,1400
  2936.0,5396,6535,0,1131,5.30,2.51,3.88,2.22,2,263.4,1400
  2937.0,5396,6535,0,1131,0.00,2.51,0.00,2.22,2,263.6,1400
  2938.0,5396,6535,0,1131,0.00,2.51,0.00,2.22,2,264.3,1400
  2939.0,5396,6535,0,1131,0.00,2.51,0.00,2.22,2,264.6,1400
  2940.0,5396,6535,0,1131,0.00,2.51,0.00,2.22,2,263.3,1400
  2941.0,5396,6535,0,1131,0.00,2.51,0.00,2.22,2,265.6,1400
  2942.0,5396,6535,0,1131,0.00,2.51,0.00,2.22,2,267.4,1400
  2943.0,5396,6535,0,1131,0.00,2.51,0.00,2.22,2,266.8,1400
  2944.0,5396,6535,0,1131,0.00,2.51,0.00,2.22,2,266.7,1400
  2945.0,5396,6535,0,1131,0.00,2.51,0.00,2.22,2,267.4,1400
  2946.0,5396,6535,0,1131,0.00,2.51,0.00,2.22,2,268.1,1400
  2947.0,5396,6535,0,1131,0.00,2.51,0.00,2.21,2,272.1,1400
  2948.0,5396,6535,0,1131,0.00,2.51,0.00,2.21,2,264.0,1400
  2949.0,5396,6535,0,1131,0.00,2.51,0.00,2.21,2,263.5,1400
  2950.0,5396,6535,0,1131,0.00,2.51,0.00,2.21,2,262.6,1400
  2951.0,5396,6535,0,1131,0.00,2.51,0.00,2.21,2,262.5,1400
  2952.0,5396,6535,0,1131,0.00,2.51,0.00,2.21,2,263.9,1400
  2953.0,5396,6535,0,1131,0.00,2.51,0.00,2.21,2,263.9,1400
  2954.0,5396,6535,0,1131,0.00,2.51,0.00,2.21,2,267.2,1400
  2955.0,5396,6535,0,1131,0.00,2.51,0.00,2.21,2,266.3,1400
  2956.0,5396,6535,0,1131,0.00,2.51,0.00,2.21,2,268.7,1400
  2957.0,5396,6535,0,1131,0.00,2.51,0.00,2.21,2,268.3,1400
  2958.0,5396,6535,0,1131,0.00,2.51,0.00,2.21,2,268.9,1400
  2959.0,5396,6535,0,1131,0.00,2.51,0.00,2.21,2,271.5,1400
  2960.0,5396,6535,0,1131,0.00,2.51,0.00,2.21,2,271.0,1400
  2961.0,5396,6535,0,1131,0.00,2.51,0.00,2.20,2,266.6,1400
  2962.0,5396,6535,0,1131,0.00,2.51,0.00,2.20,2,262.2,1400
  2963.0,5396,6535,0,1131,0.00,2.51,0.00,2.20,2,263.5,1400
  2964.0,5396,6535,0,1131,0.00,2.51,0.00,2.20,2,261.3,1400
  2965.0,5396,6535,0,1131,0.00,2.51,0.00,2.20,2,262.1,1400
  2966.0,5396,6535,0,1131,0.00,2.51,0.00,2.20,2,264.7,1400
  2967.0,5396,6535,0,1131,0.00,2.51,0.00,2.20,2,264.4,1400
  2968.0,5396,6535,0,1131,0.00,2.51,0.00,2.20,2,267.2,1400
  2969.0,5406,6525,0,1131,20.59,2.49,15.06,2.20,2,266.0,1400
  2970.0,5418,6513,0,1131,18.08,2.49,13.22,2.21,2,267.1,1400
  2971.0,5430,6501,0,1131,19.79,2.50,14.48,2.21,2,269.0,1400
  2972.0,5435,6496,0,1131,13.18,2.50,9.64,2.21,2,269.4,1400
  2973.0,5442,6489,0,1131,8.75,2.50,6.40,2.21,2,264.1,1400
  2974.0,5447,6484,0,1131,11.34,2.50,8.29,2.21,2,263.3,1400
  2975.0,5459,6472,0,1131,12.61,2.51,9.22,2.22,2,263.9,1400
  2976.0,5467,6464,0,1131,16.14,2.51,11.80,2.22,2,262.4,1400
  2977.0,5479,6452,0,1131,16.06,2.52,11.74,2.22,2,264.2,1400
  2978.0,5484,6447,0,1131,12.67,2.52,9.26,2.22,2,268.2,1400
  2979.0,5492,6439,0,1131,13.74,2.52,10.05,2.22,2,267.8,1400
  2980.0,5499,6432,0,1131,12.24,2.52,8.95,2.22,2,270.3,1400
  2981.0,5511,6420,0,1131,14.42,2.53,10.54,2.23,2,269.6,1400
  2982.0,5517,6414,0,1131,13.20,2.53,9.65,2.23,2,263.3,1400
  2983.0,5525,6406,0,1131,10.66,2.53,7.80,2.23,2,262.1,1400
  2984.0,5535,6396,0,1131,14.55,2.54,10.64,2.23,2,263.1,1400
  2985.0,5540,6391,0,1131,10.52,2.54,7.69,2.23,2,264.7,1400
  2986.0,5548,6383,0,1131,13.55,2.54,9.91,2.24,2,266.0,1400
  2987.0,5553,6378,0,1131,9.93,2.54,7.26,2.24,2,267.1,1400
  2988.0,5564,6367,0,1131,12.84,2.55,9.40,2.24,2,268.2,1400
  2989.0,5576,6355,0,1131,15.75,2.55,11.52,2.24,2,268.0,1400
  2990.0,5587,6344,0,1131,17.49,2.55,12.79,2.25,2,268.7,1400
  2991.0,5599,6332,0,1131,16.66,2.56,12.18,2.25,2,263.3,1400
  2992.0,5610,6321,0,1131,17.13,2.56,12.53,2.25,2,261.2,1400
  2993.0,5622,6309,0,1131,16.08,2.57,11.76,2.26,2,264.2,1400
  2994.0,5630,6301,0,1131,15.47,2.57,11.31,2.26,2,266.1,1400
  2995.0,5642,6289,0,1131,16.89,2.58,12.35,2.26,2,265.2,1400
  2996.0,5652,6279,0,1131,16.06,2.58,11.75,2.26,2,266.2,1400
  2997.0,5659,6272,0,1131,12.23,2.58,8.95,2.27,2,269.7,1400
  2998.0,5667,6264,0,1131,12.44,2.58,9.10,2.27,2,271.3,1400
  2999.0,5678,6253,0,1131,14.08,2.59,10.30,2.27,2,270.3,1400
  3000.0,5690,6241,0,1131,16.67,2.59,12.20,2.27,2,264.4,1400
  3001.0,5697,6234,0,1131,14.05,2.60,10.28,2.28,2,261.8,1400
  3002.0,5705,6226,0,1131,11.84,2.60,8.66,2.28,2,264.3,1400
  3003.0,5713,6218,0,1131,11.31,2.60,8.27,2.28,2,263.3,1400
  3004.0,5718,6213,0,1131,9.96,2.60,7.28,2.28,2,262.5,1400
  3005.0,5729,6202,0,1131,11.00,2.61,8.04,2.28,2,265.6,1400
  3006.0,5737,6194,0,1131,14.59,2.61,10.67,2.28,2,267.5,1400
  3007.0,5746,6185,0,1131,13.15,2.61,9.62,2.29,2,268.9,1400
  3008.0,5754,6177,0,1131,14.89,2.62,10.89,2.29,2,267.8,1400
  3009.0,5764,6167,0,1131,15.47,2.62,11.31,2.29,2,266.0,1400
  3010.0,5776,6155,0,1131,15.30,2.62,11.19,2.29,2,261.7,1400
  3011.0,5782,6149,0,1131,13.30,2.63,9.72,2.30,2,261.3,1400
  3012.0,5794,6137,0,1131,13.94,2.63,10.19,2.30,2,265.4,1400
  3013.0,5802,6129,0,1131,15.66,2.63,11.45,2.30,2,267.0,1400
  3014.0,5808,6123,0,1131,11.19,2.63,8.19,2.30,2,267.9,1400
  3015.0,5824,6107,0,1131,17.23,2.64,12.60,2.31,2,267.5,1400
  3016.0,5829,6102,0,1131,14.42,2.64,10.54,2.31,2,266.8,1400
  3017.0,5836,6095,0,1131,9.17,2.64,6.70,2.31,2,267.8,1400
  3018.0,5848,6083,0,1131,15.16,2.65,11.09,2.31,2,270.1,1400
  3019.0,5860,6071,0,1131,17.83,2.65,13.04,2.32,2,263.6,1400
  3020.0,5872,6059,0,1131,20.18,2.66,14.76,2.32,2,262.6,1400
  3021.0,5874,6057,0,1131,11.05,2.66,8.08,2.32,2,264.0,1400
  3022.0,5884,6047,0,1131,10.67,2.66,7.80,2.32,2,264.4,1400
  3023.0,5892,6039,0,1131,12.99,2.66,9.50,2.32,2,265.9,1400
  3024.0,5904,6027,0,1131,15.91,2.67,11.63,2.33,2,267.8,1400
  3025.0,5916,6015,0,1131,17.81,2.67,13.03,2.33,2,268.8,1400
  3026.0,5928,6003,0,1131,17.53,2.68,12.82,2.33,2,271.0,1400
  3027.0,5932,5999,0,1131,12.94,2.68,9.46,2.33,2,270.5,1400
  3028.0,5932,5999,0,1131,3.12,2.68,2.28,2.33,2,261.3,1400
  3029.0,5932,5999,0,1131,0.00,2.68,0.00,2.33,2,262.3,1400
  3030.0,5932,5999,0,1131,0.00,2.68,0.00,2.33,2,264.1,1400
  3031.0,5932,5999,0,1131,0.00,2.68,0.00,2.33,2,265.8,1400
  3032.0,5932,5999,0,1131,0.00,2.68,0.00,2.33,2,266.7,1400
  3033.0,5932,5999,0,1131,0.00,2.68,0.00,2.33,2,266.6,1400
  3034.0,5932,5999,0,1131,0.00,2.68,0.00,2.33,2,266.3,1400
  3035.0,5932,5999,0,1131,0.00,2.68,0.00,2.33,2,266.3,1400
  3036.0,5932,5999,0,1131,0.00,2.68,0.00,2.33,2,270.2,1400
  3037.0,5932,5999,0,1131,0.00,2.68,0.00,2.33,2,270.0,1400
  3038.0,5932,5999,0,1131,0.00,2.68,0.00,2.32,2,272.2,1400
  3039.0,5932,5999,0,1131,0.00,2.68,0.00,2.32,2,270.1,1400
  3040.0,5932,5999,0,1131,0.00,2.68,0.00,2.32,2,262.1,1400
  3041.0,5932,5999,0,1131,0.00,2.68,0.00,2.32,2,261.0,1400
  3042.0,5932,5999,0,1131,0.00,2.68,0.00,2.32,2,262.5,1400
  3043.0,5932,5999,0,1131,0.00,2.68,0.00,2.32,2,262.8,1400
  3044.0,5932,5999,0,1131,0.00,2.68,0.00,2.32,2,266.3,1400
  3045.0,5932,5999,0,1131,0.00,2.68,0.00,2.32,2,266.3,1400
  3046.0,5932,5999,0,1131,0.00,2.68,0.00,2.32,2,266.0,1400
  3047.0,5932,5999,0,1131,0.00,2.68,0.00,2.32,2,266.0,1400
  3048.0,5932,5999,0,1131,0.00,2.68,0.00,2.32,2,268.1,1400
  3049.0,5932,5999,0,1131,0.00,2.68,0.00,2.32,2,270.8,1400
  3050.0,5932,5999,0,1131,0.00,2.68,0.00,2.32,2,269.8,1400
  3051.0,5932,5999,0,1131,0.00,2.68,0.00,2.31,2,272.6,1400
  3052.0,5932,5999,0,1131,0.00,2.68,0.00,2.31,2,264.9,1400
  3053.0,5932,5999,0,1131,0.00,2.68,0.00,2.31,2,262.8,1400
  3054.0,5932,5999,0,1131,0.00,2.68,0.00,2.31,2,261.9,1400
  3055.0,5932,5999,0,1131,0.00,2.68,0.00,2.31,2,263.4,1400
  3056.0,5932,5999,0,1131,0.00,2.68,0.00,2.31,2,263.4,1400
  3057.0,5932,5999,0,1131,0.00,2.68,0.00,2.31,2,267.2,1400
  3058.0,5932,5999,0,1131,0.00,2.68,0.00,2.31,2,266.9,1400
  3059.0,5932,5999,0,1131,0.00,2.68,0.00,2.31,2,266.3,1400
  3060.0,5932,5999,0,1131,0.00,2.68,0.00,2.31,2,266.6,1400
  3061.0,5932,5999,0,1131,0.00,2.68,0.00,2.31,2,268.0,1400
  3062.0,5932,5999,0,1131,0.00,2.68,0.00,2.31,2,270.2,1400
  3063.0,5932,5999,0,1131,0.00,2.68,0.00,2.31,2,271.9,1400
  3064.0,5934,5997,0,1131,10.94,2.65,8.00,2.31,2,269.7,1400
  3065.0,5942,5989,0,1131,13.38,2.65,9.78,2.31,2,261.3,1400
  3066.0,5953,5978,0,1131,15.05,2.65,11.01,2.31,2,261.2,1400
  3067.0,5965,5966,0,1131,15.94,2.66,11.66,2.31,2,263.6,1400
  3068.0,5968,5963,0,1131,12.27,2.66,8.98,2.31,2,264.1,1400
  3069.0,5980,5951,0,1131,14.84,2.66,10.85,2.32,2,267.8,1400
  3070.0,5986,5945,0,1131,12.63,2.67,9.24,2.32,2,266.9,1400
  3071.0,5994,5937,0,1131,10.09,2.67,7.38,2.32,2,267.0,1400
  3072.0,6000,5931,0,1131,11.17,2.67,8.17,2.32,2,268.5,1400
  3073.0,6008,5923,0,1131,10.86,2.67,7.95,2.32,2,269.7,1400
  3074.0,6020,5911,0,1131,16.23,2.68,11.87,2.33,2,264.0,1400
  3075.0,6031,5900,0,1131,15.94,2.68,11.66,2.33,2,264.0,1400
  3076.0,6038,5893,0,1131,12.98,2.68,9.49,2.33,2,264.8,1400
  3077.0,6050,5881,0,1131,15.30,2.69,11.18,2.33,2,267.3,1400
  3078.0,6060,5871,0,1131,15.84,2.69,11.59,2.34,2,264.8,1400
  3079.0,6068,5863,0,1131,12.35,2.69,9.03,2.34,2,266.6,1400
  3080.0,6073,5858,0,1131,10.54,2.70,7.71,2.34,2,267.6,1400
  3081.0,6085,5846,0,1131,11.92,2.70,8.72,2.34,2,268.4,1400
  3082.0,6096,5835,0,1131,16.44,2.70,12.02,2.34,2,267.9,1400
  3083.0,6104,5827,0,1131,13.97,2.71,10.22,2.35,2,264.2,1400
  3084.0,6113,5818,0,1131,12.15,2.71,8.89,2.35,2,261.2,1400
  3085.0,6125,5806,0,1131,16.02,2.71,11.72,2.35,2,263.4,1400
  3086.0,6137,5794,0,1131,18.08,2.72,13.22,2.36,2,267.3,1400
  3087.0,6138,5793,0,1131,9.71,2.72,7.10,2.35,2,264.9,1400
  3088.0,6146,5785,0,1131,9.54,2.72,6.98,2.36,2,268.2,1400
  3089.0,6154,5777,0,1131,12.26,2.72,8.97,2.36,2,267.9,1400
  3090.0,6166,5765,0,1131,14.40,2.73,10.53,2.36,2,269.5,1400
  3091.0,6173,5758,0,1131,13.07,2.73,9.56,2.36,2,268.4,1400
  3092.0,6184,5747,0,1131,15.26,2.73,11.16,2.37,2,269.9,1400
  3093.0,6191,5740,0,1131,13.98,2.74,10.23,2.37,2,265.3,1400
  3094.0,6198,5733,0,1131,13.14,2.74,9.61,2.37,2,262.8,1400
  3095.0,6204,5727,0,1131,10.94,2.74,8.00,2.37,2,265.7,1400
  3096.0,6212,5719,0,1131,11.15,2.74,8.16,2.37,2,264.0,1400
  3097.0,6224,5707,0,1131,15.12,2.75,11.06,2.37,2,267.6,1400
  3098.0,6236,5695,0,1131,16.97,2.75,12.41,2.38,2,267.4,1400
  3099.0,6244,5687,0,1131,14.54,2.75,10.64,2.38,2,267.4,1400
  3100.0,6256,5675,0,1131,15.40,2.76,11.27,2.38,2,268.9,1400
  3101.0,6264,5667,0,1131,14.51,2.76,10.62,2.38,2,272.4,1400
  3102.0,6275,5656,0,1131,14.50,2.77,10.60,2.39,2,264.7,1400
  3103.0,6283,5648,0,1131,13.66,2.77,9.99,2.39,2,263.6,1400
  3104.0,6295,5636,0,1131,15.66,2.77,11.45,2.39,2,264.4,1400
  3105.0,6303,5628,0,1131,15.07,2.78,11.03,2.39,2,263.9,1400
  3106.0,6308,5623,0,1131,10.00,2.78,7.31,2.40,2,266.7,1400
  3107.0,6313,5618,0,1131,7.04,2.78,5.15,2.40,2,266.7,1400
  3108.0,6321,5610,0,1131,12.00,2.78,8.78,2.40,2,269.2,1400
  3109.0,6333,5598,0,1131,17.34,2.79,12.68,2.40,2,267.5,1400
  3110.0,6345,5586,0,1131,17.62,2.79,12.88,2.40,2,270.0,1400
  3111.0,6349,5582,0,1131,11.97,2.79,8.75,2.40,2,270.8,1400
  3112.0,6358,5573,0,1131,9.94,2.79,7.27,2.41,2,263.2,1400
  3113.0,6366,5565,0,1131,11.89,2.80,8.70,2.41,2,263.6,1400
  3114.0,6374,5557,0,1131,11.24,2.80,8.22,2.41,2,265.4,1400
  3115.0,6382,5549,0,1131,12.51,2.80,9.15,2.41,2,266.3,1400
  3116.0,6394,5537,0,1131,15.88,2.81,11.61,2.41,2,267.2,1400
  3117.0,6402,5529,0,1131,14.03,2.81,10.26,2.42,2,265.8,1400
  3118.0,6411,5520,0,1131,11.96,2.81,8.74,2.42,2,267.4,1400
  3119.0,6415,5516,0,1131,9.20,2.81,6.73,2.42,2,268.6,1400
  3120.0,6425,5506,0,1131,12.11,2.82,8.86,2.42,2,269.0,1400
  3121.0,6433,5498,0,1131,12.88,2.82,9.42,2.42,2,272.2,1400
  3122.0,6445,5486,0,1131,15.63,2.82,11.43,2.43,2,266.1,1400
  3123.0,6449,5482,0,1131,11.05,2.82,8.08,2.43,2,264.4,1400
  3124.0,6449,5482,0,1131,2.88,2.82,2.11,2.43,2,263.9,1400
  3125.0,6449,5482,0,1131,0.00,2.82,0.00,2.43,2,264.7,1400
  3126.0,6449,5482,0,1131,0.00,2.82,0.00,2.42,2,266.9,1400
  3127.0,6449,5482,0,1131,0.00,2.82,0.00,2.42,2,268.3,1400
  3128.0,6449,5482,0,1131,0.00,2.82,0.00,2.42,2,266.6,1400
  3129.0,6449,5482,0,1131,0.00,2.82,0.00,2.42,2,268.2,1400
  3130.0,6449,5482,0,1131,0.00,2.82,0.00,2.42,2,268.2,1400
  3131.0,6449,5482,0,1131,0.00,2.82,0.00,2.42,2,269.8,1400
  3132.0,6449,5482,0,1131,0.00,2.82,0.00,2.42,2,271.5,1400
  3133.0,6449,5482,0,1131,0.00,2.82,0.00,2.42,2,265.1,1400
  3134.0,6449,5482,0,1131,0.00,2.82,0.00,2.42,2,263.7,1400
  3135.0,6449,5482,0,1131,0.00,2.82,0.00,2.42,2,262.8,1400
  3136.0,6449,5482,0,1131,0.00,2.82,0.00,2.42,2,264.4,1400
  3137.0,6449,5482,0,1131,0.00,2.82,0.00,2.42,2,264.0,1400
  3138.0,6449,5482,0,1131,0.00,2.82,0.00,2.42,2,265.7,1400
  3139.0,6449,5482,0,1131,0.00,2.82,0.00,2.41,2,267.8,1400
  3140.0,6449,5482,0,1131,0.00,2.82,0.00,2.41,2,269.3,1400
  3141.0,6449,5482,0,1131,0.00,2.82,0.00,2.41,2,269.2,1400
  3142.0,6449,5482,0,1131,0.00,2.82,0.00,2.41,2,270.9,1400
  3143.0,6449,5482,0,1131,0.00,2.82,0.00,2.41,2,272.6,1400
  3144.0,6449,5482,0,1131,0.00,2.82,0.00,2.41,2,270.3,1400
  3145.0,6449,5482,0,1131,0.00,2.82,0.00,2.41,2,272.0,1400
  3146.0,6449,5482,0,1131,0.00,2.82,0.00,2.41,2,271.9,1400
  3147.0,6449,5482,0,1131,0.00,2.82,0.00,2.41,2,265.6,1400
  3148.0,6449,5482,0,1131,0.00,2.82,0.00,2.41,2,264.4,1400
  3149.0,6449,5482,0,1131,0.00,2.82,0.00,2.41,2,266.3,1400
  3150.0,6449,5482,0,1131,0.00,2.82,0.00,2.41,2,263.9,1400
  3151.0,6449,5482,0,1131,0.00,2.82,0.00,2.41,2,266.1,1400
  3152.0,6449,5482,0,1131,0.00,2.82,0.00,2.40,2,267.5,1400
  3153.0,6449,5482,0,1131,0.00,2.82,0.00,2.40,2,269.2,1400
  3154.0,6449,5482,0,1131,0.00,2.82,0.00,2.40,2,268.8,1400
  3155.0,6449,5482,0,1131,0.00,2.82,0.00,2.40,2,268.7,1400
  3156.0,6449,5482,0,1131,0.00,2.82,0.00,2.40,2,269.2,1400
  3157.0,6457,5474,0,1131,14.86,2.80,10.85,2.40,2,270.1,1400
  3158.0,6462,5469,0,1131,10.23,2.80,7.48,2.40,2,270.8,1400
  3159.0,6470,5461,0,1131,9.41,2.80,6.88,2.41,2,268.0,1400
  3160.0,6482,5449,0,1131,17.39,2.80,12.72,2.41,2,265.5,1400
  3161.0,6488,5443,0,1131,12.44,2.81,9.10,2.41,2,264.3,1400
  3162.0,6496,5435,0,1131,9.76,2.81,7.14,2.41,2,265.2,1400
  3163.0,6506,5425,0,1131,12.76,2.81,9.33,2.41,2,267.7,1400
  3164.0,6518,5413,0,1131,15.49,2.82,11.33,2.42,2,267.5,1400
  3165.0,6521,5410,0,1131,12.20,2.82,8.92,2.42,2,270.1,1400
  3166.0,6533,5398,0,1131,15.90,2.82,11.63,2.42,2,270.1,1400
  3167.0,6545,5386,0,1131,17.69,2.83,12.94,2.42,2,269.1,1400
  3168.0,6551,5380,0,1131,13.55,2.83,9.91,2.42,2,265.1,1400
  3169.0,6563,5368,0,1131,16.25,2.83,11.89,2.43,2,265.3,1400
  3170.0,6571,5360,0,1131,14.59,2.83,10.67,2.43,2,264.0,1400
  3171.0,6579,5352,0,1131,12.84,2.84,9.39,2.43,2,264.8,1400
  3172.0,6586,5345,0,1131,11.33,2.84,8.29,2.43,2,267.2,1400
  3173.0,6591,5340,0,1131,8.30,2.84,6.07,2.43,2,269.3,1400
  3174.0,6601,5330,0,1131,12.06,2.84,8.82,2.44,2,269.0,1400
  3175.0,6609,5322,0,1131,14.27,2.85,10.43,2.44,2,268.7,1400
  3176.0,6621,5310,0,1131,18.27,2.85,13.36,2.44,2,274.2,1400
  3177.0,6628,5303,0,1131,14.05,2.85,10.28,2.44,2,271.9,1400
  3178.0,6636,5295,0,1131,14.00,2.86,10.23,2.44,2,267.4,1400
  3179.0,6648,5283,0,1131,15.20,2.86,11.12,2.45,2,262.3,1400
  3180.0,6655,5276,0,1131,13.66,2.86,9.99,2.45,2,263.4,1400
  3181.0,6661,5270,0,1131,10.18,2.86,7.45,2.45,2,264.9,1400
  3182.0,6669,5262,0,1131,10.35,2.87,7.57,2.45,2,264.9,1400
  3183.0,6672,5259,0,1131,7.85,2.87,5.74,2.45,2,266.9,1400
  3184.0,6682,5249,0,1131,13.22,2.87,9.67,2.45,2,266.8,1400
  3185.0,6687,5244,0,1131,10.66,2.87,7.80,2.45,2,269.8,1400
  3186.0,6698,5233,0,1131,11.47,2.87,8.39,2.46,2,271.6,1400
  3187.0,6710,5221,0,1131,17.30,2.88,12.65,2.46,2,273.1,1400
  3188.0,6711,5220,0,1131,10.66,2.88,7.79,2.46,2,271.4,1400
  3189.0,6723,5208,0,1131,13.70,2.88,10.02,2.46,2,264.5,1400
  3190.0,6735,5196,0,1131,16.66,2.89,12.19,2.47,2,267.0,1400
  3191.0,6751,5180,0,1131,19.91,2.89,14.56,2.47,2,266.6,1400
  3192.0,6763,5168,0,1131,19.43,2.90,14.21,2.47,2,268.3,1400
  3193.0,6775,5156,0,1131,19.36,2.90,14.16,2.48,2,267.3,1400
  3194.0,6781,5150,0,1131,14.84,2.90,10.86,2.48,2,268.4,1400
  3195.0,6789,5142,0,1131,14.19,2.91,10.38,2.48,2,270.3,1400
  3196.0,6805,5126,0,1131,19.62,2.91,14.35,2.48,2,263.8,1400
  3197.0,6813,5118,0,1131,16.94,2.91,12.39,2.48,2,264.6,1400
  3198.0,6823,5108,0,1131,15.43,2.92,11.29,2.49,2,263.9,1400
  3199.0,6830,5101,0,1131,11.89,2.92,8.70,2.49,2,267.6,1400
  3200.0,6835,5096,0,1131,9.93,2.92,7.26,2.49,2,268.2,1400
  3201.0,6846,5085,0,1131,13.16,2.92,9.63,2.49,2,267.3,1400
  3202.0,6854,5077,0,1131,14.65,2.93,10.72,2.49,2,269.4,1400
  3203.0,6866,5065,0,1131,16.78,2.93,12.27,2.50,2,272.0,1400
  3204.0,6878,5053,0,1131,16.87,2.94,12.34,2.50,2,272.6,1400
  3205.0,6890,5041,0,1131,18.21,2.94,13.32,2.50,2,267.1,1400
  3206.0,6902,5029,0,1131,18.07,2.94,13.22,2.51,2,263.7,1400
  3207.0,6902,5029,0,1138,9.45,2.94,10.94,2.51,2,265.2,1400
  3208.0,6902,5029,0,1146,0.00,2.94,8.31,2.51,2,264.3,1400
  3209.0,6902,5029,0,1150,0.00,2.94,6.17,2.51,2,268.0,1400
  3210.0,6902,5029,0,1150,0.00,2.94,2.30,2.51,2,267.5,1400
  3211.0,6902,5029,0,1150,0.00,2.94,0.00,2.51,2,267.4,1400
  3212.0,6902,5029,0,1150,0.00,2.94,0.00,2.51,2,266.9,1400
  3213.0,6902,5029,0,1150,0.00,2.94,0.00,2.51,2,266.1,1400
  3214.0,6902,5029,0,1150,0.00,2.94,0.00,2.51,2,267.3,1400
  3215.0,6902,5029,0,1150,0.00,2.94,0.00,2.50,2,266.9,1400
  3216.0,6902,5029,0,1150,0.00,2.94,0.00,2.50,2,268.2,1400
  3217.0,6902,5029,0,1150,0.00,2.94,0.00,2.50,2,271.4,1400
  3218.0,6902,5029,0,1150,0.00,2.94,0.00,2.50,2,268.9,1400
  3219.0,6902,5029,0,1150,0.00,2.94,0.00,2.50,2,270.7,1400
  3220.0,6902,5029,0,1150,0.00,2.94,0.00,2.50,2,266.3,1400
  3221.0,6902,5029,0,1150,0.00,2.94,0.00,2.50,2,264.8,1400
  3222.0,6902,5029,0,1150,0.00,2.94,0.00,2.50,2,265.4,1400
  3223.0,6902,5029,0,1150,0.00,2.94,0.00,2.50,2,265.5,1400
  3224.0,6902,5029,0,1150,0.00,2.94,0.00,2.50,2,263.5,1400
  3225.0,6902,5029,0,1150,0.00,2.94,0.00,2.50,2,264.5,1400
  3226.0,6902,5029,0,1150,0.00,2.94,0.00,2.50,2,263.8,1400
  3227.0,6902,5029,0,1150,0.00,2.94,0.00,2.50,2,263.5,1400
  3228.0,6902,5029,0,1150,0.00,2.94,0.00,2.49,2,264.7,1400
  3229.0,6902,5029,0,1150,0.00,2.94,0.00,2.49,2,266.0,1400
  3230.0,6902,5029,0,1150,0.00,2.94,0.00,2.49,2,267.7,1400
  3231.0,6902,5029,0,1150,0.00,2.94,0.00,2.49,2,268.8,1400
  3232.0,6902,5029,0,1150,0.00,2.94,0.00,2.49,2,268.1,1400
  3233.0,6902,5029,0,1150,0.00,2.94,0.00,2.49,2,267.5,1400
  3234.0,6902,5029,0,1150,0.00,2.94,0.00,2.49,2,270.9,1400
  3235.0,6902,5029,0,1150,0.00,2.94,0.00,2.49,2,272.2,1400
  3236.0,6902,5029,0,1150,0.00,2.94,0.00,2.49,2,271.8,1400
  3237.0,6902,5029,0,1150,0.00,2.94,0.00,2.49,2,273.0,1400
  3238.0,6902,5029,0,1150,0.00,2.94,0.00,2.49,2,273.8,1400
  3239.0,6902,5029,0,1150,0.00,2.94,0.00,2.49,2,271.0,1400
  3240.0,6902,5029,0,1150,0.00,2.94,0.00,2.49,2,272.2,1400
  3241.0,6902,5029,0,1150,0.00,2.94,0.00,2.48,2,266.2,1400
  3242.0,6902,5029,0,1150,0.00,2.94,0.00,2.48,2,260.6,1400
  3243.0,6902,5029,0,1150,0.00,2.94,0.00,2.48,2,263.4,1400
  3244.0,6902,5029,0,1150,0.00,2.94,0.00,2.48,2,262.3,1400
  3245.0,6902,5029,0,1150,0.00,2.94,0.00,2.48,2,260.4,1400
  3246.0,6902,5029,0,1150,0.00,2.94,0.00,2.48,2,261.8,1400
  3247.0,6902,5029,0,1150,0.00,2.94,0.00,2.48,2,264.9,1400
  3248.0,6902,5029,0,1150,0.00,2.94,0.00,2.48,2,264.4,1400
  3249.0,6902,5029,0,1150,0.00,2.94,0.00,2.48,2,265.6,1400
  3250.0,6902,5029,0,1150,0.00,2.94,0.00,2.48,2,266.8,1400
  3251.0,6902,5029,0,1150,0.00,2.94,0.00,2.48,2,266.3,1400
  3252.0,6902,5029,0,1150,0.00,2.94,0.00,2.48,2,265.7,1400
  3253.0,6902,5029,0,1150,0.00,2.94,0.00,2.48,2,266.7,1400
  3254.0,6902,5029,0,1150,0.00,2.94,0.00,2.47,2,266.1,1400
  3255.0,6902,5029,0,1152,0.00,2.94,6.99,2.47,2,273.1,1400
  3256.0,6902,5029,0,1164,0.00,2.94,10.89,2.48,2,274.9,1400
  3257.0,6902,5029,0,1180,0.00,2.94,14.81,2.48,2,266.7,1400
  3258.0,6906,5025,0,1181,21.88,2.90,10.82,2.48,2,263.1,1400
  3259.0,6913,5018,0,1181,13.87,2.90,9.17,2.48,2,265.3,1400
  3260.0,6923,5008,0,1181,15.20,2.90,11.12,2.49,2,266.9,1400
  3261.0,6931,5000,0,1181,12.65,2.91,9.25,2.49,2,268.7,1400
  3262.0,6936,4995,0,1181,9.89,2.91,7.23,2.49,2,268.6,1400
  3263.0,6944,4987,0,1181,9.91,2.91,7.25,2.49,2,270.3,1400
  3264.0,6960,4971,0,1181,17.04,2.92,12.45,2.49,2,270.1,1400
  3265.0,6972,4959,0,1181,20.61,2.92,15.08,2.50,2,272.1,1400
  3266.0,6983,4948,0,1181,18.26,2.92,13.36,2.50,2,268.3,1400
  3267.0,6983,4948,0,1181,8.68,2.92,6.35,2.50,2,266.3,1400
  3268.0,6983,4948,0,1181,0.00,2.92,0.00,2.50,2,267.3,1400
  3269.0,6983,4948,0,1181,0.00,2.92,0.00,2.50,2,264.7,1400
  3270.0,6983,4948,0,1181,0.00,2.92,0.00,2.50,2,265.8,1400
  3271.0,6983,4948,0,1181,0.00,2.92,0.00,2.50,2,266.4,1400
  3272.0,6983,4948,0,1181,0.00,2.92,0.00,2.50,2,267.9,1400
  3273.0,6983,4948,0,1181,0.00,2.92,0.00,2.49,2,268.1,1400
  3274.0,6983,4948,0,1181,0.00,2.92,0.00,2.49,2,271.5,1400
  3275.0,6983,4948,0,1181,0.00,2.92,0.00,2.49,2,271.6,1400
  3276.0,6983,4948,0,1181,0.00,2.92,0.00,2.49,2,273.5,1400
  3277.0,6983,4948,0,1181,0.00,2.92,0.00,2.49,2,273.3,1400
  3278.0,6983,4948,0,1181,0.00,2.92,0.00,2.49,2,266.0,1400
  3279.0,6983,4948,0,1181,0.00,2.92,0.00,2.49,2,263.3,1400
  3280.0,6983,4948,0,1181,0.00,2.92,0.00,2.49,2,266.1,1400
  3281.0,6983,4948,0,1181,0.00,2.92,0.00,2.49,2,267.3,1400
  3282.0,6983,4948,0,1181,0.00,2.92,0.00,2.49,2,266.4,1400
  3283.0,6983,4948,0,1181,0.00,2.92,0.00,2.49,2,266.7,1400
  3284.0,6983,4948,0,1181,0.00,2.92,0.00,2.49,2,268.2,1400
  3285.0,6983,4948,0,1181,0.00,2.92,0.00,2.49,2,268.4,1400
  3286.0,6983,4948,0,1181,0.00,2.92,0.00,2.48,2,270.2,1400
  3287.0,6983,4948,0,1181,0.00,2.92,0.00,2.48,2,272.0,1400
  3288.0,6983,4948,0,1181,0.00,2.92,0.00,2.48,2,273.7,1400
  3289.0,6983,4948,0,1181,0.00,2.92,0.00,2.48,2,273.8,1400
  3290.0,6983,4948,0,1181,0.00,2.92,0.00,2.48,2,263.9,1400
  3291.0,6983,4948,0,1181,0.00,2.92,0.00,2.48,2,263.5,1400
  3292.0,6983,4948,0,1181,0.00,2.92,0.00,2.48,2,265.0,1400
  3293.0,6983,4948,0,1181,0.00,2.92,0.00,2.48,2,267.3,1400
  3294.0,6983,4948,0,1181,0.00,2.92,0.00,2.48,2,266.7,1400
  3295.0,6983,4948,0,1181,0.00,2.92,0.00,2.48,2,266.6,1400
  3296.0,6983,4948,0,1181,0.00,2.92,0.00,2.48,2,268.6,1400
  3297.0,6983,4948,0,1181,0.00,2.92,0.00,2.48,2,268.5,1400
  3298.0,6983,4948,0,1181,0.00,2.92,0.00,2.48,2,270.1,1400
  3299.0,6983,4948,0,1181,0.00,2.92,0.00,2.47,2,272.8,1400
  3300.0,6995,4936,0,1181,24.09,2.90,17.62,2.48,2,271.7,1400
  3301.0,7007,4924,0,1181,19.50,2.90,14.26,2.48,2,265.3,1400
  3302.0,7015,4916,0,1181,16.55,2.90,12.10,2.48,2,266.6,1400
  3303.0,7020,4911,0,1181,10.54,2.91,7.71,2.48,2,264.7,1400
  3304.0,7032,4899,0,1181,15.29,2.91,11.18,2.49,2,265.7,1400
  3305.0,7042,4889,0,1181,15.57,2.91,11.39,2.49,2,266.6,1400
  3306.0,7049,4882,0,1181,12.09,2.92,8.84,2.49,2,270.6,1400
  3307.0,7052,4879,0,1181,7.82,2.92,5.72,2.49,2,269.6,1400
  3308.0,7068,4863,0,1181,15.42,2.92,11.28,2.49,2,271.9,1400
  3309.0,7075,4856,0,1181,16.75,2.92,12.25,2.50,2,272.0,1400
  3310.0,7086,4845,0,1181,15.43,2.93,11.29,2.50,2,265.9,1400
  3311.0,7102,4829,0,1181,19.69,2.93,14.40,2.50,2,266.2,1400
  3312.0,7114,4817,0,1181,19.52,2.94,14.28,2.50,2,266.2,1400
  3313.0,7126,4805,0,1181,18.98,2.94,13.88,2.51,2,267.9,1400
  3314.0,7136,4795,0,1181,15.98,2.94,11.69,2.51,2,269.0,1400
  3315.0,7148,4783,0,1181,15.65,2.95,11.45,2.51,2,271.1,1400
  3316.0,7156,4775,0,1181,15.80,2.95,11.55,2.51,2,270.1,1400
  3317.0,7161,4770,0,1181,10.42,2.95,7.62,2.51,2,270.9,1400
  3318.0,7173,4758,0,1181,12.18,2.96,8.91,2.52,2,264.3,1400
  3319.0,7180,4751,0,1181,13.81,2.96,10.10,2.52,2,263.0,1400
  3320.0,7185,4746,0,1181,8.54,2.96,6.25,2.52,2,265.0,1400
  3321.0,7195,4736,0,1181,11.96,2.96,8.75,2.52,2,264.7,1400
  3322.0,7207,4724,0,1181,16.96,2.97,12.41,2.52,2,266.6,1400
  3323.0,7215,4716,0,1181,15.88,2.97,11.61,2.53,2,268.0,1400
  3324.0,7225,4706,0,1181,13.60,2.97,9.95,2.53,2,271.0,1400
  3325.0,7235,4696,0,1181,14.29,2.97,10.45,2.53,2,271.7,1400
  3326.0,7247,4684,0,1181,15.47,2.98,11.32,2.53,2,272.9,1400
  3327.0,7259,4672,0,1181,18.68,2.98,13.66,2.54,2,268.2,1400
  3328.0,7267,4664,0,1181,15.46,2.99,11.30,2.54,2,266.1,1400
  3329.0,7277,4654,0,1181,14.40,2.99,10.53,2.54,2,266.1,1400
  3330.0,7284,4647,0,1181,11.80,2.99,8.63,2.54,2,266.2,1400
  3331.0,7295,4636,0,1181,15.13,2.99,11.07,2.54,2,267.2,1400
  3332.0,7303,4628,0,1181,13.01,3.00,9.52,2.55,2,268.7,1400
  3333.0,7312,4619,0,1181,12.60,3.00,9.22,2.55,2,271.2,1400
  3334.0,7324,4607,0,1181,16.55,3.00,12.10,2.55,2,269.9,1400
  3335.0,7331,4600,0,1181,14.26,3.01,10.42,2.55,2,271.0,1400
  3336.0,7346,4585,0,1181,17.00,3.01,12.44,2.56,2,267.1,1400
  3337.0,7357,4574,0,1181,17.81,3.01,13.03,2.56,2,267.4,1400
  3338.0,7369,4562,0,1181,16.67,3.02,12.20,2.56,2,266.8,1400
  3339.0,7381,4550,0,1181,19.03,3.02,13.92,2.56,2,269.1,1400
  3340.0,7387,4544,0,1181,13.14,3.02,10.03,2.57,2,271.0,1400
  3341.0,7387,4544,0,1181,3.77,3.02,3.16,2.56,2,270.6,1400
  3342.0,7387,4544,0,1181,0.00,3.02,0.00,2.56,2,269.8,1400
  3343.0,7387,4544,0,1181,0.00,3.02,0.00,2.56,2,270.1,1400
  3344.0,7387,4544,0,1181,0.00,3.02,0.00,2.56,2,273.8,1400
  3345.0,7387,4544,0,1181,0.00,3.02,0.00,2.56,2,265.6,1400
  3346.0,7387,4544,0,1181,0.00,3.02,0.00,2.56,2,264.5,1400
  3347.0,7387,4544,0,1181,0.00,3.02,0.00,2.56,2,264.5,1400
  3348.0,7387,4544,0,1181,0.00,3.02,0.00,2.56,2,265.9,1400
  3349.0,7387,4544,0,1181,0.00,3.02,0.00,2.56,2,266.0,1400
  3350.0,7387,4544,0,1181,0.00,3.02,0.00,2.56,2,268.8,1400
  3351.0,7387,4544,0,1181,0.00,3.02,0.00,2.56,2,270.0,1400
  3352.0,7387,4544,0,1181,0.00,3.02,0.00,2.56,2,271.5,1400
  3353.0,7387,4544,0,1181,0.00,3.02,0.00,2.56,2,270.7,1400
  3354.0,7387,4544,0,1181,0.00,3.02,0.00,2.55,2,273.4,1400
  3355.0,7387,4544,0,1181,0.00,3.02,0.00,2.55,2,273.3,1400
  3356.0,7387,4544,0,1181,0.00,3.02,0.00,2.55,2,273.1,1400
  3357.0,7387,4544,0,1181,0.00,3.02,0.00,2.55,2,263.4,1400
  3358.0,7387,4544,0,1181,0.00,3.02,0.00,2.55,2,266.9,1400
  3359.0,7387,4544,0,1181,0.00,3.02,0.00,2.55,2,265.0,1400
  3360.0,7387,4544,0,1181,0.00,3.02,0.00,2.55,2,266.4,1400
  3361.0,7387,4544,0,1181,0.00,3.02,0.00,2.55,2,266.5,1400
  3362.0,7387,4544,0,1181,0.00,3.02,0.00,2.55,2,268.0,1400
  3363.0,7387,4544,0,1181,0.00,3.02,0.00,2.55,2,268.4,1400
  3364.0,7387,4544,0,1181,0.00,3.02,0.00,2.55,2,270.2,1400
  3365.0,7387,4544,0,1181,0.00,3.02,0.00,2.55,2,272.2,1400
  3366.0,7387,4544,0,1181,0.00,3.02,0.00,2.55,2,273.8,1400
  3367.0,7387,4544,0,1181,0.00,3.02,0.00,2.54,2,273.9,1400
  3368.0,7387,4544,0,1181,0.00,3.02,0.00,2.54,2,267.7,1400
  3369.0,7387,4544,0,1181,0.00,3.02,0.00,2.54,2,264.0,1400
  3370.0,7387,4544,0,1181,0.00,3.02,0.00,2.54,2,265.4,1400
  3371.0,7387,4544,0,1181,0.00,3.02,0.00,2.54,2,267.2,1400
  3372.0,7387,4544,0,1181,0.00,3.02,0.00,2.54,2,266.7,1400
  3373.0,7387,4544,0,1181,0.00,3.02,0.00,2.54,2,268.1,1400
  3374.0,7387,4544,0,1181,0.00,3.02,0.00,2.54,2,268.2,1400
  3375.0,7387,4544,0,1181,0.00,3.02,0.00,2.54,2,270.0,1400
  3376.0,7387,4544,0,1181,0.00,3.02,0.00,2.54,2,271.8,1400
  3377.0,7387,4544,0,1181,0.00,3.02,0.00,2.54,2,273.5,1400
  3378.0,7387,4544,0,1181,0.00,3.02,0.00,2.54,2,273.6,1400
  3379.0,7387,4544,0,1181,0.00,3.02,0.00,2.54,2,275.6,1400
  3380.0,7387,4544,0,1181,0.00,3.02,0.00,2.53,2,264.6,1400
  3381.0,7387,4544,0,1181,0.00,3.02,0.00,2.53,2,265.2,1400
  3382.0,7387,4544,0,1181,0.00,3.02,0.00,2.53,2,265.1,1400
  3383.0,7387,4544,0,1181,0.00,3.02,0.00,2.53,2,266.7,1400
  3384.0,7387,4544,0,1181,0.00,3.02,0.00,2.53,2,266.8,1400
  3385.0,7387,4544,0,1181,0.00,3.02,0.00,2.53,2,268.2,1400
  3386.0,7387,4544,0,1181,0.00,3.02,0.00,2.53,2,268.5,1400
  3387.0,7387,4544,0,1181,0.00,3.02,0.00,2.53,2,270.3,1400
  3388.0,7387,4544,0,1181,0.00,3.02,0.00,2.53,2,269.4,1400
  3389.0,7387,4544,0,1181,0.00,3.02,0.00,2.53,2,272.9,1400
  3390.0,7387,4544,0,1181,0.00,3.02,0.00,2.53,2,274.2,1400
  3391.0,7387,4544,0,1181,0.00,3.02,0.00,2.53,2,275.6,1400
  3392.0,7387,4544,0,1181,0.00,3.02,0.00,2.53,2,266.0,1400
  3393.0,7387,4544,0,1181,0.00,3.02,0.00,2.53,2,264.9,1400
  3394.0,7387,4544,0,1181,0.00,3.02,0.00,2.52,2,263.6,1400
  3395.0,7387,4544,0,1181,0.00,3.02,0.00,2.52,2,266.3,1400
  3396.0,7387,4544,0,1181,0.00,3.02,0.00,2.52,2,268.7,1400
  3397.0,7387,4544,0,1181,0.00,3.02,0.00,2.52,2,268.2,1400
  3398.0,7387,4544,0,1181,0.00,3.02,0.00,2.52,2,268.1,1400
  3399.0,7387,4544,0,1181,0.00,3.02,0.00,2.52,2,269.7,1400
  3400.0,7387,4544,0,1181,0.00,3.02,0.00,2.52,2,270.3,1400
  3401.0,7387,4544,0,1181,0.00,3.02,0.00,2.52,2,273.6,1400
  3402.0,7387,4544,0,1181,0.00,3.02,0.00,2.52,2,273.4,1400
  3403.0,7387,4544,0,1181,0.00,3.02,0.00,2.52,2,275.3,1400
  3404.0,7387,4544,0,1181,0.00,3.02,0.00,2.52,2,266.8,1400
  3405.0,7387,4544,0,1181,0.00,3.02,0.00,2.52,2,265.3,1400
  3406.0,7387,4544,0,1181,0.00,3.02,0.00,2.52,2,265.6,1400
  3407.0,7387,4544,0,1181,0.00,3.02,0.00,2.51,2,262.3,1400
  3408.0,7387,4544,0,1181,0.00,3.02,0.00,2.51,2,263.0,1400
  3409.0,7387,4544,0,1181,0.00,3.02,0.00,2.51,2,264.3,1400
  3410.0,7387,4544,0,1181,0.00,3.02,0.00,2.51,2,263.7,1400
  3411.0,7387,4544,0,1181,0.00,3.02,0.00,2.51,2,264.9,1400
  3412.0,7387,4544,0,1181,0.00,3.02,0.00,2.51,2,264.5,1400
  3413.0,7387,4544,0,1181,0.00,3.02,0.00,2.51,2,267.7,1400
  3414.0,7387,4544,0,1181,0.00,3.02,0.00,2.51,2,268.7,1400
  3415.0,7387,4544,0,1181,0.00,3.02,0.00,2.51,2,268.4,1400
  3416.0,7387,4544,0,1181,0.00,3.02,0.00,2.51,2,267.5,1400
  3417.0,7387,4544,0,1181,0.00,3.02,0.00,2.51,2,269.0,1400
  3418.0,7387,4544,0,1181,0.00,3.02,0.00,2.51,2,268.4,1400
  3419.0,7387,4544,0,1181,0.00,3.02,0.00,2.51,2,269.7,1400
  3420.0,7387,4544,0,1181,0.00,3.02,0.00,2.51,2,272.8,1400
  3421.0,7387,4544,0,1181,0.00,3.02,0.00,2.50,2,272.6,1400
  3422.0,7387,4544,0,1181,0.00,3.02,0.00,2.50,2,273.8,1400
  3423.0,7387,4544,0,1181,0.00,3.02,0.00,2.50,2,268.4,1400
  3424.0,7387,4544,0,1181,0.00,3.02,0.00,2.50,2,263.3,1400
  3425.0,7387,4544,0,1181,0.00,3.02,0.00,2.50,2,264.7,1400
  3426.0,7387,4544,0,1181,0.00,3.02,0.00,2.50,2,267.7,1400
  3427.0,7387,4544,0,1181,0.00,3.02,0.00,2.50,2,267.1,1400
  3428.0,7387,4544,0,1181,0.00,3.02,0.00,2.50,2,262.9,1400
  3429.0,7387,4544,0,1181,0.00,3.02,0.00,2.50,2,264.1,1400
  3430.0,7387,4544,0,1181,0.00,3.02,0.00,2.50,2,263.6,1400
  3431.0,7387,4544,0,1181,0.00,3.02,0.00,2.50,2,264.9,1400
  3432.0,7387,4544,0,1181,0.00,3.02,0.00,2.50,2,270.9,1400
  3433.0,7387,4544,0,1181,0.00,3.02,0.00,2.50,2,270.8,1400
  3434.0,7387,4544,0,1181,0.00,3.02,0.00,2.50,2,274.3,1400
  3435.0,7387,4544,0,1181,0.00,3.02,0.00,2.49,2,272.4,1400
  3436.0,7387,4544,0,1181,0.00,3.02,0.00,2.49,2,273.9,1400
  3437.0,7387,4544,0,1181,0.00,3.02,0.00,2.49,2,274.6,1400
  3438.0,7387,4544,0,1181,0.00,3.02,0.00,2.49,2,265.2,1400
  3439.0,7387,4544,0,1181,0.00,3.02,0.00,2.49,2,264.5,1400
  3440.0,7387,4544,0,1181,0.00,3.02,0.00,2.49,2,267.9,1400
  3441.0,7387,4544,0,1181,0.00,3.02,0.00,2.49,2,267.9,1400
  3442.0,7390,4541,0,1181,8.51,2.94,6.22,2.49,2,267.3,1400
  3443.0,7397,4534,0,1182,9.23,2.94,7.43,2.49,2,268.9,1400
  3444.0,7405,4526,0,1182,10.51,2.94,8.20,2.49,2,269.0,1400
  3445.0,7417,4514,0,1182,15.02,2.94,10.99,2.50,2,270.1,1400
  3446.0,7433,4498,0,1182,19.22,2.95,14.06,2.50,2,272.1,1400
  3447.0,7445,4486,0,1182,19.21,2.95,14.05,2.50,2,265.1,1400
  3448.0,7451,4480,0,1182,13.53,2.95,9.90,2.50,2,263.2,1400
  3449.0,7461,4470,0,1182,14.27,2.96,10.44,2.51,2,264.5,1400
  3450.0,7471,4460,0,1182,13.69,2.96,10.02,2.51,2,266.2,1400
  3451.0,7472,4459,0,1182,9.12,2.96,6.67,2.51,2,265.7,1400
  3452.0,7487,4444,0,1182,16.35,2.97,11.96,2.51,2,270.3,1400
  3453.0,7498,4433,0,1182,18.67,2.97,13.66,2.51,2,269.6,1400
  3454.0,7508,4423,0,1182,15.83,2.97,11.58,2.52,2,272.4,1400
  3455.0,7520,4411,0,1182,16.38,2.98,11.98,2.52,2,270.6,1400
  3456.0,7525,4406,0,1182,13.83,2.98,10.12,2.52,2,274.2,1400
  3457.0,7537,4394,0,1182,15.23,2.98,11.14,2.52,2,266.2,1400
  3458.0,7549,4382,0,1182,19.34,2.98,14.14,2.52,2,266.0,1400
  3459.0,7560,4371,0,1182,17.15,2.99,12.54,2.53,2,266.2,1400
  3460.0,7572,4359,0,1182,17.37,2.99,12.71,2.53,2,266.9,1400
  3461.0,7584,4347,0,1182,18.28,3.00,13.37,2.53,2,267.4,1400
  3462.0,7586,4345,0,1182,10.66,3.00,7.80,2.53,2,266.7,1400
  3463.0,7586,4345,0,1182,1.65,3.00,1.21,2.53,2,267.5,1400
  3464.0,7586,4345,0,1182,0.00,3.00,0.00,2.53,2,268.3,1400
  3465.0,7586,4345,0,1182,0.00,3.00,0.00,2.53,2,269.6,1400
  3466.0,7586,4345,0,1182,0.00,3.00,0.00,2.53,2,270.9,1400
  3467.0,7586,4345,0,1182,0.00,3.00,0.00,2.53,2,274.1,1400
  3468.0,7586,4345,0,1182,0.00,3.00,0.00,2.53,2,264.2,1400
  3469.0,7586,4345,0,1182,0.00,3.00,0.00,2.53,2,262.9,1400
  3470.0,7586,4345,0,1182,0.00,3.00,0.00,2.53,2,263.5,1400
  3471.0,7586,4345,0,1182,0.00,3.00,0.00,2.53,2,261.7,1400
  3472.0,7586,4345,0,1182,0.00,3.00,0.00,2.53,2,264.8,1400
  3473.0,7586,4345,0,1182,0.00,3.00,0.00,2.52,2,265.9,1400
  3474.0,7586,4345,0,1182,0.00,3.00,0.00,2.52,2,263.5,1400
  3475.0,7586,4345,0,1182,0.00,3.00,0.00,2.52,2,264.7,1400
  3476.0,7586,4345,0,1182,0.00,3.00,0.00,2.52,2,265.8,1400
  3477.0,7586,4345,0,1182,0.00,3.00,0.00,2.52,2,267.6,1400
  3478.0,7586,4345,0,1182,0.00,3.00,0.00,2.52,2,268.9,1400
  3479.0,7586,4345,0,1182,0.00,3.00,0.00,2.52,2,268.0,1400
  3480.0,7586,4345,0,1182,0.00,3.00,0.00,2.52,2,269.6,1400
  3481.0,7586,4345,0,1182,0.00,3.00,0.00,2.52,2,268.9,1400
  3482.0,7586,4345,0,1182,0.00,3.00,0.00,2.52,2,270.0,1400
  3483.0,7586,4345,0,1182,0.00,3.00,0.00,2.52,2,269.9,1400
  3484.0,7586,4345,0,1182,0.00,3.00,0.00,2.52,2,271.0,1400
  3485.0,7586,4345,0,1182,0.00,3.00,0.00,2.52,2,274.3,1400
  3486.0,7589,4342,0,1182,16.41,2.98,12.00,2.52,2,274.3,1400
  3487.0,7601,4330,0,1182,16.93,2.98,12.39,2.52,2,270.3,1400
  3488.0,7601,4330,0,1198,9.20,2.98,15.70,2.52,2,266.8,1400
  3489.0,7601,4330,0,1198,0.00,2.98,8.49,2.52,2,264.9,1400
  3490.0,7601,4330,0,1198,0.00,2.98,0.00,2.52,2,266.2,1400
  3491.0,7601,4330,0,1198,0.00,2.98,0.00,2.52,2,267.6,1400
  3492.0,7601,4330,0,1198,0.00,2.98,0.00,2.52,2,267.1,1400
  3493.0,7601,4330,0,1198,0.00,2.98,0.00,2.52,2,268.2,1400
  3494.0,7601,4330,0,1198,0.00,2.98,0.00,2.52,2,267.4,1400
  3495.0,7601,4330,0,1198,0.00,2.98,0.00,2.52,2,267.1,1400
  3496.0,7601,4330,0,1198,0.00,2.98,0.00,2.52,2,268.2,1400
  3497.0,7601,4330,0,1198,0.00,2.98,0.00,2.52,2,269.5,1400
  3498.0,7601,4330,0,1198,0.00,2.98,0.00,2.52,2,269.1,1400
  3499.0,7601,4330,0,1198,0.00,2.98,0.00,2.51,2,272.3,1400
  3500.0,7601,4330,0,1198,0.00,2.98,0.00,2.51,2,271.6,1400
  3501.0,7601,4330,0,1198,0.00,2.98,0.00,2.51,2,271.0,1400
  3502.0,7601,4330,0,1198,0.00,2.98,0.00,2.51,2,272.4,1400
  3503.0,7601,4330,0,1198,0.00,2.98,0.00,2.51,2,275.3,1400
  3504.0,7601,4330,0,1198,0.00,2.98,0.00,2.51,2,268.3,1400
  3505.0,7601,4330,0,1198,0.00,2.98,0.00,2.51,2,264.4,1400
  3506.0,7601,4330,0,1198,0.00,2.98,0.00,2.51,2,262.9,1400
  3507.0,7601,4330,0,1198,0.00,2.98,0.00,2.51,2,262.0,1400
  3508.0,7601,4330,0,1198,0.00,2.98,0.00,2.51,2,263.1,1400
  3509.0,7601,4330,0,1198,0.00,2.98,0.00,2.51,2,264.4,1400
  3510.0,7601,4330,0,1198,0.00,2.98,0.00,2.51,2,263.9,1400
  3511.0,7601,4330,0,1198,0.00,2.98,0.00,2.51,2,267.2,1400
  3512.0,7601,4330,0,1198,0.00,2.98,0.00,2.51,2,266.4,1400
  3513.0,7601,4330,0,1198,0.00,2.98,0.00,2.50,2,265.8,1400
  3514.0,7601,4330,0,1198,0.00,2.98,0.00,2.50,2,267.0,1400
  3515.0,7601,4330,0,1198,0.00,2.98,0.00,2.50,2,268.4,1400
  3516.0,7601,4330,0,1198,0.00,2.98,0.00,2.50,2,269.9,1400
  3517.0,7601,4330,0,1198,0.00,2.98,0.00,2.50,2,271.2,1400
  3518.0,7601,4330,0,1198,0.00,2.98,0.00,2.50,2,272.3,1400
  3519.0,7601,4330,0,1198,0.00,2.98,0.00,2.50,2,272.3,1400
  3520.0,7601,4330,0,1198,0.00,2.98,0.00,2.50,2,271.2,1400
  3521.0,7601,4330,0,1198,0.00,2.98,0.00,2.50,2,272.2,1400
  3522.0,7601,4330,0,1198,0.00,2.98,0.00,2.50,2,271.5,1400
  3523.0,7601,4330,0,1198,0.00,2.98,0.00,2.50,2,272.9,1400
  3524.0,7601,4330,0,1198,0.00,2.98,0.00,2.50,2,266.2,1400
  3525.0,7601,4330,0,1198,0.00,2.98,0.00,2.50,2,264.4,1400
  3526.0,7601,4330,0,1198,0.00,2.98,0.00,2.50,2,263.3,1400
  3527.0,7601,4330,0,1198,0.00,2.98,0.00,2.49,2,262.1,1400
  3528.0,7601,4330,0,1198,0.00,2.98,0.00,2.49,2,263.5,1400
  3529.0,7601,4330,0,1198,0.00,2.98,0.00,2.49,2,264.6,1400
  3530.0,7601,4330,0,1198,0.00,2.98,0.00,2.49,2,265.9,1400
  3531.0,7601,4330,0,1198,0.00,2.98,0.00,2.49,2,263.3,1400
  3532.0,7601,4330,0,1198,0.00,2.98,0.00,2.49,2,264.3,1400
  3533.0,7601,4330,0,1198,0.00,2.98,0.00,2.49,2,265.7,1400
  3534.0,7601,4330,0,1198,0.00,2.98,0.00,2.49,2,265.2,1400
  3535.0,7601,4330,0,1198,0.00,2.98,0.00,2.49,2,266.3,1400
  3536.0,7601,4330,0,1198,0.00,2.98,0.00,2.49,2,269.7,1400
  3537.0,7601,4330,0,1198,0.00,2.98,0.00,2.49,2,269.2,1400
  3538.0,7601,4330,0,1198,0.00,2.98,0.00,2.49,2,268.4,1400
  3539.0,7601,4330,0,1198,0.00,2.98,0.00,2.49,2,269.4,1400
  3540.0,7601,4330,0,1198,0.00,2.98,0.00,2.49,2,269.4,1400
  3541.0,7601,4330,0,1198,0.00,2.98,0.00,2.48,2,270.4,1400
  3542.0,7601,4330,0,1198,0.00,2.98,0.00,2.48,2,273.8,1400
  3543.0,7601,4330,0,1198,0.00,2.98,0.00,2.48,2,273.4,1400
  3544.0,7601,4330,0,1198,0.00,2.98,0.00,2.48,2,272.7,1400
  3545.0,7601,4330,0,1198,0.00,2.98,0.00,2.48,2,265.4,1400
  3546.0,7601,4330,0,1198,0.00,2.98,0.00,2.48,2,260.0,1400
  3547.0,7601,4330,0,1198,0.00,2.98,0.00,2.48,2,260.9,1400
  3548.0,7601,4330,0,1198,0.00,2.98,0.00,2.48,2,261.7,1400
  3549.0,7601,4330,0,1198,0.00,2.98,0.00,2.48,2,262.7,1400
  3550.0,7601,4330,0,1198,0.00,2.98,0.00,2.48,2,263.9,1400
  3551.0,7601,4330,0,1198,0.00,2.98,0.00,2.48,2,265.0,1400
  3552.0,7601,4330,0,1198,0.00,2.98,0.00,2.48,2,262.8,1400
  3553.0,7601,4330,0,1198,0.00,2.98,0.00,2.48,2,263.7,1400
  3554.0,7601,4330,0,1198,0.00,2.98,0.00,2.48,2,267.1,1400
  3555.0,7601,4330,0,1205,0.00,2.98,10.64,2.48,2,271.0,1400
  3556.0,7601,4330,0,1225,0.00,2.98,16.28,2.48,2,273.7,1400
  3557.0,7601,4330,0,1236,0.00,2.98,15.77,2.48,2,275.6,1400
  3558.0,7601,4330,0,1252,0.00,2.98,15.94,2.49,2,271.3,1400
  3559.0,7601,4330,0,1267,0.00,2.98,16.17,2.49,2,266.5,1400
  3560.0,7601,4330,0,1283,0.00,2.98,15.87,2.50,2,268.8,1400
  3561.0,7601,4330,0,1299,0.00,2.98,17.70,2.50,2,267.3,1400
  3562.0,7617,4314,0,1299,26.26,2.92,17.40,2.50,2,269.0,1400
  3563.0,7629,4302,0,1299,20.99,2.93,15.35,2.51,2,270.7,1400
  3564.0,7641,4290,0,1299,19.09,2.93,13.96,2.51,2,264.9,1400
  3565.0,7651,4280,0,1299,16.81,2.93,12.30,2.51,2,265.1,1400
  3566.0,7667,4264,0,1299,19.94,2.94,14.58,2.51,2,266.2,1400
  3567.0,7679,4252,0,1299,19.34,2.94,14.15,2.52,2,267.8,1400
  3568.0,7695,4236,0,1299,21.78,2.95,15.92,2.52,2,270.3,1400
  3569.0,7711,4220,0,1299,23.21,2.95,16.98,2.52,2,272.3,1400
  3570.0,7723,4208,0,1299,19.98,2.96,14.61,2.53,2,273.0,1400
  3571.0,7739,4192,0,1299,21.91,2.96,16.03,2.53,2,265.8,1400
  3572.0,7751,4180,0,1299,20.91,2.97,15.28,2.53,2,268.6,1400
  3573.0,7762,4169,0,1299,18.46,2.97,13.51,2.54,2,265.0,1400
  3574.0,7778,4153,0,1299,19.59,2.98,14.33,2.54,2,268.0,1400
  3575.0,7787,4144,0,1299,17.79,2.98,13.01,2.54,2,268.8,1400
  3576.0,7795,4136,0,1299,15.51,2.98,11.34,2.54,2,269.0,1400
  3577.0,7803,4128,0,1299,12.63,2.98,9.24,2.54,2,273.5,1400
  3578.0,7819,4112,0,1299,16.87,2.99,12.34,2.55,2,265.6,1400
  3579.0,7831,4100,0,1299,20.16,2.99,14.74,2.55,2,265.2,1400
  3580.0,7845,4086,0,1299,19.07,3.00,13.95,2.55,2,268.1,1400
  3581.0,7856,4075,0,1299,17.31,3.00,12.66,2.56,2,266.2,1400
  3582.0,7861,4070,0,1299,12.64,3.00,9.24,2.56,2,269.6,1400
  3583.0,7867,4064,0,1299,11.35,3.00,8.30,2.56,2,271.3,1400
  3584.0,7881,4050,0,1299,15.09,3.01,11.04,2.56,2,273.3,1400
  3585.0,7892,4039,0,1299,18.84,3.01,13.78,2.56,2,272.8,1400
  3586.0,7903,4028,0,1299,17.57,3.01,12.85,2.57,2,269.4,1400
  3587.0,7914,4017,0,1299,16.85,3.02,12.32,2.57,2,265.2,1400
  3588.0,7925,4006,0,1299,17.25,3.02,12.61,2.57,2,266.2,1400
  3589.0,7941,3990,0,1299,19.79,3.02,14.48,2.57,2,266.7,1400
  3590.0,7957,3974,0,1299,22.56,3.03,16.50,2.58,2,271.4,1400
  3591.0,7968,3963,0,1299,19.59,3.03,14.33,2.58,2,270.7,1400
  3592.0,7980,3951,0,1299,18.26,3.04,13.36,2.58,2,273.4,1400
  3593.0,7986,3945,0,1299,13.16,3.04,9.63,2.58,2,273.9,1400
  3594.0,7987,3944,0,1299,5.12,3.04,3.74,2.58,2,269.3,1400
  3595.0,7993,3938,0,1299,7.34,3.04,5.36,2.58,2,266.9,1400
  3596.0,7998,3933,0,1299,7.78,3.04,5.69,2.59,2,264.9,1400
  3597.0,8004,3927,0,1299,7.89,3.04,5.77,2.59,2,265.3,1400
  3598.0,8008,3923,0,1299,6.96,3.04,5.09,2.59,2,269.1,1400
  3599.0,8008,3923,0,1299,2.76,3.04,2.02,2.59,2,268.4,1400
  3600.0,8012,3919,0,1299,21.88,3.04,16.00,2.59,2,267.9,1400
  3610.0,8098,3833,0,1299,9.97,3.07,7.29,2.60,2,268.2,1400
  3620.0,8182,3749,0,1303,12.63,3.09,9.24,2.62,2,269.9,1400
  3630.0,8276,3655,0,1303,13.75,3.12,10.06,2.64,2,268.9,1400
  3640.0,8368,3563,0,1303,18.20,3.14,13.31,2.66,2,271.0,1400
  3650.0,8448,3483,0,1303,14.79,3.16,10.82,2.67,2,271.7,1400
  3660.0,8557,3374,0,1303,21.21,3.20,15.51,2.69,2,269.9,1400
  3670.0,8631,3300,0,1303,12.13,3.22,8.87,2.71,2,270.7,1400
  3680.0,8700,3231,0,1303,12.95,3.23,9.47,2.72,2,275.4,1400
  3690.0,8794,3137,0,1304,12.21,3.26,8.93,2.74,2,266.7,1400
  3700.0,8875,3056,0,1304,12.76,3.28,9.34,2.75,3,267.1,1400
  3710.0,8964,2967,0,1304,16.92,3.30,12.36,2.77,3,266.2,1400
  3720.0,9053,2878,0,1304,13.83,3.33,10.11,2.78,3,269.0,1400
  3730.0,9140,2791,0,1306,7.41,3.35,5.42,2.80,3,267.7,1400
  3740.0,9235,2696,0,1306,14.14,3.38,10.34,2.82,3,269.3,1400
  3750.0,9327,2604,0,1306,13.56,3.40,9.92,2.84,3,269.9,1400
  3760.0,9429,2502,0,1306,14.73,3.43,10.77,2.86,3,278.3,1400
  3770.0,9492,2439,0,1306,18.24,3.44,13.34,2.86,3,271.4,1400
  3780.0,9572,2359,0,1306,8.73,3.46,6.39,2.88,3,271.6,1400
  3790.0,9661,2270,0,1306,11.90,3.48,8.70,2.89,3,273.2,1400
  3800.0,9746,2185,0,1306,13.60,3.51,9.95,2.91,3,273.0,1400
  3810.0,9842,2089,0,1306,17.01,3.53,12.44,2.93,3,277.6,1400
  3820.0,9930,2001,0,1306,17.17,3.55,12.56,2.94,3,275.1,1400
  3830.0,10026,1905,0,1306,13.85,3.58,10.13,2.96,3,268.0,1400
  3840.0,10091,1840,0,1310,11.31,3.59,10.63,2.97,3,266.6,1400
  3850.0,10195,1736,0,1318,15.65,3.62,11.45,2.99,3,271.7,1400
  3860.0,10296,1635,0,1322,15.31,3.65,11.20,3.01,3,274.9,1400
  3870.0,10372,1559,0,1324,10.87,3.66,7.95,3.02,3,273.3,1400
  3880.0,10471,1460,0,1327,10.00,3.69,7.31,3.04,3,274.4,1400
  3890.0,10567,1364,0,1327,16.66,3.71,12.19,3.06,3,277.0,1400
  3900.0,10673,1258,0,1327,19.40,3.74,14.19,3.08,3,270.9,1400
  3910.0,10774,1157,0,1328,17.67,3.77,12.91,3.10,3,271.5,1400
  3920.0,10877,1054,0,1328,19.46,3.79,14.23,3.11,3,272.2,1400
  3930.0,10969,962,0,1329,8.54,3.82,6.81,3.13,3,274.4,1400
  3940.0,11055,876,0,1333,12.05,3.84,11.75,3.14,3,278.0,1400
  3950.0,11145,786,0,1344,16.47,3.86,14.06,3.16,3,270.9,1400
  3960.0,11234,697,0,1360,15.16,3.88,13.30,3.18,3,270.9,1400
  3970.0,11318,613,0,1387,13.62,3.90,11.24,3.20,3,272.9,1400
  3980.0,11390,541,0,1395,15.33,3.91,11.20,3.21,3,274.0,1400
  3990.0,11474,457,0,1415,11.77,3.93,11.14,3.23,3,276.2,1400
  4000.0,11521,410,0,1425,0.00,3.94,0.00,3.24,3,273.9,1400
  4010.0,11615,316,0,1425,14.95,3.96,10.93,3.25,3,277.8,1400
  4020.0,11718,213,0,1433,11.97,3.99,8.76,3.27,3,271.0,1400
  4030.0,11813,118,0,1433,16.69,4.01,12.21,3.29,3,272.8,1400
  4040.0,11878,53,0,1433,19.81,4.02,14.49,3.29,3,271.0,1400
  4050.0,11923,8,0,1489,9.23,4.03,14.55,3.31,3,273.6,1400
