QR-Stream run log
role: receiver
started: 2026-10-03T18:19:08.589500
duration: 4482s

[device]
platform: android
osVersion: BP4A.251205.006.S948BXXS4AZHL
processors: 8
dartVersion: 3.10.4

[run]
fileName: (hidden).zip
totalChunks: 33961
transferId: 3030521450
payloadKind: file
chunkBytes: 1400

[events]
     0.0  run started
     0.0  HEL #0 seen (session 662af8c59d0ac3fd)
     0.0  HEL #0 summary: +0 new, 0 re-reads, 0 reads in 0.0s (0.0/s), 33961 still missing
    52.1  start tapped: 0 of 33961 held; camera not known yet, start code read at 26/s
    53.9  relay push ok: hel #0, rev 1
    58.0  CAL #1 seen (session 662af8c59d0ac3fd)
    58.0  CAL #1 summary: +44 new, 16 re-reads, 60 reads in 3.0s (20.0/s), 33917 still missing
    60.2  relay push ok: cal #1, rev 2
    66.0  CAL #2 seen (session 662af8c59d0ac3fd)
    66.0  CAL #2 summary: +50 new, 23 re-reads, 73 reads in 3.0s (24.7/s), 33867 still missing
    67.3  relay push ok: cal #2, rev 3
   116.9  CHK #3 seen (session 662af8c59d0ac3fd)
   116.9  CHK #3 summary: +556 new, 106 re-reads, 662 reads in 49.0s (13.5/s), 33311 still missing
   118.6  relay push ok: chk #3, rev 4
   202.5  CHK #4 seen (session 662af8c59d0ac3fd)
   202.5  CHK #4 summary: +886 new, 114 re-reads, 1000 reads in 82.0s (12.2/s), 32425 still missing
   203.8  relay push ok: chk #4, rev 5
   289.8  CHK #5 seen (session 662af8c59d0ac3fd)
   289.8  CHK #5 summary: +866 new, 292 re-reads, 1158 reads in 84.5s (13.7/s), 31559 still missing
   291.3  relay push ok: chk #5, rev 6
   402.8  CHK #6 seen (session 662af8c59d0ac3fd)
   402.8  CHK #6 summary: +1298 new, 133 re-reads, 1431 reads in 111.0s (12.9/s), 30261 still missing
   404.2  relay push ok: chk #6, rev 7
   454.3  CHK #7 seen (session 662af8c59d0ac3fd)
   454.3  CHK #7 summary: +467 new, 9 re-reads, 476 reads in 49.5s (9.6/s), 29794 still missing
   455.8  relay push ok: chk #7, rev 8
   555.1  CHK #8 seen (session 662af8c59d0ac3fd)
   555.1  CHK #8 summary: +825 new, 30 re-reads, 855 reads in 96.3s (8.9/s), 28969 still missing
   556.6  relay push ok: chk #8, rev 9
   754.5  CHK #9 seen (session 662af8c59d0ac3fd)
   754.5  CHK #9 summary: +1179 new, 450 re-reads, 1629 reads in 194.6s (8.4/s), 27790 still missing
   755.9  relay push ok: chk #9, rev 10
   811.2  CHK #10 seen (session 662af8c59d0ac3fd)
   811.2  CHK #10 summary: +394 new, 3 re-reads, 397 reads in 52.4s (7.6/s), 27396 still missing
   812.4  relay push ok: chk #10, rev 11
  1049.3  CHK #11 seen (session 662af8c59d0ac3fd)
  1049.3  CHK #11 summary: +1445 new, 671 re-reads, 2116 reads in 232.5s (9.1/s), 25951 still missing
  1050.9  relay push ok: chk #11, rev 12
  1105.0  CHK #12 seen (session 662af8c59d0ac3fd)
  1105.0  CHK #12 summary: +363 new, 0 re-reads, 363 reads in 51.0s (7.1/s), 25588 still missing
  1106.4  relay push ok: chk #12, rev 13
  1362.0  CHK #13 seen (session 662af8c59d0ac3fd)
  1362.0  CHK #13 summary: +1392 new, 425 re-reads, 1817 reads in 251.7s (7.2/s), 24196 still missing
  1363.4  relay push ok: chk #13, rev 14
  1421.5  CHK #14 seen (session 662af8c59d0ac3fd)
  1421.5  CHK #14 summary: +365 new, 0 re-reads, 365 reads in 54.4s (6.7/s), 23831 still missing
  1422.8  relay push ok: chk #14, rev 15
  1706.9  CHK #15 seen (session 662af8c59d0ac3fd)
  1706.9  CHK #15 summary: +1878 new, 802 re-reads, 2680 reads in 280.2s (9.6/s), 21953 still missing
  1708.2  relay push ok: chk #15, rev 16
  1822.4  CHK #16 seen (session 662af8c59d0ac3fd)
  1822.4  CHK #16 summary: +799 new, 353 re-reads, 1152 reads in 111.7s (10.3/s), 21154 still missing
  1824.2  relay push ok: chk #16, rev 17
  1896.8  CHK #17 seen (session 662af8c59d0ac3fd)
  1896.8  CHK #17 summary: +661 new, 27 re-reads, 688 reads in 70.7s (9.7/s), 20493 still missing
  1898.6  relay push ok: chk #17, rev 18
  2019.0  CHK #18 seen (session 662af8c59d0ac3fd)
  2019.0  CHK #18 summary: +850 new, 301 re-reads, 1151 reads in 119.0s (9.7/s), 19643 still missing
  2020.5  relay push ok: chk #18, rev 19
  2093.7  CHK #19 seen (session 662af8c59d0ac3fd)
  2093.7  CHK #19 summary: +619 new, 15 re-reads, 634 reads in 70.7s (9.0/s), 19024 still missing
  2095.3  relay push ok: chk #19, rev 20
  2224.0  CHK #20 seen (session 662af8c59d0ac3fd)
  2224.0  CHK #20 summary: +895 new, 305 re-reads, 1200 reads in 126.6s (9.5/s), 18129 still missing
  2225.5  relay push ok: chk #20, rev 21
  2298.8  CHK #21 seen (session 662af8c59d0ac3fd)
  2298.8  CHK #21 summary: +587 new, 8 re-reads, 595 reads in 72.5s (8.2/s), 17542 still missing
  2300.2  relay push ok: chk #21, rev 22
  2439.3  CHK #22 seen (session 662af8c59d0ac3fd)
  2439.3  CHK #22 summary: +952 new, 326 re-reads, 1278 reads in 135.2s (9.4/s), 16590 still missing
  2440.6  relay push ok: chk #22, rev 23
  2514.1  CHK #23 seen (session 662af8c59d0ac3fd)
  2514.1  CHK #23 summary: +666 new, 48 re-reads, 714 reads in 72.7s (9.8/s), 15924 still missing
  2515.8  relay push ok: chk #23, rev 24
  2588.4  CHK #24 seen (session 662af8c59d0ac3fd)
  2588.4  CHK #24 summary: +624 new, 70 re-reads, 694 reads in 70.4s (9.9/s), 15300 still missing
  2589.7  relay push ok: chk #24, rev 25
  2666.0  CHK #25 seen (session 662af8c59d0ac3fd)
  2666.0  CHK #25 summary: +677 new, 7 re-reads, 684 reads in 75.6s (9.0/s), 14623 still missing
  2667.6  relay push ok: chk #25, rev 26
  2724.1  CHK #26 seen (session 662af8c59d0ac3fd)
  2724.1  CHK #26 summary: +524 new, 7 re-reads, 531 reads in 54.5s (9.7/s), 14099 still missing
  2725.4  relay push ok: chk #26, rev 27
  2987.2  END #27 seen (session 662af8c59d0ac3fd)
  2987.2  round 1 summary: +1877 new, 168 re-reads, 2045 reads in 220.9s (9.3/s), 12222 still missing
  2988.8  relay push ok: end #27, rev 28
  3452.7  END #28 seen (session 662af8c59d0ac3fd)
  3452.7  round 2 summary: +4282 new, 49 re-reads, 4331 reads in 461.2s (9.4/s), 7940 still missing
  3454.2  relay push ok: end #28, rev 29
  3744.9  END #29 seen (session 662af8c59d0ac3fd)
  3744.9  round 3 summary: +2423 new, 0 re-reads, 2423 reads in 287.4s (8.4/s), 5517 still missing
  3746.7  relay push ok: end #29, rev 30
  3947.6  END #30 seen (session 662af8c59d0ac3fd)
  3947.6  round 4 summary: +1727 new, 0 re-reads, 1727 reads in 198.4s (8.7/s), 3790 still missing
  3949.0  relay push ok: end #30, rev 31
  4086.7  END #31 seen (session 662af8c59d0ac3fd)
  4086.7  round 5 summary: +1131 new, 0 re-reads, 1131 reads in 136.1s (8.3/s), 2659 still missing
  4088.8  relay push ok: end #31, rev 32
  4185.5  END #32 seen (session 662af8c59d0ac3fd)
  4185.5  round 6 summary: +796 new, 0 re-reads, 796 reads in 95.4s (8.3/s), 1863 still missing
  4187.2  relay push ok: end #32, rev 33
  4255.3  END #33 seen (session 662af8c59d0ac3fd)
  4255.3  round 7 summary: +537 new, 0 re-reads, 537 reads in 66.8s (8.0/s), 1326 still missing
  4256.9  relay push ok: end #33, rev 34
  4306.4  END #34 seen (session 662af8c59d0ac3fd)
  4306.4  round 8 summary: +366 new, 0 re-reads, 366 reads in 47.9s (7.6/s), 960 still missing
  4307.7  relay push ok: end #34, rev 35
  4344.0  END #35 seen (session 662af8c59d0ac3fd)
  4344.0  round 9 summary: +281 new, 2 re-reads, 283 reads in 34.7s (8.2/s), 679 still missing
  4345.6  relay push ok: end #35, rev 36
  4371.7  END #36 seen (session 662af8c59d0ac3fd)
  4371.7  round 10 summary: +202 new, 1 re-reads, 203 reads in 24.5s (8.3/s), 477 still missing
  4372.9  relay push ok: end #36, rev 37
  4391.8  END #37 seen (session 662af8c59d0ac3fd)
  4391.8  round 11 summary: +150 new, 2 re-reads, 152 reads in 17.4s (8.7/s), 327 still missing
  4392.9  relay push ok: end #37, rev 38
  4406.7  END #38 seen (session 662af8c59d0ac3fd)
  4406.7  round 12 summary: +93 new, 1 re-reads, 94 reads in 12.2s (7.7/s), 234 still missing
  4408.0  relay push ok: end #38, rev 39
  4418.0  END #39 seen (session 662af8c59d0ac3fd)
  4418.0  round 13 summary: +54 new, 3 re-reads, 57 reads in 8.4s (6.8/s), 180 still missing
  4419.4  relay push ok: end #39, rev 40
  4427.5  END #40 seen (session 662af8c59d0ac3fd)
  4427.5  round 14 summary: +48 new, 0 re-reads, 48 reads in 6.0s (8.0/s), 132 still missing
  4429.0  relay push ok: end #40, rev 41
  4437.0  END #41 seen (session 662af8c59d0ac3fd)
  4437.0  round 15 summary: +41 new, 0 re-reads, 41 reads in 4.7s (8.8/s), 91 still missing
  4438.2  relay push ok: end #41, rev 42
  4443.3  END #42 seen (session 662af8c59d0ac3fd)
  4443.3  round 16 summary: +17 new, 0 re-reads, 17 reads in 3.6s (4.8/s), 74 still missing
  4444.7  relay push ok: end #42, rev 43
  4448.7  END #43 seen (session 662af8c59d0ac3fd)
  4448.7  round 17 summary: +21 new, 0 re-reads, 21 reads in 2.5s (8.2/s), 53 still missing
  4450.0  relay push ok: end #43, rev 44
  4453.8  END #44 seen (session 662af8c59d0ac3fd)
  4453.8  round 18 summary: +23 new, 0 re-reads, 23 reads in 1.8s (12.9/s), 30 still missing
  4455.1  relay push ok: end #44, rev 45
  4457.8  END #45 seen (session 662af8c59d0ac3fd)
  4457.8  round 19 summary: +8 new, 0 re-reads, 8 reads in 0.8s (9.6/s), 22 still missing
  4459.1  relay push ok: end #45, rev 46
  4461.8  END #46 seen (session 662af8c59d0ac3fd)
  4461.8  round 20 summary: +6 new, 0 re-reads, 6 reads in 0.7s (8.6/s), 16 still missing
  4463.2  relay push ok: end #46, rev 47
  4465.7  END #47 seen (session 662af8c59d0ac3fd)
  4465.7  round 21 summary: +7 new, 0 re-reads, 7 reads in 0.6s (12.6/s), 9 still missing
  4467.0  relay push ok: end #47, rev 48
  4468.9  END #48 seen (session 662af8c59d0ac3fd)
  4468.9  round 22 summary: +4 new, 0 re-reads, 4 reads in 0.0s (11857.7/s), 5 still missing
  4470.3  relay push ok: end #48, rev 49
  4475.4  END #49 seen (session 662af8c59d0ac3fd)
  4475.4  round 23 summary: +4 new, 0 re-reads, 4 reads in 0.0s (12295.1/s), 1 still missing
  4476.7  relay push ok: end #49, rev 50
  4478.3  END #50 seen (session 662af8c59d0ac3fd)
  4478.3  round 24 summary: +0 new, 0 re-reads, 0 reads in 0.0s (0.0/s), 1 still missing
  4479.5  relay push ok: end #50, rev 51
  4481.2  complete: all 33961 chunks received
  4481.2  camera rate kept for next time: 14/s
  4481.2  summary: 45.34 MB in 4426.2s = 10.5 KB/s
  4481.4  kept a copy at (path)
  4482.4  relay push ok: done #0, rev 52
  4482.4  session report sent

[samples] one row per second, every 10 s after the first hour
t,received,missing,corrupt,dupes,liveKBps,avgKBps,decodesPerSec,avgDecodesPerSec,recommendedFps,rssMB,chunkBytesSeen
     1.0,0,33961,0,0,0.00,0.00,0.00,0.00,0,227.4,0
     2.0,0,33961,0,0,0.00,0.00,0.00,0.00,0,230.8,0
     3.0,0,33961,0,0,0.00,0.00,0.00,0.00,0,233.6,0
     4.0,0,33961,0,0,0.00,0.00,0.00,0.00,0,235.3,0
     5.0,0,33961,0,0,0.00,0.00,0.00,0.00,0,240.4,0
     6.0,0,33961,0,0,0.00,0.00,0.00,0.00,0,242.2,0
     7.0,0,33961,0,0,0.00,0.00,0.00,0.00,0,211.2,0
     8.0,0,33961,0,0,0.00,0.00,0.00,0.00,0,213.3,0
     9.0,0,33961,0,0,0.00,0.00,0.00,0.00,0,215.8,0
    10.0,0,33961,0,0,0.00,0.00,0.00,0.00,0,216.6,0
    11.0,0,33961,0,0,0.00,0.00,0.00,0.00,0,219.5,0
    12.0,0,33961,0,0,0.00,0.00,0.00,0.00,0,222.4,0
    13.0,0,33961,0,0,0.00,0.00,0.00,0.00,0,223.4,0
    14.0,0,33961,0,0,0.00,0.00,0.00,0.00,0,227.2,0
    15.0,0,33961,0,0,0.00,0.00,0.00,0.00,0,231.8,0
    16.0,0,33961,0,0,0.00,0.00,0.00,0.00,0,234.7,0
    17.0,0,33961,0,0,0.00,0.00,0.00,0.00,0,237.0,0
    18.0,0,33961,0,0,0.00,0.00,0.00,0.00,0,238.7,0
    19.0,0,33961,0,0,0.00,0.00,0.00,0.00,0,242.2,0
    20.0,0,33961,0,0,0.00,0.00,0.00,0.00,0,211.8,0
    21.0,0,33961,0,0,0.00,0.00,0.00,0.00,0,215.3,0
    22.0,0,33961,0,0,0.00,0.00,0.00,0.00,0,219.1,0
    23.0,0,33961,0,0,0.00,0.00,0.00,0.00,0,221.0,0
    24.0,0,33961,0,0,0.00,0.00,0.00,0.00,0,223.6,0
    25.0,0,33961,0,0,0.00,0.00,0.00,0.00,0,226.9,0
    26.0,0,33961,0,0,0.00,0.00,0.00,0.00,0,226.3,0
    27.0,0,33961,0,0,0.00,0.00,0.00,0.00,0,229.4,0
    28.0,0,33961,0,0,0.00,0.00,0.00,0.00,0,231.4,0
    29.0,0,33961,0,0,0.00,0.00,0.00,0.00,0,235.6,0
    30.0,0,33961,0,0,0.00,0.00,0.00,0.00,0,237.5,0
    31.0,0,33961,0,0,0.00,0.00,0.00,0.00,0,244.7,0
    32.0,0,33961,0,0,0.00,0.00,0.00,0.00,0,216.0,0
    33.0,0,33961,0,0,0.00,0.00,0.00,0.00,0,225.1,0
    34.0,0,33961,0,0,0.00,0.00,0.00,0.00,0,219.9,0
    35.0,0,33961,0,0,0.00,0.00,0.00,0.00,0,220.5,0
    36.0,0,33961,0,0,0.00,0.00,0.00,0.00,0,225.2,0
    37.0,0,33961,0,0,0.00,0.00,0.00,0.00,0,227.0,0
    38.0,0,33961,0,0,0.00,0.00,0.00,0.00,0,229.7,0
    39.0,0,33961,0,0,0.00,0.00,0.00,0.00,0,232.6,0
    40.0,0,33961,0,0,0.00,0.00,0.00,0.00,0,235.3,0
    41.0,0,33961,0,0,0.00,0.00,0.00,0.00,0,245.6,0
    42.0,0,33961,0,0,0.00,0.00,0.00,0.00,0,245.2,0
    43.0,0,33961,0,0,0.00,0.00,0.00,0.00,0,259.4,0
    44.0,0,33961,0,0,0.00,0.00,0.00,0.00,0,222.7,0
    45.0,0,33961,0,0,0.00,0.00,0.00,0.00,0,223.8,0
    46.0,0,33961,0,0,0.00,0.00,0.00,0.00,0,226.2,0
    47.0,0,33961,0,0,0.00,0.00,0.00,0.00,0,229.4,0
    48.0,0,33961,0,0,0.00,0.00,0.00,0.00,0,230.6,0
    49.0,0,33961,0,0,0.00,0.00,0.00,0.00,0,229.6,0
    50.0,0,33961,0,0,0.00,0.00,0.00,0.00,0,231.5,0
    51.0,0,33961,0,0,0.00,0.00,0.00,0.00,0,232.6,0
    52.0,0,33961,0,0,0.00,0.00,0.00,0.00,0,235.9,0
    53.0,0,33961,0,0,0.00,0.00,0.00,0.00,0,238.3,0
    54.0,0,33961,0,0,0.00,0.00,0.00,0.00,0,241.5,0
    55.0,0,33961,0,0,0.00,0.00,0.00,0.00,0,244.4,0
    56.0,10,33951,0,1,13.92,14.69,11.19,11.19,0,245.5,1400
    57.0,24,33937,0,8,16.56,18.62,16.13,16.13,0,215.9,1400
    58.0,44,33917,0,16,26.35,21.88,27.78,20.11,0,220.8,1400
    59.0,44,33917,0,16,13.87,21.88,14.20,15.06,0,221.9,1400
    60.0,44,33917,0,16,0.00,21.88,0.00,12.04,0,224.5,1400
    61.0,44,33917,0,16,0.00,21.88,0.00,10.03,0,226.7,1400
    62.0,44,33917,0,16,0.00,21.88,0.00,8.59,0,231.0,1400
    63.0,44,33917,0,16,0.00,21.88,0.00,7.52,0,233.9,1400
    64.0,58,33903,0,18,19.96,9.07,16.68,8.46,8,235.3,1400
    65.0,81,33880,0,24,25.82,11.12,22.97,10.52,10,238.3,1400
    66.0,94,33867,0,39,24.90,11.92,28.83,12.11,12,243.0,1400
    67.0,94,33867,0,39,9.89,11.92,14.63,11.10,12,245.8,1400
    68.0,98,33863,0,39,21.88,10.37,16.00,10.55,10,216.1,1400
    69.0,114,33847,0,50,25.82,11.16,29.27,11.73,11,217.4,1400
    70.0,124,33837,0,55,20.89,11.60,21.51,11.95,12,219.8,1400
    71.0,135,33826,0,61,16.96,11.75,17.26,12.26,12,224.0,1400
    72.0,152,33809,0,67,20.59,12.35,21.52,12.89,13,226.1,1400
    73.0,169,33792,0,76,24.21,12.85,25.52,13.62,13,231.1,1400
    74.0,186,33775,0,80,24.17,13.40,24.43,14.01,14,233.2,1400
    75.0,198,33763,0,86,22.58,13.58,22.21,14.21,14,237.2,1400
    76.0,210,33751,0,95,19.15,13.81,21.01,14.53,14,239.7,1400
    77.0,226,33735,0,99,20.52,14.10,21.97,14.78,15,243.5,1400
    78.0,237,33724,0,109,20.00,14.38,22.21,15.05,15,214.2,1400
    79.0,252,33709,0,112,18.10,14.39,19.86,15.18,15,216.0,1400
    80.0,265,33696,0,115,19.58,14.55,17.38,15.21,15,218.0,1400
    81.0,280,33681,0,122,20.67,14.76,20.52,15.47,15,222.1,1400
    82.0,296,33665,0,122,23.42,15.02,20.99,15.49,15,224.4,1400
    83.0,308,33653,0,126,20.99,15.11,17.54,15.51,15,228.7,1400
    84.0,321,33640,0,126,18.16,15.22,15.41,15.42,15,230.5,1400
    85.0,338,33623,0,126,20.62,15.43,15.08,15.47,15,234.6,1400
    86.0,350,33611,0,129,20.77,15.57,16.76,15.46,15,236.3,1400
    87.0,363,33598,0,132,19.20,15.59,17.41,15.48,15,240.1,1400
    88.0,373,33588,0,136,16.55,15.57,15.79,15.43,15,244.0,1400
    89.0,385,33576,0,140,18.01,15.55,15.93,15.45,15,214.3,1400
    90.0,396,33565,0,140,16.37,15.51,14.06,15.32,15,212.7,1400
    91.0,404,33557,0,140,14.10,15.44,10.31,15.12,15,215.8,1400
    92.0,418,33543,0,140,16.98,15.45,12.42,15.09,15,218.0,1400
    93.0,433,33528,0,140,20.68,15.69,15.12,15.09,15,221.7,1400
    94.0,444,33517,0,140,19.76,15.62,14.45,14.98,15,224.8,1400
    95.0,451,33510,0,140,12.31,15.55,9.00,14.78,15,227.6,1400
    96.0,460,33501,0,140,12.16,15.42,8.89,14.64,15,230.9,1400
    97.0,473,33488,0,143,15.05,15.40,12.51,14.67,15,232.5,1400
    98.0,483,33478,0,143,15.73,15.38,13.01,14.56,15,235.6,1400
    99.0,490,33471,0,143,13.85,15.28,10.13,14.39,15,238.5,1400
   100.0,497,33464,0,143,11.50,15.13,8.41,14.23,14,240.9,1400
   101.0,506,33455,0,143,12.54,15.13,9.17,14.11,14,213.5,1400
   102.0,520,33441,0,143,17.21,15.16,12.59,14.11,14,214.7,1400
   103.0,530,33431,0,145,16.42,15.12,13.01,14.07,14,216.1,1400
   104.0,537,33424,0,145,13.36,15.03,10.92,13.92,14,219.2,1400
   105.0,548,33413,0,145,13.83,15.03,10.11,13.86,14,223.4,1400
   106.0,558,33403,0,145,15.17,15.02,11.09,13.79,14,224.9,1400
   107.0,568,33393,0,145,14.72,15.07,10.77,13.72,14,227.5,1400
   108.0,576,33385,0,145,13.08,14.95,9.56,13.61,14,230.6,1400
   109.0,585,33376,0,145,12.96,14.85,9.48,13.52,14,233.6,1400
   110.0,591,33370,0,145,10.47,14.77,7.66,13.39,14,236.0,1400
   111.0,599,33362,0,145,10.92,14.64,7.99,13.29,14,239.1,1400
   112.0,607,33354,0,145,11.47,14.61,8.39,13.20,13,242.0,1400
   113.0,614,33347,0,145,12.16,14.53,8.89,13.09,13,212.7,1400
   114.0,626,33335,0,145,13.68,14.52,10.01,13.07,13,213.8,1400
   115.0,631,33330,0,145,11.63,14.40,8.51,12.94,13,216.7,1400
   116.0,639,33322,0,145,10.38,14.38,7.59,12.86,13,219.6,1400
   117.0,650,33311,0,145,14.32,14.37,10.47,12.83,13,224.7,1400
   118.0,650,33311,0,145,7.78,14.37,5.69,12.62,13,225.1,1400
   119.0,650,33311,0,145,0.00,14.37,0.00,12.42,13,228.6,1400
   120.0,650,33311,0,145,0.00,14.37,0.00,12.23,13,230.5,1400
   121.0,654,33307,0,151,10.68,13.63,19.53,12.20,12,234.7,1400
   122.0,664,33297,0,151,12.66,13.58,13.23,12.17,12,236.1,1400
   123.0,676,33285,0,151,15.19,13.63,11.11,12.16,12,239.1,1400
   124.0,692,33269,0,158,20.34,13.74,18.60,12.32,12,243.5,1400
   125.0,707,33254,0,162,22.56,13.84,22.35,12.42,12,214.6,1400
   126.0,719,33242,0,166,19.70,13.86,18.68,12.47,12,215.7,1400
   127.0,730,33231,0,167,16.84,13.88,15.00,12.46,12,218.9,1400
   128.0,739,33222,0,173,14.89,13.87,14.71,12.50,12,222.5,1400
   129.0,749,33212,0,177,13.48,13.87,15.05,12.52,12,224.4,1400
   130.0,763,33198,0,181,19.23,13.96,16.39,12.59,12,228.5,1400
   131.0,773,33188,0,181,17.29,13.95,14.75,12.56,12,231.6,1400
   132.0,791,33170,0,181,21.48,14.07,15.71,12.63,12,233.2,1400
   133.0,803,33158,0,189,20.73,14.15,19.20,12.72,12,236.7,1400
   134.0,807,33154,0,189,11.43,14.01,12.54,12.61,12,239.7,1400
   135.0,822,33139,0,189,14.26,14.08,10.43,12.64,12,242.7,1400
   136.0,835,33126,0,189,19.62,14.13,14.35,12.64,12,213.7,1400
   137.0,847,33114,0,193,17.61,14.17,14.94,12.69,12,215.1,1400
   138.0,862,33099,0,193,18.99,14.25,15.95,12.71,13,218.2,1400
   139.0,875,33086,0,193,19.16,14.25,14.01,12.72,13,219.8,1400
   140.0,888,33073,0,193,17.95,14.29,13.13,12.72,13,223.0,1400
   141.0,902,33059,0,193,19.95,14.34,14.59,12.74,13,226.2,1400
   142.0,912,33049,0,193,17.93,14.36,13.11,12.70,13,229.7,1400
   143.0,927,33034,0,193,20.03,14.43,14.65,12.73,13,231.5,1400
   144.0,937,33024,0,197,18.04,14.43,15.30,12.74,13,234.7,1400
   145.0,947,33014,0,201,14.12,14.44,14.46,12.76,13,238.0,1400
   146.0,954,33007,0,203,14.45,14.35,11.96,12.72,13,240.8,1400
   147.0,964,32997,0,203,14.22,14.37,9.93,12.69,13,243.5,1400
   148.0,975,32986,0,207,17.43,14.34,15.18,12.71,13,215.8,1400
   149.0,981,32980,0,211,11.79,14.35,12.67,12.68,13,216.6,1400
   150.0,989,32972,0,214,10.87,14.25,11.93,12.67,13,218.5,1400
   151.0,1003,32958,0,214,15.15,14.30,12.59,12.68,13,222.3,1400
   152.0,1009,32952,0,217,15.62,14.25,13.14,12.64,13,225.1,1400
   153.0,1020,32941,0,220,16.20,14.28,12.76,12.66,13,228.7,1400
   154.0,1030,32931,0,220,14.99,14.23,12.53,12.63,13,230.3,1400
   155.0,1037,32924,0,220,11.73,14.20,8.58,12.57,13,233.2,1400
   156.0,1046,32915,0,220,12.53,14.19,9.16,12.54,13,235.8,1400
   157.0,1063,32898,0,220,19.52,14.25,14.28,12.58,13,239.6,1400
   158.0,1072,32889,0,220,18.51,14.26,13.54,12.55,13,242.3,1400
   159.0,1080,32881,0,220,13.95,14.23,10.20,12.50,13,214.0,1400
   160.0,1093,32868,0,220,14.93,14.27,10.92,12.51,13,217.2,1400
   161.0,1102,32859,0,220,15.63,14.22,11.43,12.47,13,216.2,1400
   162.0,1109,32852,0,220,11.08,14.18,8.11,12.42,13,220.7,1400
   163.0,1119,32842,0,220,14.49,14.20,10.60,12.40,13,222.2,1400
   164.0,1128,32833,0,220,14.13,14.18,10.34,12.37,13,225.0,1400
   165.0,1141,32820,0,220,16.26,14.21,11.89,12.37,13,228.4,1400
   166.0,1151,32810,0,224,16.92,14.22,14.53,12.39,13,230.2,1400
   167.0,1159,32802,0,224,12.64,14.20,11.30,12.35,13,233.1,1400
   168.0,1172,32789,0,224,14.66,14.20,10.72,12.36,13,236.7,1400
   169.0,1182,32779,0,224,15.83,14.22,11.58,12.34,13,240.1,1400
   170.0,1195,32766,0,224,16.63,14.23,12.16,12.34,13,241.8,1400
   171.0,1206,32755,0,224,16.82,14.25,12.30,12.33,13,214.2,1400
   172.0,1213,32748,0,227,12.90,14.24,11.01,12.31,13,216.5,1400
   173.0,1223,32738,0,230,14.20,14.19,14.05,12.32,13,217.4,1400
   174.0,1234,32727,0,230,14.63,14.19,12.23,12.30,13,220.8,1400
   175.0,1239,32722,0,234,11.55,14.14,10.56,12.28,13,223.5,1400
   176.0,1253,32708,0,234,16.80,14.19,12.04,12.29,13,225.2,1400
   177.0,1260,32701,0,234,14.75,14.16,10.79,12.25,13,229.8,1400
   178.0,1273,32688,0,234,17.81,14.17,13.03,12.25,12,231.4,1400
   179.0,1282,32679,0,234,15.43,14.18,11.29,12.23,12,234.2,1400
   180.0,1292,32669,0,236,14.50,14.15,11.73,12.23,12,237.4,1400
   181.0,1306,32655,0,236,20.07,14.18,13.03,12.24,12,241.2,1400
   182.0,1316,32645,0,236,17.73,14.18,12.97,12.22,12,244.2,1400
   183.0,1324,32637,0,236,13.49,14.16,9.87,12.19,12,215.8,1400
   184.0,1332,32629,0,236,12.48,14.14,9.13,12.16,12,215.1,1400
   185.0,1343,32618,0,236,14.06,14.13,10.28,12.15,12,217.9,1400
   186.0,1352,32609,0,236,14.29,14.12,10.45,12.12,12,221.3,1400
   187.0,1360,32601,0,236,13.60,14.10,9.95,12.09,12,224.2,1400
   188.0,1370,32591,0,236,12.92,14.11,9.45,12.08,12,227.2,1400
   189.0,1382,32579,0,236,15.91,14.12,11.63,12.08,12,229.1,1400
   190.0,1393,32568,0,240,16.10,14.11,13.82,12.10,12,232.5,1400
   191.0,1402,32559,0,243,14.15,14.11,13.98,12.10,12,235.8,1400
   192.0,1416,32545,0,246,17.48,14.13,16.12,12.13,12,237.7,1400
   193.0,1429,32532,0,246,19.69,14.16,16.00,12.14,12,241.5,1400
   194.0,1441,32520,0,246,19.49,14.18,14.25,12.14,12,245.5,1400
   195.0,1452,32509,0,252,17.48,14.20,16.12,12.17,12,215.7,1400
   196.0,1464,32497,0,252,17.39,14.20,16.04,12.17,12,216.7,1400
   197.0,1472,32489,0,252,15.85,14.19,11.59,12.14,12,220.1,1400
   198.0,1488,32473,0,252,18.13,14.23,13.26,12.17,12,223.6,1400
   199.0,1498,32463,0,256,17.79,14.24,15.01,12.18,12,225.3,1400
   200.0,1508,32453,0,259,17.16,14.24,14.11,12.19,12,228.6,1400
   201.0,1519,32442,0,259,15.74,14.25,13.16,12.18,12,231.9,1400
   202.0,1529,32432,0,259,14.66,14.23,10.73,12.16,12,234.2,1400
   203.0,1536,32425,0,259,14.76,14.25,10.79,12.13,12,240.8,1400
   204.0,1536,32425,0,259,5.18,14.25,3.79,12.05,12,241.3,1400
   205.0,1536,32425,0,259,0.00,14.25,0.00,11.97,12,246.1,1400
   206.0,1545,32416,0,259,18.73,14.01,13.70,11.95,12,214.7,1400
   207.0,1556,32405,0,261,16.50,14.02,13.28,11.96,12,215.8,1400
   208.0,1563,32398,0,264,12.52,13.99,11.69,11.94,12,218.6,1400
   209.0,1573,32388,0,267,14.13,13.99,11.65,11.95,12,221.7,1400
   210.0,1584,32377,0,271,14.60,13.98,14.24,11.97,12,223.7,1400
   211.0,1595,32366,0,274,15.18,14.00,14.64,11.98,12,227.5,1400
   212.0,1604,32357,0,278,14.53,13.98,14.35,11.99,12,230.9,1400
   213.0,1611,32350,0,281,11.91,13.97,12.53,11.98,12,233.6,1400
   214.0,1623,32338,0,284,13.64,13.96,13.13,11.99,12,236.6,1400
   215.0,1630,32331,0,287,13.01,13.96,12.52,11.98,12,239.7,1400
   216.0,1639,32322,0,290,13.84,13.94,12.11,11.98,12,241.8,1400
   217.0,1649,32312,0,292,13.50,13.93,12.47,11.98,12,245.4,1400
   218.0,1661,32300,0,300,15.57,13.95,16.56,12.03,12,215.6,1400
   219.0,1672,32289,0,304,16.45,13.95,18.31,12.05,12,217.5,1400
   220.0,1680,32281,0,309,13.87,13.96,14.95,12.06,12,220.7,1400
   221.0,1692,32269,0,309,15.14,13.95,13.84,12.06,12,223.9,1400
   222.0,1698,32263,0,314,13.51,13.91,12.63,12.05,12,225.8,1400
   223.0,1710,32251,0,321,14.81,13.94,15.64,12.09,12,229.4,1400
   224.0,1721,32240,0,325,17.19,13.95,18.59,12.11,12,233.3,1400
   225.0,1731,32230,0,328,15.39,13.94,15.01,12.11,12,235.4,1400
   226.0,1741,32220,0,336,15.06,13.93,17.07,12.15,12,239.5,1400
   227.0,1754,32207,0,346,17.04,13.95,20.83,12.21,12,242.6,1400
   228.0,1761,32200,0,352,14.01,13.94,18.44,12.22,12,246.0,1400
   229.0,1771,32190,0,352,13.30,13.93,13.16,12.20,12,216.8,1400
   230.0,1785,32176,0,356,17.77,13.95,15.17,12.24,12,216.6,1400
   231.0,1791,32170,0,364,13.68,13.93,16.01,12.25,12,219.8,1400
   232.0,1802,32159,0,369,16.10,13.93,15.99,12.27,12,222.6,1400
   233.0,1810,32151,0,372,15.41,13.91,13.68,12.26,12,225.8,1400
   234.0,1818,32143,0,377,14.03,13.90,13.17,12.26,12,229.2,1400
   235.0,1828,32133,0,380,14.24,13.90,15.05,12.27,12,231.0,1400
   236.0,1836,32125,0,384,13.22,13.87,13.43,12.27,12,234.1,1400
   237.0,1848,32113,0,388,13.87,13.89,14.20,12.29,12,237.5,1400
   238.0,1860,32101,0,391,18.73,13.91,17.69,12.30,12,241.1,1400
   239.0,1864,32097,0,395,11.60,13.88,12.20,12.28,12,243.9,1400
   240.0,1873,32088,0,403,10.26,13.87,12.64,12.30,12,214.1,1400
   241.0,1885,32076,0,406,14.87,13.88,16.57,12.32,12,217.2,1400
   242.0,1893,32068,0,409,14.13,13.85,13.44,12.31,12,218.3,1400
   243.0,1901,32060,0,409,12.56,13.84,9.58,12.29,12,222.0,1400
   244.0,1909,32052,0,409,11.99,13.82,8.77,12.27,12,224.6,1400
   245.0,1921,32040,0,420,15.28,13.84,17.33,12.32,12,226.8,1400
   246.0,1931,32030,0,424,16.75,13.83,19.32,12.33,12,230.6,1400
   247.0,1940,32021,0,435,14.46,13.85,18.92,12.37,12,232.7,1400
   248.0,1950,32011,0,436,13.12,13.82,15.66,12.36,12,236.2,1400
   249.0,1960,32001,0,440,13.93,13.83,12.74,12.37,12,239.5,1400
   250.0,1968,31993,0,445,13.66,13.84,14.99,12.38,12,243.3,1400
   251.0,1982,31979,0,447,15.71,13.83,15.14,12.39,12,244.7,1400
   252.0,1990,31971,0,454,15.63,13.82,16.10,12.41,12,217.0,1400
   253.0,2001,31960,0,455,15.67,13.82,14.93,12.40,12,217.7,1400
   254.0,2012,31949,0,462,15.97,13.84,15.92,12.43,12,221.4,1400
   255.0,2020,31941,0,467,13.57,13.84,16.20,12.44,12,223.3,1400
   256.0,2034,31927,0,467,16.31,13.85,14.64,12.44,12,226.6,1400
   257.0,2040,31921,0,469,15.35,13.82,12.35,12.42,12,229.9,1400
   258.0,2051,31910,0,476,15.34,13.83,14.33,12.45,12,233.3,1400
   259.0,2062,31899,0,484,15.81,13.84,19.44,12.48,12,236.1,1400
   260.0,2072,31889,0,488,15.99,13.84,18.38,12.49,12,239.5,1400
   261.0,2080,31881,0,492,13.93,13.84,14.71,12.49,12,242.4,1400
   262.0,2090,31871,0,496,14.46,13.84,15.28,12.49,12,244.2,1400
   263.0,2101,31860,0,499,15.86,13.82,15.47,12.50,12,216.0,1400
   264.0,2112,31849,0,502,15.91,13.82,14.81,12.51,12,217.3,1400
   265.0,2124,31837,0,506,16.81,13.84,16.03,12.52,12,220.5,1400
   266.0,2131,31830,0,508,14.23,13.82,13.70,12.51,12,221.8,1400
   267.0,2142,31819,0,510,16.19,13.82,12.30,12.51,12,224.8,1400
   268.0,2152,31809,0,512,15.06,13.82,13.11,12.51,12,228.1,1400
   269.0,2160,31801,0,513,14.09,13.81,12.03,12.49,12,230.9,1400
   270.0,2171,31790,0,517,14.53,13.82,13.42,12.50,12,234.1,1400
   271.0,2180,31781,0,521,15.31,13.81,15.68,12.51,12,237.2,1400
   272.0,2194,31767,0,525,17.86,13.83,17.60,12.53,12,239.7,1400
   273.0,2203,31758,0,529,17.37,13.82,17.13,12.53,12,243.3,1400
   274.0,2214,31747,0,529,16.45,13.83,12.66,12.53,12,246.2,1400
   275.0,2223,31738,0,529,15.92,13.83,11.64,12.51,12,217.0,1400
   276.0,2233,31728,0,529,15.37,13.82,11.24,12.50,12,218.7,1400
   277.0,2244,31717,0,533,15.33,13.83,13.35,12.51,12,219.7,1400
   278.0,2256,31705,0,533,16.18,13.85,13.89,12.51,12,223.2,1400
   279.0,2269,31692,0,533,17.60,13.86,12.87,12.51,12,226.2,1400
   280.0,2280,31681,0,533,16.88,13.86,12.35,12.50,12,229.9,1400
   281.0,2290,31671,0,536,14.69,13.87,12.28,12.51,12,232.9,1400
   282.0,2304,31657,0,536,17.88,13.89,14.71,12.51,12,234.6,1400
   283.0,2319,31642,0,539,19.98,13.91,16.13,12.54,12,238.7,1400
   284.0,2334,31627,0,542,20.55,13.94,18.04,12.56,12,240.6,1400
   285.0,2348,31613,0,542,21.18,13.96,17.09,12.57,12,245.0,1400
   286.0,2355,31606,0,546,15.91,13.97,13.85,12.56,12,216.8,1400
   287.0,2363,31598,0,548,11.57,13.93,11.84,12.55,12,217.1,1400
   288.0,2377,31584,0,548,15.23,13.95,12.15,12.55,12,220.4,1400
   289.0,2387,31574,0,551,17.90,13.95,14.73,12.56,12,222.3,1400
   290.0,2402,31559,0,551,17.50,13.99,14.34,12.57,12,227.3,1400
   291.0,2402,31559,0,551,10.92,13.99,7.99,12.51,12,229.1,1400
   292.0,2406,31555,0,551,21.88,13.89,16.00,12.48,12,232.8,1400
   293.0,2420,31541,0,555,21.74,13.90,19.43,12.50,12,234.3,1400
   294.0,2428,31533,0,556,17.82,13.90,13.87,12.49,12,236.9,1400
   295.0,2435,31526,0,556,14.97,13.87,9.94,12.46,12,239.4,1400
   296.0,2447,31514,0,557,15.71,13.91,12.10,12.47,12,243.0,1400
   297.0,2458,31503,0,559,17.30,13.90,14.30,12.47,12,245.9,1400
   298.0,2476,31485,0,559,23.02,13.93,18.00,12.49,12,216.6,1400
   299.0,2486,31475,0,563,20.23,13.94,16.91,12.50,12,218.4,1400
   300.0,2494,31467,0,568,15.70,13.94,14.36,12.50,12,221.6,1400
   301.0,2509,31452,0,568,16.41,13.96,14.61,12.51,12,225.4,1400
   302.0,2519,31442,0,570,17.56,13.95,13.86,12.51,12,226.8,1400
   303.0,2535,31426,0,574,21.65,13.98,16.45,12.54,12,230.7,1400
   304.0,2544,31417,0,578,17.96,13.98,17.34,12.54,12,234.3,1400
   305.0,2559,31402,0,581,19.58,14.00,16.13,12.56,12,236.8,1400
   306.0,2573,31388,0,585,20.13,14.02,18.27,12.58,12,240.4,1400
   307.0,2581,31380,0,587,16.11,14.01,15.00,12.57,12,243.4,1400
   308.0,2590,31371,0,590,13.06,14.00,12.37,12.57,12,244.9,1400
   309.0,2601,31360,0,593,14.01,14.02,13.32,12.58,12,216.6,1400
   310.0,2616,31345,0,600,18.22,14.04,18.45,12.61,12,218.6,1400
   311.0,2631,31330,0,600,20.77,14.06,18.73,12.62,12,220.4,1400
   312.0,2642,31319,0,603,18.49,14.06,15.08,12.63,12,224.2,1400
   313.0,2652,31309,0,605,19.60,14.06,14.12,12.62,12,226.6,1400
   314.0,2661,31300,0,608,13.49,14.05,12.47,12.62,12,229.6,1400
   315.0,2676,31285,0,612,18.80,14.09,17.77,12.65,12,232.0,1400
   316.0,2689,31272,0,612,19.98,14.09,16.70,12.65,12,235.6,1400
   317.0,2695,31266,0,612,14.78,14.07,10.81,12.62,12,237.7,1400
   318.0,2709,31252,0,615,15.74,14.09,13.24,12.64,12,241.5,1400
   319.0,2724,31237,0,615,21.12,14.11,17.05,12.65,12,245.4,1400
   320.0,2734,31227,0,615,18.93,14.12,13.84,12.64,12,246.9,1400
   321.0,2748,31213,0,615,18.26,14.13,13.36,12.64,12,218.8,1400
   322.0,2763,31198,0,619,21.41,14.17,17.82,12.67,12,220.5,1400
   323.0,2774,31187,0,623,18.68,14.17,17.87,12.68,12,222.1,1400
   324.0,2790,31171,0,623,18.95,14.20,15.91,12.69,12,225.4,1400
   325.0,2801,31160,0,626,18.62,14.19,15.13,12.69,12,229.0,1400
   326.0,2809,31152,0,627,16.82,14.18,14.90,12.68,12,231.8,1400
   327.0,2825,31136,0,630,22.55,14.20,17.16,12.70,12,233.8,1400
   328.0,2834,31127,0,630,17.89,14.20,14.65,12.69,12,237.3,1400
   329.0,2850,31111,0,634,20.64,14.23,17.51,12.72,12,240.4,1400
   330.0,2863,31098,0,634,20.16,14.24,16.78,12.72,12,244.7,1400
   331.0,2871,31090,0,634,15.15,14.23,11.08,12.70,12,247.3,1400
   332.0,2886,31075,0,634,19.29,14.25,14.11,12.71,12,217.3,1400
   333.0,2901,31060,0,634,21.11,14.28,15.44,12.72,12,218.6,1400
   334.0,2908,31053,0,634,16.18,14.26,11.83,12.70,12,221.2,1400
   335.0,2924,31037,0,638,17.59,14.28,15.10,12.72,12,224.9,1400
   336.0,2933,31028,0,638,17.54,14.29,14.88,12.71,12,227.5,1400
   337.0,2947,31014,0,638,17.03,14.31,12.46,12.71,12,229.4,1400
   338.0,2954,31007,0,644,14.46,14.29,13.60,12.71,12,232.5,1400
   339.0,2966,30995,0,644,17.66,14.29,13.01,12.71,12,235.9,1400
   340.0,2979,30982,0,644,19.48,14.30,14.25,12.71,12,239.5,1400
   341.0,2993,30968,0,644,18.98,14.32,13.88,12.72,12,241.6,1400
   342.0,3008,30953,0,644,20.12,14.34,14.71,12.73,12,245.3,1400
   343.0,3019,30942,0,644,18.70,14.35,13.68,12.72,12,216.3,1400
   344.0,3035,30926,0,644,21.25,14.37,15.54,12.73,12,219.6,1400
   345.0,3049,30912,0,648,21.14,14.38,17.53,12.75,13,221.2,1400
   346.0,3064,30897,0,648,19.87,14.40,16.54,12.76,13,223.2,1400
   347.0,3074,30887,0,651,18.36,14.40,15.04,12.76,13,226.4,1400
   348.0,3084,30877,0,658,19.03,14.40,16.45,12.77,13,229.0,1400
   349.0,3097,30864,0,658,17.35,14.41,15.23,12.77,13,232.8,1400
   350.0,3107,30854,0,658,16.37,14.42,11.97,12.76,13,235.3,1400
   351.0,3121,30840,0,658,17.56,14.43,12.84,12.77,13,239.2,1400
   352.0,3132,30829,0,661,17.34,14.43,14.21,12.77,13,241.9,1400
   353.0,3141,30820,0,661,15.93,14.42,13.40,12.76,13,243.4,1400
   354.0,3149,30812,0,661,12.80,14.41,9.36,12.74,13,246.1,1400
   355.0,3156,30805,0,661,11.73,14.39,8.58,12.72,13,218.9,1400
   356.0,3164,30797,0,661,11.24,14.38,8.22,12.71,13,218.5,1400
   357.0,3174,30787,0,661,14.89,14.38,10.89,12.70,13,220.2,1400
   358.0,3189,30772,0,661,19.32,14.39,14.13,12.71,13,223.8,1400
   359.0,3203,30758,0,661,21.19,14.41,15.50,12.71,13,227.2,1400
   360.0,3206,30755,0,661,12.56,14.41,9.18,12.68,13,229.0,1400
   361.0,3222,30739,0,665,15.16,14.40,13.42,12.70,13,233.0,1400
   362.0,3232,30729,0,665,18.58,14.40,15.68,12.69,13,236.0,1400
   363.0,3246,30715,0,665,18.64,14.41,13.64,12.70,13,239.3,1400
   364.0,3250,30711,0,668,14.14,14.41,12.06,12.68,13,241.9,1400
   365.0,3266,30695,0,668,17.76,14.41,13.11,12.69,13,245.3,1400
   366.0,3271,30690,0,669,16.00,14.38,12.26,12.67,13,247.6,1400
   367.0,3282,30679,0,672,11.28,14.39,10.31,12.67,13,220.0,1400
   368.0,3290,30671,0,672,14.65,14.40,12.41,12.66,13,220.7,1400
   369.0,3300,30661,0,672,13.39,14.37,9.79,12.65,13,222.1,1400
   370.0,3310,30651,0,672,13.90,14.38,10.17,12.64,13,225.3,1400
   371.0,3322,30639,0,675,17.27,14.38,14.35,12.65,13,228.9,1400
   372.0,3335,30626,0,675,20.87,14.39,14.58,12.65,13,232.7,1400
   373.0,3346,30615,0,676,17.69,14.41,13.48,12.65,13,233.4,1400
   374.0,3357,30604,0,676,15.58,14.40,11.91,12.64,13,236.9,1400
   375.0,3373,30588,0,676,21.41,14.42,15.66,12.65,13,240.1,1400
   376.0,3386,30575,0,676,21.33,14.43,15.60,12.65,13,243.6,1400
   377.0,3398,30563,0,679,17.72,14.45,14.52,12.66,13,245.5,1400
   378.0,3408,30553,0,681,16.45,14.43,14.76,12.66,13,217.6,1400
   379.0,3413,30548,0,681,10.96,14.41,9.09,12.64,13,218.1,1400
   380.0,3429,30532,0,684,18.62,14.43,15.55,12.66,13,221.7,1400
   381.0,3443,30518,0,684,20.91,14.44,16.82,12.66,13,225.4,1400
   382.0,3453,30508,0,684,17.55,14.44,12.83,12.65,13,226.5,1400
   383.0,3463,30498,0,684,15.83,14.44,11.58,12.64,13,229.8,1400
   384.0,3478,30483,0,684,19.25,14.46,14.08,12.65,13,233.4,1400
   385.0,3492,30469,0,684,20.42,14.47,14.93,12.66,13,237.1,1400
   386.0,3507,30454,0,684,21.65,14.49,15.84,12.66,13,238.8,1400
   387.0,3516,30445,0,684,18.05,14.48,13.20,12.65,13,242.1,1400
   388.0,3531,30430,0,684,17.94,14.50,13.12,12.66,13,245.2,1400
   389.0,3542,30419,0,684,20.37,14.51,14.90,12.65,13,248.5,1400
   390.0,3552,30409,0,684,16.40,14.51,11.99,12.65,13,219.2,1400
   391.0,3565,30396,0,684,16.28,14.51,11.90,12.65,13,220.9,1400
   392.0,3575,30386,0,684,16.45,14.51,12.04,12.64,13,223.5,1400
   393.0,3586,30375,0,684,15.48,14.52,11.32,12.63,13,226.6,1400
   394.0,3598,30363,0,684,15.96,14.52,11.68,12.63,13,229.6,1400
   395.0,3606,30355,0,684,17.88,14.50,13.08,12.62,13,231.7,1400
   396.0,3621,30340,0,684,16.74,14.52,12.24,12.63,13,233.8,1400
   397.0,3626,30335,0,684,15.07,14.50,11.03,12.60,13,236.7,1400
   398.0,3646,30315,0,684,21.77,14.53,15.92,12.62,13,240.0,1400
   399.0,3661,30300,0,684,25.51,14.55,18.66,12.63,13,244.0,1400
   400.0,3672,30289,0,684,20.17,14.57,14.76,12.63,13,245.9,1400
   401.0,3682,30279,0,684,16.22,14.57,11.86,12.62,13,217.6,1400
   402.0,3689,30272,0,684,12.26,14.55,8.97,12.60,13,217.9,1400
   403.0,3700,30261,0,684,12.60,14.55,9.22,12.60,13,222.9,1400
   404.0,3700,30261,0,684,7.97,14.55,5.83,12.56,13,225.6,1400
   405.0,3704,30257,0,684,21.88,14.47,16.00,12.54,13,227.9,1400
   406.0,3711,30250,0,687,13.40,14.46,12.48,12.53,13,229.7,1400
   407.0,3717,30244,0,691,12.70,14.44,11.83,12.52,13,232.8,1400
   408.0,3726,30235,0,691,13.00,14.44,10.04,12.51,13,235.1,1400
   409.0,3736,30225,0,691,14.00,14.44,10.24,12.51,13,238.7,1400
   410.0,3744,30217,0,691,14.20,14.43,10.39,12.49,13,240.7,1400
   411.0,3753,30208,0,691,11.79,14.42,8.63,12.48,13,244.3,1400
   412.0,3763,30198,0,691,14.65,14.42,10.72,12.48,13,247.1,1400
   413.0,3775,30186,0,691,16.28,14.42,11.91,12.48,13,218.2,1400
   414.0,3785,30176,0,691,16.65,14.43,12.17,12.47,13,220.7,1400
   415.0,3792,30169,0,691,12.05,14.40,8.81,12.45,13,220.5,1400
   416.0,3803,30158,0,691,13.51,14.41,9.88,12.45,13,223.7,1400
   417.0,3818,30143,0,691,21.35,14.42,15.62,12.46,13,227.3,1400
   418.0,3829,30132,0,691,20.19,14.43,14.76,12.45,13,230.0,1400
   419.0,3843,30118,0,691,18.97,14.44,13.87,12.46,13,233.3,1400
   420.0,3851,30110,0,691,15.17,14.43,11.09,12.44,13,236.3,1400
   421.0,3860,30101,0,691,13.01,14.43,9.52,12.43,13,239.6,1400
   422.0,3870,30091,0,691,15.55,14.42,11.38,12.43,13,242.4,1400
   423.0,3879,30082,0,691,13.88,14.42,10.15,12.42,13,245.6,1400
   424.0,3888,30073,0,691,13.79,14.41,10.08,12.41,13,247.2,1400
   425.0,3896,30065,0,691,12.85,14.40,9.40,12.40,13,217.8,1400
   426.0,3910,30051,0,691,16.72,14.41,12.23,12.40,13,219.2,1400
   427.0,3919,30042,0,691,17.31,14.41,12.66,12.39,13,222.1,1400
   428.0,3933,30028,0,691,19.74,14.42,14.44,12.40,13,225.4,1400
   429.0,3943,30018,0,691,18.57,14.42,13.58,12.39,13,228.4,1400
   430.0,3950,30011,0,693,13.32,14.43,10.89,12.38,13,231.3,1400
   431.0,3960,30001,0,693,12.28,14.41,10.04,12.38,13,233.0,1400
   432.0,3974,29987,0,693,17.83,14.42,13.04,12.38,13,236.4,1400
   433.0,3980,29981,0,693,14.01,14.41,10.25,12.36,13,238.8,1400
   434.0,3994,29967,0,693,15.68,14.41,11.46,12.37,13,242.5,1400
   435.0,3998,29963,0,693,12.44,14.40,9.09,12.35,13,244.3,1400
   436.0,4008,29953,0,693,11.48,14.39,8.39,12.34,13,248.1,1400
   437.0,4022,29939,0,693,17.03,14.40,12.45,12.34,13,219.9,1400
   438.0,4034,29927,0,693,18.37,14.40,13.44,12.34,13,221.1,1400
   439.0,4039,29922,0,693,12.81,14.40,9.37,12.32,13,223.1,1400
   440.0,4051,29910,0,693,14.20,14.39,10.38,12.32,13,226.6,1400
   441.0,4055,29906,0,693,11.13,14.37,8.14,12.30,13,228.9,1400
   442.0,4064,29897,0,693,10.36,14.37,7.58,12.29,13,231.8,1400
   443.0,4076,29885,0,693,16.08,14.36,11.76,12.29,13,233.6,1400
   444.0,4091,29870,0,693,19.10,14.38,13.97,12.30,13,236.9,1400
   445.0,4096,29865,0,693,16.00,14.37,11.70,12.28,13,239.0,1400
   446.0,4099,29862,0,693,6.21,14.35,4.55,12.26,13,241.4,1400
   447.0,4105,29856,0,693,6.82,14.33,4.99,12.24,12,243.9,1400
   448.0,4113,29848,0,693,12.25,14.31,8.96,12.23,12,246.5,1400
   449.0,4123,29838,0,693,13.13,14.31,9.60,12.22,12,219.0,1400
   450.0,4130,29831,0,693,12.76,14.30,9.33,12.21,12,219.1,1400
   451.0,4139,29822,0,693,14.93,14.29,10.92,12.20,12,222.3,1400
   452.0,4145,29816,0,693,11.73,14.28,8.58,12.19,12,226.9,1400
   453.0,4152,29809,0,693,11.09,14.28,8.11,12.17,12,228.9,1400
   454.0,4162,29799,0,693,12.82,14.28,9.38,12.17,12,231.7,1400
   455.0,4167,29794,0,693,10.32,14.27,7.55,12.15,12,236.6,1400
   456.0,4167,29794,0,693,3.44,14.27,2.52,12.12,12,237.1,1400
   457.0,4167,29794,0,693,0.00,14.27,0.00,12.09,12,240.6,1400
   458.0,4167,29794,0,693,0.00,14.27,0.00,12.06,12,242.5,1400
   459.0,4170,29791,0,693,16.41,14.12,12.00,12.04,12,248.3,1400
   460.0,4178,29783,0,696,12.89,14.12,12.00,12.04,12,247.0,1400
   461.0,4185,29776,0,700,10.82,14.10,11.60,12.03,12,219.4,1400
   462.0,4191,29770,0,704,11.27,14.09,10.80,12.03,12,220.1,1400
   463.0,4197,29764,0,706,10.76,14.07,9.55,12.02,12,222.9,1400
   464.0,4204,29757,0,708,8.90,14.05,8.51,12.01,12,225.7,1400
   465.0,4208,29753,0,710,8.51,14.04,8.48,12.00,12,228.0,1400
   466.0,4219,29742,0,712,12.41,14.04,11.49,12.00,12,232.0,1400
   467.0,4224,29737,0,714,11.09,14.02,10.14,11.99,12,234.6,1400
   468.0,4233,29728,0,715,13.11,14.01,10.17,11.98,12,237.5,1400
   469.0,4237,29724,0,718,11.26,14.00,10.77,11.97,12,240.0,1400
   470.0,4245,29716,0,720,12.57,13.99,10.75,11.96,12,243.0,1400
   471.0,4252,29709,0,723,10.73,13.99,10.46,11.96,12,244.8,1400
   472.0,4264,29697,0,723,13.19,13.98,11.17,11.96,12,248.0,1400
   473.0,4270,29691,0,723,12.40,13.97,9.07,11.95,12,219.7,1400
   474.0,4274,29687,0,723,7.89,13.95,5.77,11.93,12,219.6,1400
   475.0,4288,29673,0,723,16.25,13.96,11.89,11.93,12,223.2,1400
   476.0,4299,29662,0,723,18.21,13.97,13.32,11.93,12,226.6,1400
   477.0,4310,29651,0,723,16.28,13.97,11.91,11.93,12,229.3,1400
   478.0,4313,29648,0,723,10.01,13.95,7.32,11.91,12,231.2,1400
   479.0,4323,29638,0,723,10.58,13.95,7.74,11.90,12,233.9,1400
   480.0,4331,29630,0,723,13.68,13.94,10.01,11.89,12,236.6,1400
   481.0,4340,29621,0,723,16.17,13.94,11.83,11.89,12,239.8,1400
   482.0,4350,29611,0,723,14.29,13.94,10.45,11.88,12,243.0,1400
   483.0,4358,29603,0,723,12.50,13.93,9.14,11.87,12,245.8,1400
   484.0,4372,29589,0,723,15.29,13.94,11.18,11.88,12,249.2,1400
   485.0,4383,29578,0,723,17.24,13.94,12.61,11.87,12,218.9,1400
   486.0,4397,29564,0,723,18.26,13.95,13.35,11.88,12,220.8,1400
   487.0,4402,29559,0,723,13.70,13.94,10.02,11.86,12,223.0,1400
   488.0,4408,29553,0,723,9.33,13.93,6.82,11.85,12,226.7,1400
   489.0,4420,29541,0,723,14.49,13.93,10.60,11.85,12,228.4,1400
   490.0,4431,29530,0,723,15.78,13.93,11.54,11.85,12,231.3,1400
   491.0,4440,29521,0,723,14.84,13.93,10.86,11.84,12,234.4,1400
   492.0,4451,29510,0,723,16.19,13.93,11.84,11.84,12,237.6,1400
   493.0,4460,29501,0,723,14.91,13.93,10.91,11.83,12,240.2,1400
   494.0,4474,29487,0,723,16.52,13.93,12.09,11.84,12,243.6,1400
   495.0,4481,29480,0,723,15.03,13.93,10.99,11.83,12,245.9,1400
   496.0,4490,29471,0,723,13.08,13.93,9.57,11.82,12,249.2,1400
   497.0,4497,29464,0,723,11.36,13.92,8.31,11.81,12,221.2,1400
   498.0,4505,29456,0,723,10.69,13.91,7.82,11.80,12,221.4,1400
   499.0,4516,29445,0,723,13.01,13.92,9.51,11.80,12,224.4,1400
   500.0,4523,29438,0,723,12.93,13.90,9.45,11.79,12,227.3,1400
   501.0,4534,29427,0,723,12.85,13.91,9.40,11.79,12,230.3,1400
   502.0,4543,29418,0,723,15.15,13.90,11.08,11.78,12,232.6,1400
   503.0,4553,29408,0,723,12.99,13.90,9.50,11.78,12,234.6,1400
   504.0,4562,29399,0,723,13.75,13.90,10.06,11.77,12,238.6,1400
   505.0,4573,29388,0,723,14.61,13.90,10.68,11.77,12,239.9,1400
   506.0,4584,29377,0,723,16.14,13.90,11.81,11.77,12,242.8,1400
   507.0,4596,29365,0,723,17.42,13.91,12.74,11.77,12,246.4,1400
   508.0,4606,29355,0,723,16.98,13.91,12.42,11.76,12,249.2,1400
   509.0,4616,29345,0,723,14.20,13.91,10.39,11.76,12,221.2,1400
   510.0,4626,29335,0,723,14.42,13.90,10.55,11.76,12,222.1,1400
   511.0,4635,29326,0,723,14.70,13.90,10.75,11.75,12,225.2,1400
   512.0,4644,29317,0,723,13.43,13.90,9.82,11.74,12,228.6,1400
   513.0,4651,29310,0,723,12.23,13.90,8.95,11.73,12,231.1,1400
   514.0,4663,29298,0,723,14.90,13.89,10.90,11.73,12,232.3,1400
   515.0,4669,29292,0,723,12.32,13.89,9.01,11.72,12,236.4,1400
   516.0,4679,29282,0,723,13.60,13.89,9.94,11.72,12,239.4,1400
   517.0,4686,29275,0,723,12.14,13.88,8.88,11.71,12,242.0,1400
   518.0,4693,29268,0,723,10.01,13.86,7.32,11.70,12,244.4,1400
   519.0,4702,29259,0,723,11.49,13.86,8.40,11.69,12,247.6,1400
   520.0,4711,29250,0,723,14.04,13.85,10.27,11.69,12,248.8,1400
   521.0,4714,29247,0,723,9.01,13.84,6.59,11.67,12,222.3,1400
   522.0,4719,29242,0,723,9.44,13.82,6.90,11.65,12,221.3,1400
   523.0,4729,29232,0,723,12.68,13.82,9.28,11.65,12,224.5,1400
   524.0,4738,29223,0,723,14.47,13.81,10.58,11.64,12,227.1,1400
   525.0,4744,29217,0,723,11.61,13.81,8.49,11.63,12,229.9,1400
   526.0,4752,29209,0,723,11.85,13.80,8.67,11.62,12,232.6,1400
   527.0,4759,29202,0,723,11.14,13.79,8.15,11.61,12,235.3,1400
   528.0,4762,29199,0,723,7.43,13.77,5.43,11.60,12,237.8,1400
   529.0,4775,29186,0,723,13.51,13.77,9.88,11.60,12,240.8,1400
   530.0,4787,29174,0,723,18.36,13.78,13.43,11.60,12,244.0,1400
   531.0,4792,29169,0,723,12.94,13.77,9.47,11.59,12,246.0,1400
   532.0,4799,29162,0,723,10.25,13.76,7.50,11.58,12,248.7,1400
   533.0,4806,29155,0,723,10.04,13.76,7.35,11.57,12,220.9,1400
   534.0,4812,29149,0,723,9.83,13.74,7.19,11.56,12,220.8,1400
   535.0,4817,29144,0,723,7.72,13.73,5.65,11.54,12,223.5,1400
   536.0,4831,29130,0,723,14.69,13.73,10.75,11.55,12,226.9,1400
   537.0,4838,29123,0,723,14.57,13.73,10.65,11.54,12,229.1,1400
   538.0,4846,29115,0,723,12.63,13.72,9.24,11.53,12,232.2,1400
   539.0,4854,29107,0,723,11.46,13.72,8.38,11.52,12,235.4,1400
   540.0,4858,29103,0,723,8.91,13.70,6.51,11.51,12,237.3,1400
   541.0,4870,29091,0,723,13.04,13.70,9.54,11.51,12,240.9,1400
   542.0,4878,29083,0,723,14.45,13.70,10.57,11.50,12,243.8,1400
   543.0,4887,29074,0,723,13.48,13.70,9.86,11.50,12,245.7,1400
   544.0,4895,29066,0,723,12.85,13.69,9.40,11.49,12,249.1,1400
   545.0,4899,29062,0,723,9.35,13.68,6.84,11.47,12,220.9,1400
   546.0,4907,29054,0,723,10.19,13.67,7.45,11.47,12,221.9,1400
   547.0,4913,29048,0,723,10.00,13.67,7.31,11.46,12,224.1,1400
   548.0,4925,29036,0,723,14.01,13.66,10.25,11.46,12,227.1,1400
   549.0,4936,29025,0,723,16.05,13.66,11.74,11.46,12,228.4,1400
   550.0,4947,29014,0,723,16.56,13.67,12.11,11.45,12,231.3,1400
   551.0,4959,29002,0,723,17.45,13.67,12.76,11.46,12,234.3,1400
   552.0,4968,28993,0,723,14.48,13.67,10.59,11.45,12,237.5,1400
   553.0,4975,28986,0,723,12.48,13.66,9.13,11.44,12,240.1,1400
   554.0,4984,28977,0,723,12.50,13.66,9.14,11.44,12,242.9,1400
   555.0,4990,28971,0,723,11.93,13.65,8.73,11.43,12,245.6,1400
   556.0,4992,28969,0,723,6.27,13.65,4.58,11.41,12,252.9,1400
   557.0,4992,28969,0,723,1.41,13.65,1.03,11.38,12,222.9,1400
   558.0,4992,28969,0,723,0.00,13.65,0.00,11.36,12,226.0,1400
   559.0,4992,28969,0,723,0.00,13.65,0.00,11.34,12,228.4,1400
   560.0,4995,28966,0,723,16.41,13.52,12.00,11.32,12,229.5,1400
   561.0,5003,28958,0,727,14.43,13.52,14.40,11.32,12,229.6,1400
   562.0,5006,28955,0,729,8.56,13.51,9.68,11.31,12,232.0,1400
   563.0,5013,28948,0,731,9.96,13.50,8.43,11.31,12,235.3,1400
   564.0,5015,28946,0,731,6.20,13.48,5.54,11.29,12,236.7,1400
   565.0,5021,28940,0,734,6.10,13.47,6.13,11.28,12,239.6,1400
   566.0,5026,28935,0,734,8.03,13.46,7.48,11.27,12,242.0,1400
   567.0,5033,28928,0,738,9.56,13.45,9.32,11.27,12,244.6,1400
   568.0,5040,28921,0,738,9.60,13.44,9.03,11.26,12,247.1,1400
   569.0,5041,28920,0,739,5.73,13.43,4.71,11.25,12,220.5,1400
   570.0,5046,28915,0,742,4.30,13.40,5.24,11.24,11,221.2,1400
   571.0,5052,28909,0,742,7.60,13.40,7.07,11.23,11,223.5,1400
   572.0,5055,28906,0,744,6.77,13.38,6.05,11.22,11,226.1,1400
   573.0,5064,28897,0,744,11.66,13.37,7.33,11.21,11,229.1,1400
   574.0,5071,28890,0,750,11.02,13.37,11.08,11.22,11,232.1,1400
   575.0,5077,28884,0,753,10.39,13.36,11.02,11.21,11,235.4,1400
   576.0,5085,28876,0,756,11.76,13.35,12.29,11.21,11,238.2,1400
   577.0,5087,28874,0,758,7.93,13.34,8.71,11.20,11,240.9,1400
   578.0,5095,28866,0,758,7.89,13.32,6.93,11.19,11,243.1,1400
   579.0,5099,28862,0,759,8.46,13.31,6.70,11.18,11,245.5,1400
   580.0,5109,28852,0,759,11.36,13.31,8.90,11.18,11,248.2,1400
   581.0,5115,28846,0,761,11.35,13.30,9.34,11.17,11,220.9,1400
   582.0,5119,28842,0,764,7.71,13.29,8.46,11.16,11,223.4,1400
   583.0,5124,28837,0,767,7.20,13.28,8.78,11.16,11,223.6,1400
   584.0,5126,28835,0,767,5.26,13.25,5.50,11.14,11,225.6,1400
   585.0,5132,28829,0,770,5.92,13.25,5.95,11.14,11,228.2,1400
   586.0,5140,28821,0,773,10.97,13.24,11.46,11.14,11,231.2,1400
   587.0,5146,28815,0,775,10.14,13.23,10.07,11.13,11,233.8,1400
   588.0,5154,28807,0,778,10.85,13.23,10.76,11.13,11,237.0,1400
   589.0,5156,28805,0,778,7.90,13.21,7.51,11.11,11,238.9,1400
   590.0,5163,28798,0,781,6.99,13.21,6.81,11.11,11,241.5,1400
   591.0,5169,28792,0,781,9.12,13.19,8.21,11.10,11,243.9,1400
   592.0,5179,28782,0,782,10.98,13.19,8.53,11.10,11,246.7,1400
   593.0,5184,28777,0,784,12.06,13.18,10.59,11.09,11,248.8,1400
   594.0,5191,28770,0,787,9.80,13.17,10.16,11.09,11,222.7,1400
   595.0,5198,28763,0,790,10.59,13.17,11.06,11.09,11,222.5,1400
   596.0,5205,28756,0,793,10.41,13.17,10.88,11.09,11,225.7,1400
   597.0,5210,28751,0,793,9.18,13.15,8.39,11.08,11,228.2,1400
   598.0,5218,28743,0,793,10.63,13.14,7.78,11.07,11,230.3,1400
   599.0,5225,28736,0,796,11.07,13.14,9.71,11.07,11,233.9,1400
   600.0,5233,28728,0,799,10.90,13.14,11.16,11.07,11,237.0,1400
   601.0,5237,28724,0,802,8.45,13.12,9.27,11.06,11,238.6,1400
   602.0,5242,28719,0,805,8.00,13.11,7.51,11.06,11,242.1,1400
   603.0,5246,28715,0,809,7.27,13.11,9.46,11.05,11,244.9,1400
   604.0,5252,28709,0,811,7.88,13.10,9.22,11.04,11,247.9,1400
   605.0,5261,28700,0,814,10.34,13.08,10.09,11.05,11,220.7,1400
   606.0,5266,28695,0,817,10.73,13.07,11.21,11.04,11,221.5,1400
   607.0,5273,28688,0,819,9.82,13.06,10.18,11.04,11,224.2,1400
   608.0,5279,28682,0,822,12.53,13.05,10.96,11.03,11,225.9,1400
   609.0,5284,28677,0,828,8.64,13.04,11.49,11.03,11,229.4,1400
   610.0,5290,28671,0,828,8.37,13.04,9.47,11.02,11,231.9,1400
   611.0,5296,28665,0,831,10.16,13.03,9.29,11.02,11,234.2,1400
   612.0,5303,28658,0,833,9.87,13.02,9.99,11.02,11,237.5,1400
   613.0,5309,28652,0,835,10.09,13.01,9.65,11.01,11,240.1,1400
   614.0,5316,28645,0,838,10.05,13.00,10.18,11.01,11,243.3,1400
   615.0,5320,28641,0,838,8.66,12.99,8.06,11.00,11,245.2,1400
   616.0,5327,28634,0,839,9.20,12.99,7.34,10.99,11,248.2,1400
   617.0,5334,28627,0,840,10.04,12.98,8.39,10.99,11,251.0,1400
   618.0,5337,28624,0,842,7.60,12.97,7.23,10.98,11,222.2,1400
   619.0,5345,28616,0,849,8.98,12.97,11.94,10.98,11,223.2,1400
   620.0,5352,28609,0,852,10.57,12.97,12.89,10.98,11,226.0,1400
   621.0,5363,28598,0,854,12.60,12.96,11.78,10.98,11,229.7,1400
   622.0,5367,28594,0,861,10.33,12.95,12.08,10.98,11,230.9,1400
   623.0,5376,28585,0,864,11.44,12.94,12.78,10.99,11,234.2,1400
   624.0,5381,28580,0,869,10.30,12.93,11.83,10.98,11,237.2,1400
   625.0,5389,28572,0,872,9.64,12.93,11.39,10.98,11,240.2,1400
   626.0,5393,28568,0,872,8.49,12.92,7.76,10.97,11,242.1,1400
   627.0,5399,28562,0,873,7.10,12.91,5.71,10.97,11,244.7,1400
   628.0,5403,28558,0,873,7.08,12.90,5.70,10.95,11,247.0,1400
   629.0,5413,28548,0,877,10.67,12.89,10.03,10.96,11,250.8,1400
   630.0,5421,28540,0,881,13.13,12.90,13.87,10.96,11,222.6,1400
   631.0,5426,28535,0,881,10.29,12.89,9.84,10.95,11,222.8,1400
   632.0,5434,28527,0,887,11.14,12.88,11.90,10.96,11,226.1,1400
   633.0,5441,28520,0,891,10.38,12.88,12.65,10.96,11,229.2,1400
   634.0,5449,28512,0,899,12.63,12.87,16.63,10.96,11,233.1,1400
   635.0,5455,28506,0,902,10.91,12.86,14.25,10.96,11,234.0,1400
   636.0,5462,28499,0,905,10.37,12.86,11.09,10.96,11,237.1,1400
   637.0,5468,28493,0,907,10.19,12.85,10.32,10.95,11,240.3,1400
   638.0,5474,28487,0,910,8.69,12.84,9.00,10.95,11,242.7,1400
   639.0,5476,28485,0,914,7.31,12.83,7.94,10.94,11,245.3,1400
   640.0,5483,28478,0,918,7.74,12.83,8.75,10.94,11,248.5,1400
   641.0,5488,28473,0,921,9.09,12.82,10.53,10.94,11,251.3,1400
   642.0,5496,28465,0,921,9.55,12.80,8.59,10.93,11,223.0,1400
   643.0,5502,28459,0,924,10.39,12.79,9.22,10.93,11,223.4,1400
   644.0,5505,28456,0,928,8.83,12.78,8.75,10.92,11,226.0,1400
   645.0,5512,28449,0,931,11.47,12.78,10.60,10.92,11,229.0,1400
   646.0,5518,28443,0,935,9.85,12.78,11.09,10.92,11,232.3,1400
   647.0,5524,28437,0,936,8.92,12.76,9.24,10.91,11,234.6,1400
   648.0,5531,28430,0,940,11.22,12.76,9.63,10.91,11,237.6,1400
   649.0,5538,28423,0,942,10.15,12.76,10.60,10.91,11,240.3,1400
   650.0,5546,28415,0,945,11.52,12.75,11.24,10.91,11,243.3,1400
   651.0,5553,28408,0,949,11.05,12.74,11.85,10.91,11,246.0,1400
   652.0,5560,28401,0,952,13.14,12.74,11.54,10.91,11,248.0,1400
   653.0,5564,28397,0,955,10.35,12.72,9.51,10.90,11,251.7,1400
   654.0,5572,28389,0,957,11.11,12.72,8.91,10.90,11,221.9,1400
   655.0,5575,28386,0,958,9.26,12.71,8.62,10.89,11,222.4,1400
   656.0,5578,28383,0,958,5.26,12.70,4.49,10.88,11,226.1,1400
   657.0,5584,28377,0,960,6.93,12.68,6.20,10.87,11,229.2,1400
   658.0,5590,28371,0,960,8.49,12.68,7.24,10.86,11,231.9,1400
   659.0,5594,28367,0,962,8.10,12.66,7.11,10.85,11,234.3,1400
   660.0,5602,28359,0,968,10.92,12.67,10.36,10.86,11,237.7,1400
   661.0,5605,28356,0,969,8.14,12.66,9.75,10.85,11,239.9,1400
   662.0,5616,28345,0,973,10.51,12.66,10.43,10.86,11,242.0,1400
   663.0,5622,28339,0,980,12.01,12.65,14.46,10.86,11,245.0,1400
   664.0,5626,28335,0,981,8.98,12.63,9.66,10.85,11,247.5,1400
   665.0,5629,28332,0,981,5.82,12.62,4.86,10.84,11,251.3,1400
   666.0,5637,28324,0,981,8.88,12.62,6.49,10.83,11,223.5,1400
   667.0,5643,28318,0,984,9.94,12.61,8.83,10.83,11,222.2,1400
   668.0,5647,28314,0,990,9.29,12.61,10.13,10.83,11,225.8,1400
   669.0,5655,28306,0,993,10.00,12.61,10.86,10.83,11,227.9,1400
   670.0,5659,28302,0,993,8.76,12.59,8.01,10.82,11,231.7,1400
   671.0,5666,28295,0,996,7.89,12.58,7.35,10.82,11,234.2,1400
   672.0,5674,28287,0,1000,10.37,12.58,11.12,10.82,11,236.1,1400
   673.0,5680,28281,0,1001,11.39,12.57,11.31,10.81,11,239.9,1400
   674.0,5687,28274,0,1004,10.42,12.56,9.97,10.81,11,241.3,1400
   675.0,5693,28268,0,1005,10.48,12.56,10.02,10.80,11,244.0,1400
   676.0,5697,28264,0,1012,8.17,12.56,10.75,10.80,11,247.7,1400
   677.0,5704,28257,0,1014,8.06,12.54,10.71,10.80,11,250.2,1400
   678.0,5713,28248,0,1014,11.25,12.54,9.26,10.80,11,221.9,1400
   679.0,5716,28245,0,1015,8.74,12.53,6.92,10.79,11,221.8,1400
   680.0,5722,28239,0,1018,9.35,12.53,7.88,10.78,11,225.1,1400
   681.0,5729,28232,0,1021,9.51,12.52,10.17,10.78,11,227.9,1400
   682.0,5733,28228,0,1024,8.14,12.51,9.20,10.78,11,230.6,1400
   683.0,5740,28221,0,1027,8.76,12.50,9.90,10.78,11,233.6,1400
   684.0,5746,28215,0,1030,10.02,12.49,10.72,10.77,11,236.4,1400
   685.0,5749,28212,0,1034,7.41,12.49,9.63,10.77,11,239.3,1400
   686.0,5758,28203,0,1034,10.11,12.48,8.42,10.76,11,241.5,1400
   687.0,5759,28202,0,1034,7.81,12.46,5.71,10.75,11,245.4,1400
   688.0,5768,28193,0,1034,11.58,12.46,8.47,10.75,11,248.0,1400
   689.0,5776,28185,0,1036,12.66,12.46,10.35,10.74,11,250.6,1400
   690.0,5780,28181,0,1041,9.62,12.46,11.14,10.74,11,221.0,1400
   691.0,5785,28176,0,1041,6.84,12.44,7.79,10.73,11,221.6,1400
   692.0,5792,28169,0,1043,9.25,12.44,7.90,10.73,11,224.3,1400
   693.0,5800,28161,0,1046,10.26,12.43,10.01,10.73,11,227.4,1400
   694.0,5804,28157,0,1046,8.32,12.43,7.60,10.72,11,230.9,1400
   695.0,5812,28149,0,1047,9.12,12.42,7.23,10.72,11,232.4,1400
   696.0,5819,28142,0,1049,10.33,12.42,9.06,10.71,11,235.3,1400
   697.0,5826,28135,0,1051,10.09,12.41,9.49,10.71,11,238.4,1400
   698.0,5833,28128,0,1053,9.94,12.41,9.35,10.71,11,241.2,1400
   699.0,5840,28121,0,1056,10.78,12.40,10.70,10.71,11,244.9,1400
   700.0,5848,28113,0,1062,11.57,12.40,13.54,10.71,11,248.0,1400
   701.0,5855,28106,0,1065,10.53,12.40,12.32,10.71,11,249.5,1400
   702.0,5861,28100,0,1068,10.45,12.39,11.17,10.71,11,221.1,1400
   703.0,5867,28094,0,1070,11.04,12.39,9.32,10.71,11,223.5,1400
   704.0,5870,28091,0,1071,6.72,12.37,6.56,10.70,11,225.2,1400
   705.0,5875,28086,0,1071,5.56,12.37,4.58,10.69,11,227.5,1400
   706.0,5883,28078,0,1075,9.83,12.36,9.40,10.69,11,230.8,1400
   707.0,5890,28071,0,1075,10.62,12.35,9.84,10.68,11,233.6,1400
   708.0,5896,28065,0,1078,10.38,12.35,9.35,10.68,11,236.2,1400
   709.0,5903,28058,0,1081,9.59,12.34,10.25,10.68,11,237.8,1400
   710.0,5911,28050,0,1083,11.29,12.34,11.01,10.68,11,240.5,1400
   711.0,5918,28043,0,1085,12.00,12.34,11.12,10.68,11,243.3,1400
   712.0,5925,28036,0,1086,11.51,12.33,10.22,10.67,11,246.2,1400
   713.0,5929,28032,0,1092,10.58,12.33,10.50,10.67,11,248.5,1400
   714.0,5935,28026,0,1094,8.51,12.32,9.24,10.67,11,220.7,1400
   715.0,5937,28024,0,1094,5.66,12.30,5.17,10.65,11,222.4,1400
   716.0,5944,28017,0,1096,7.19,12.30,6.43,10.65,11,224.8,1400
   717.0,5956,28005,0,1100,14.23,12.30,13.70,10.66,11,226.9,1400
   718.0,5958,28003,0,1105,10.09,12.29,12.12,10.65,11,229.5,1400
   719.0,5966,27995,0,1105,9.52,12.28,8.42,10.65,11,232.7,1400
   720.0,5969,27992,0,1108,9.27,12.27,8.63,10.64,11,235.1,1400
   721.0,5975,27986,0,1111,6.96,12.28,8.48,10.64,11,238.1,1400
   722.0,5982,27979,0,1111,9.68,12.26,8.71,10.63,11,241.0,1400
   723.0,5986,27975,0,1111,7.75,12.26,5.67,10.62,11,243.3,1400
   724.0,5994,27967,0,1117,10.17,12.25,11.16,10.63,11,247.0,1400
   725.0,6000,27961,0,1117,10.02,12.25,10.47,10.62,11,248.9,1400
   726.0,6004,27957,0,1119,8.21,12.24,7.21,10.62,11,220.5,1400
   727.0,6008,27953,0,1121,5.52,12.23,6.05,10.61,11,223.4,1400
   728.0,6015,27946,0,1124,11.26,12.22,9.56,10.61,11,223.6,1400
   729.0,6025,27936,0,1126,11.84,12.22,11.21,10.61,11,227.0,1400
   730.0,6028,27933,0,1129,9.71,12.21,9.84,10.60,11,229.9,1400
   731.0,6035,27926,0,1134,11.25,12.21,11.05,10.61,11,232.9,1400
   732.0,6039,27922,0,1134,7.71,12.20,8.20,10.60,11,236.0,1400
   733.0,6044,27917,0,1135,6.81,12.19,5.54,10.59,11,238.4,1400
   734.0,6048,27913,0,1135,6.27,12.18,5.10,10.58,11,240.4,1400
   735.0,6054,27907,0,1137,8.05,12.17,7.06,10.58,11,242.9,1400
   736.0,6059,27902,0,1137,8.23,12.17,7.11,10.57,11,245.4,1400
   737.0,6066,27895,0,1138,10.13,12.16,8.02,10.56,11,248.2,1400
   738.0,6073,27888,0,1141,10.32,12.16,9.70,10.56,11,251.4,1400
   739.0,6077,27884,0,1144,8.46,12.15,9.57,10.56,11,223.8,1400
   740.0,6084,27877,0,1146,11.70,12.15,9.60,10.55,11,224.0,1400
   741.0,6091,27870,0,1149,10.08,12.15,10.01,10.55,11,227.1,1400
   742.0,6099,27862,0,1153,10.87,12.14,11.66,10.56,11,229.9,1400
   743.0,6107,27854,0,1158,11.56,12.14,13.21,10.56,11,232.1,1400
   744.0,6111,27850,0,1159,8.67,12.14,9.51,10.55,11,235.5,1400
   745.0,6119,27842,0,1159,9.00,12.13,7.14,10.55,11,238.2,1400
   746.0,6126,27835,0,1162,11.03,12.12,9.68,10.55,11,241.2,1400
   747.0,6129,27832,0,1164,8.30,12.12,9.11,10.54,11,243.5,1400
   748.0,6137,27824,0,1164,8.87,12.11,7.67,10.54,11,246.7,1400
   749.0,6140,27821,0,1166,8.33,12.10,7.20,10.53,11,248.6,1400
   750.0,6146,27815,0,1168,9.78,12.09,7.48,10.52,11,251.3,1400
   751.0,6151,27810,0,1168,7.89,12.09,6.82,10.52,11,223.3,1400
   752.0,6156,27805,0,1168,9.07,12.08,6.63,10.51,11,223.2,1400
   753.0,6161,27800,0,1171,8.53,12.07,8.11,10.50,11,225.7,1400
   754.0,6167,27794,0,1171,8.93,12.07,8.31,10.50,11,228.0,1400
   755.0,6171,27790,0,1173,7.91,12.06,6.94,10.49,11,234.1,1400
   756.0,6171,27790,0,1173,3.51,12.06,3.03,10.48,11,235.5,1400
   757.0,6171,27790,0,1173,0.00,12.06,0.00,10.46,11,236.8,1400
   758.0,6171,27790,0,1173,0.00,12.06,0.00,10.45,11,240.3,1400
   759.0,6175,27786,0,1173,21.88,11.99,16.00,10.44,11,242.7,1400
   760.0,6180,27781,0,1173,11.55,11.99,8.45,10.43,11,244.6,1400
   761.0,6189,27772,0,1173,11.64,11.99,8.52,10.43,11,246.9,1400
   762.0,6195,27766,0,1173,10.96,11.98,8.02,10.42,11,249.7,1400
   763.0,6201,27760,0,1173,10.40,11.98,7.60,10.42,11,223.4,1400
   764.0,6207,27754,0,1173,9.28,11.97,6.79,10.41,11,223.8,1400
   765.0,6212,27749,0,1173,9.12,11.96,6.67,10.40,11,226.1,1400
   766.0,6218,27743,0,1173,8.34,11.96,6.10,10.40,11,228.1,1400
   767.0,6228,27733,0,1173,12.88,11.96,9.42,10.39,11,231.4,1400
   768.0,6232,27729,0,1173,10.40,11.96,7.60,10.39,11,233.2,1400
   769.0,6238,27723,0,1173,8.59,11.95,6.29,10.38,11,235.6,1400
   770.0,6245,27716,0,1173,9.19,11.94,6.72,10.38,11,238.7,1400
   771.0,6255,27706,0,1173,13.17,11.94,9.63,10.37,11,241.8,1400
   772.0,6265,27696,0,1173,15.73,11.95,11.51,10.37,11,244.7,1400
   773.0,6272,27689,0,1173,13.90,11.94,10.16,10.37,11,247.3,1400
   774.0,6283,27678,0,1173,13.97,11.95,10.22,10.37,11,249.1,1400
   775.0,6294,27667,0,1176,17.30,11.95,14.38,10.38,11,222.4,1400
   776.0,6304,27657,0,1176,15.85,11.96,13.25,10.37,11,222.9,1400
   777.0,6313,27648,0,1176,14.28,11.96,10.45,10.37,11,225.9,1400
   778.0,6321,27640,0,1176,11.86,11.96,8.68,10.37,11,228.7,1400
   779.0,6332,27629,0,1176,13.97,11.96,10.22,10.37,11,231.3,1400
   780.0,6342,27619,0,1176,15.10,11.96,11.05,10.37,11,234.4,1400
   781.0,6348,27613,0,1176,12.18,11.96,8.91,10.36,11,236.7,1400
   782.0,6356,27605,0,1176,10.95,11.96,8.01,10.36,11,240.2,1400
   783.0,6368,27593,0,1176,13.76,11.96,10.07,10.36,11,242.0,1400
   784.0,6379,27582,0,1176,16.70,11.97,12.21,10.36,11,244.7,1400
   785.0,6383,27578,0,1176,11.33,11.96,8.29,10.36,11,248.6,1400
   786.0,6391,27570,0,1176,8.80,11.96,6.43,10.35,11,250.0,1400
   787.0,6397,27564,0,1176,9.79,11.96,7.16,10.35,11,223.5,1400
   788.0,6405,27556,0,1176,10.85,11.95,7.94,10.34,11,223.5,1400
   789.0,6412,27549,0,1176,10.28,11.95,7.52,10.34,11,226.5,1400
   790.0,6420,27541,0,1176,10.85,11.94,7.94,10.33,11,228.9,1400
   791.0,6424,27537,0,1176,9.11,11.94,6.67,10.33,11,231.0,1400
   792.0,6430,27531,0,1176,8.19,11.94,5.99,10.32,11,233.2,1400
   793.0,6434,27527,0,1176,7.69,11.92,5.62,10.31,11,235.5,1400
   794.0,6440,27521,0,1176,8.85,11.92,6.48,10.31,11,237.8,1400
   795.0,6448,27513,0,1176,10.95,11.91,8.01,10.30,11,241.9,1400
   796.0,6453,27508,0,1176,9.08,11.91,6.64,10.30,11,244.7,1400
   797.0,6455,27506,0,1176,5.44,11.90,3.98,10.28,11,246.2,1400
   798.0,6461,27500,0,1176,5.79,11.89,4.24,10.28,11,248.6,1400
   799.0,6465,27496,0,1176,8.78,11.88,6.42,10.27,11,250.6,1400
   800.0,6474,27487,0,1176,11.01,11.89,8.05,10.27,11,224.0,1400
   801.0,6481,27480,0,1176,11.01,11.88,8.06,10.26,11,224.0,1400
   802.0,6487,27474,0,1176,9.04,11.88,6.61,10.26,11,226.2,1400
   803.0,6495,27466,0,1176,10.52,11.87,7.70,10.26,11,229.3,1400
   804.0,6499,27462,0,1176,8.28,11.87,6.05,10.25,10,232.6,1400
   805.0,6508,27453,0,1176,10.26,11.87,7.51,10.25,10,234.3,1400
   806.0,6513,27448,0,1176,10.25,11.86,7.49,10.24,10,237.4,1400
   807.0,6526,27435,0,1176,15.08,11.87,11.03,10.24,10,239.7,1400
   808.0,6532,27429,0,1176,13.23,11.86,9.67,10.24,10,242.1,1400
   809.0,6543,27418,0,1176,13.36,11.87,9.77,10.24,10,245.3,1400
   810.0,6553,27408,0,1176,15.04,11.87,11.00,10.24,10,248.3,1400
   811.0,6562,27399,0,1176,13.64,11.87,9.97,10.24,10,251.0,1400
   812.0,6565,27396,0,1176,9.08,11.87,6.64,10.23,10,224.8,1400
   813.0,6565,27396,0,1176,2.25,11.87,1.64,10.21,10,225.7,1400
   814.0,6573,27388,0,1180,14.86,11.84,16.30,10.21,10,228.4,1400
   815.0,6580,27381,0,1183,11.81,11.84,12.67,10.21,10,229.2,1400
   816.0,6583,27378,0,1185,10.03,11.83,8.55,10.21,10,232.2,1400
   817.0,6592,27369,0,1185,13.38,11.83,8.82,10.21,10,235.4,1400
   818.0,6596,27365,0,1187,9.52,11.82,8.03,10.20,10,237.3,1400
   819.0,6608,27353,0,1190,13.31,11.83,12.77,10.21,10,240.6,1400
   820.0,6610,27351,0,1192,9.96,11.82,9.89,10.20,10,242.8,1400
   821.0,6616,27345,0,1194,8.41,11.81,6.68,10.20,10,245.8,1400
   822.0,6623,27338,0,1197,9.37,11.81,9.48,10.20,10,248.9,1400
   823.0,6630,27331,0,1200,10.08,11.81,10.54,10.20,10,251.6,1400
   824.0,6637,27324,0,1203,11.04,11.80,11.54,10.20,10,224.5,1400
   825.0,6643,27318,0,1203,9.54,11.80,8.59,10.19,10,224.1,1400
   826.0,6649,27312,0,1207,9.27,11.80,9.04,10.19,10,226.9,1400
   827.0,6656,27305,0,1209,11.07,11.79,11.83,10.19,10,229.7,1400
   828.0,6659,27302,0,1211,7.43,11.79,7.61,10.18,10,232.3,1400
   829.0,6669,27292,0,1213,10.35,11.78,9.90,10.18,10,235.7,1400
   830.0,6672,27289,0,1214,9.13,11.77,8.22,10.18,10,238.0,1400
   831.0,6679,27282,0,1216,8.13,11.77,7.73,10.17,10,240.7,1400
   832.0,6684,27277,0,1216,8.65,11.77,7.38,10.17,10,243.2,1400
   833.0,6689,27272,0,1217,7.99,11.76,6.43,10.16,10,245.3,1400
   834.0,6695,27266,0,1217,7.80,11.76,6.22,10.16,10,247.9,1400
   835.0,6701,27260,0,1219,9.40,11.75,8.02,10.15,10,250.6,1400
   836.0,6704,27257,0,1222,7.55,11.74,7.18,10.15,10,222.4,1400
   837.0,6712,27249,0,1224,9.59,11.74,8.48,10.15,10,223.2,1400
   838.0,6718,27243,0,1227,9.59,11.73,9.52,10.15,10,226.2,1400
   839.0,6725,27236,0,1230,10.47,11.73,11.18,10.15,10,228.8,1400
   840.0,6732,27229,0,1234,11.74,11.73,12.88,10.15,10,231.9,1400
   841.0,6740,27221,0,1237,11.94,11.73,12.81,10.15,10,234.9,1400
   842.0,6746,27215,0,1241,13.11,11.72,11.61,10.15,10,238.1,1400
   843.0,6751,27210,0,1244,10.19,11.71,9.93,10.15,10,240.8,1400
   844.0,6755,27206,0,1244,8.77,11.71,6.76,10.14,10,243.3,1400
   845.0,6759,27202,0,1244,6.73,11.70,4.93,10.13,10,245.0,1400
   846.0,6764,27197,0,1248,6.92,11.70,7.31,10.13,10,248.1,1400
   847.0,6771,27190,0,1250,8.22,11.69,9.02,10.13,10,251.1,1400
   848.0,6777,27184,0,1253,10.19,11.69,10.32,10.13,10,223.7,1400
   849.0,6784,27177,0,1254,9.11,11.68,8.71,10.12,10,223.9,1400
   850.0,6787,27174,0,1261,7.27,11.68,9.57,10.12,10,227.4,1400
   851.0,6794,27167,0,1264,11.40,11.67,10.29,10.12,10,229.4,1400
   852.0,6800,27161,0,1264,9.86,11.67,8.87,10.12,10,231.8,1400
   853.0,6805,27156,0,1268,8.95,11.66,8.92,10.12,10,234.2,1400
   854.0,6812,27149,0,1275,10.97,11.66,12.49,10.12,10,237.4,1400
   855.0,6819,27142,0,1277,10.14,11.66,12.19,10.12,10,240.5,1400
   856.0,6825,27136,0,1279,10.13,11.65,9.69,10.12,10,243.2,1400
   857.0,6831,27130,0,1282,9.11,11.65,9.44,10.12,10,245.8,1400
   858.0,6841,27120,0,1283,12.37,11.65,11.31,10.12,10,249.2,1400
   859.0,6849,27112,0,1294,14.37,11.65,17.52,10.13,10,251.0,1400
   860.0,6851,27110,0,1297,8.06,11.64,12.84,10.12,10,224.7,1400
   861.0,6854,27107,0,1300,4.77,11.64,6.23,10.12,10,224.3,1400
   862.0,6861,27100,0,1302,6.97,11.63,7.65,10.12,10,227.0,1400
   863.0,6866,27095,0,1305,8.54,11.63,8.84,10.11,10,230.3,1400
   864.0,6872,27089,0,1307,8.12,11.62,8.64,10.11,10,231.4,1400
   865.0,6879,27082,0,1310,9.52,11.61,9.65,10.11,10,234.7,1400
   866.0,6887,27074,0,1315,12.18,11.62,13.66,10.11,10,237.7,1400
   867.0,6893,27068,0,1316,10.38,11.61,10.85,10.11,10,240.6,1400
   868.0,6896,27065,0,1317,6.90,11.60,6.17,10.10,10,242.5,1400
   869.0,6903,27058,0,1317,8.61,11.60,6.93,10.10,10,245.2,1400
   870.0,6908,27053,0,1319,8.99,11.59,7.68,10.09,10,248.0,1400
   871.0,6914,27047,0,1320,8.57,11.59,7.98,10.09,10,252.1,1400
   872.0,6924,27037,0,1320,10.95,11.59,8.51,10.09,10,223.8,1400
   873.0,6927,27034,0,1323,9.74,11.58,8.77,10.09,10,226.9,1400
   874.0,6933,27028,0,1325,9.74,11.58,8.84,10.08,10,226.0,1400
   875.0,6941,27020,0,1328,9.66,11.57,9.59,10.08,10,228.6,1400
   876.0,6949,27012,0,1336,11.33,11.58,13.98,10.09,10,232.4,1400
   877.0,6953,27008,0,1339,9.39,11.57,13.16,10.09,10,235.2,1400
   878.0,6960,27001,0,1342,8.22,11.57,9.29,10.09,10,238.2,1400
   879.0,6965,26996,0,1345,9.16,11.56,10.05,10.09,10,241.4,1400
   880.0,6973,26988,0,1347,9.25,11.56,9.37,10.09,10,244.2,1400
   881.0,6981,26980,0,1349,11.29,11.56,10.31,10.08,10,246.9,1400
   882.0,6987,26974,0,1351,11.09,11.55,10.43,10.08,10,248.9,1400
   883.0,6992,26969,0,1354,10.57,11.55,9.36,10.08,10,251.3,1400
   884.0,6995,26966,0,1359,7.62,11.54,8.67,10.08,10,222.5,1400
   885.0,7000,26961,0,1359,7.45,11.53,7.47,10.07,10,224.9,1400
   886.0,7007,26954,0,1361,10.16,11.53,8.67,10.07,10,226.0,1400
   887.0,7015,26946,0,1368,10.56,11.53,12.36,10.08,10,230.6,1400
   888.0,7021,26940,0,1368,10.11,11.53,11.09,10.07,10,232.1,1400
   889.0,7027,26934,0,1371,9.61,11.52,8.79,10.07,10,234.6,1400
   890.0,7035,26926,0,1375,9.91,11.52,10.87,10.07,10,237.9,1400
   891.0,7041,26920,0,1376,10.60,11.52,10.53,10.07,10,240.5,1400
   892.0,7045,26916,0,1384,10.20,11.52,11.36,10.07,10,243.6,1400
   893.0,7052,26909,0,1384,8.00,11.51,10.11,10.07,10,246.6,1400
   894.0,7058,26903,0,1387,9.79,11.50,8.81,10.07,10,247.8,1400
   895.0,7061,26900,0,1395,8.71,11.50,11.01,10.07,10,250.7,1400
   896.0,7068,26893,0,1397,10.58,11.49,10.09,10.07,10,224.1,1400
   897.0,7075,26886,0,1399,10.03,11.49,9.43,10.06,10,224.4,1400
   898.0,7081,26880,0,1401,9.52,11.49,9.11,10.06,10,227.1,1400
   899.0,7086,26875,0,1403,8.17,11.48,8.15,10.06,10,229.8,1400
   900.0,7094,26867,0,1407,10.01,11.48,10.70,10.06,10,233.1,1400
   901.0,7100,26861,0,1410,10.80,11.48,11.85,10.06,10,235.9,1400
   902.0,7107,26854,0,1416,9.93,11.48,12.30,10.06,10,237.9,1400
   903.0,7114,26847,0,1420,9.73,11.47,12.19,10.06,10,241.5,1400
   904.0,7122,26839,0,1422,11.41,11.47,11.68,10.06,10,243.9,1400
   905.0,7129,26832,0,1425,11.19,11.47,10.91,10.06,10,247.1,1400
   906.0,7137,26824,0,1432,13.88,11.47,14.04,10.07,10,250.3,1400
   907.0,7140,26821,0,1438,9.94,11.46,13.82,10.07,10,253.1,1400
   908.0,7145,26816,0,1438,7.28,11.46,7.44,10.06,10,224.5,1400
   909.0,7151,26810,0,1439,8.21,11.45,6.55,10.06,10,224.7,1400
   910.0,7158,26803,0,1443,11.63,11.45,9.23,10.06,10,227.9,1400
   911.0,7164,26797,0,1445,10.09,11.44,10.79,10.06,10,230.5,1400
   912.0,7171,26790,0,1448,9.55,11.44,9.67,10.06,10,233.0,1400
   913.0,7174,26787,0,1450,7.95,11.44,8.73,10.05,10,235.4,1400
   914.0,7179,26782,0,1453,6.33,11.43,7.53,10.05,10,238.6,1400
   915.0,7188,26773,0,1456,9.70,11.43,10.14,10.05,10,240.3,1400
   916.0,7190,26771,0,1457,7.73,11.43,7.71,10.04,10,243.8,1400
   917.0,7196,26765,0,1460,6.84,11.42,7.50,10.04,10,246.7,1400
   918.0,7207,26754,0,1463,12.42,11.42,12.29,10.05,10,248.5,1400
   919.0,7211,26750,0,1468,10.49,11.41,11.76,10.05,10,251.4,1400
   920.0,7217,26744,0,1471,9.20,11.42,9.45,10.04,10,224.5,1400
   921.0,7224,26737,0,1476,9.17,11.41,10.83,10.05,10,224.8,1400
   922.0,7231,26730,0,1477,11.53,11.41,10.03,10.04,10,227.5,1400
   923.0,7238,26723,0,1479,10.15,11.40,9.02,10.04,10,230.6,1400
   924.0,7245,26716,0,1482,9.79,11.40,9.71,10.04,10,233.7,1400
   925.0,7252,26709,0,1489,9.86,11.40,12.36,10.05,10,235.3,1400
   926.0,7255,26706,0,1491,7.02,11.40,9.75,10.04,10,239.4,1400
   927.0,7265,26696,0,1494,9.98,11.39,10.11,10.04,10,240.9,1400
   928.0,7273,26688,0,1496,12.31,11.39,11.51,10.04,10,243.6,1400
   929.0,7281,26680,0,1500,11.90,11.39,11.96,10.05,10,246.8,1400
   930.0,7287,26674,0,1502,12.20,11.39,10.31,10.04,10,249.6,1400
   931.0,7293,26668,0,1508,10.70,11.38,10.66,10.05,10,252.5,1400
   932.0,7296,26665,0,1511,6.28,11.38,9.18,10.04,10,224.5,1400
   933.0,7304,26657,0,1511,9.12,11.37,8.49,10.04,10,224.8,1400
   934.0,7312,26649,0,1517,11.88,11.37,11.94,10.04,10,228.0,1400
   935.0,7314,26647,0,1520,9.07,11.37,10.75,10.04,10,230.7,1400
   936.0,7319,26642,0,1522,7.07,11.36,7.13,10.04,10,233.5,1400
   937.0,7325,26636,0,1524,7.84,11.36,7.82,10.03,10,236.2,1400
   938.0,7330,26631,0,1524,8.77,11.35,7.58,10.03,10,238.8,1400
   939.0,7337,26624,0,1526,10.50,11.35,8.96,10.03,10,241.4,1400
   940.0,7344,26617,0,1528,10.83,11.35,10.18,10.03,10,243.9,1400
   941.0,7352,26609,0,1532,12.12,11.35,12.41,10.03,10,247.3,1400
   942.0,7357,26604,0,1536,9.77,11.34,11.54,10.03,10,250.2,1400
   943.0,7362,26599,0,1539,8.86,11.34,8.56,10.02,10,253.2,1400
   944.0,7367,26594,0,1545,9.53,11.34,10.39,10.02,10,225.0,1400
   945.0,7373,26588,0,1546,8.02,11.33,9.59,10.02,10,225.8,1400
   946.0,7379,26582,0,1548,8.31,11.33,7.59,10.02,10,226.5,1400
   947.0,7385,26576,0,1551,8.38,11.32,8.69,10.02,10,229.3,1400
   948.0,7391,26570,0,1554,9.28,11.32,10.18,10.02,10,232.4,1400
   949.0,7397,26564,0,1556,9.04,11.32,9.37,10.01,10,235.4,1400
   950.0,7404,26557,0,1557,9.71,11.31,8.74,10.01,10,238.7,1400
   951.0,7411,26550,0,1560,10.33,11.31,9.71,10.01,10,241.8,1400
   952.0,7419,26542,0,1566,10.90,11.31,12.75,10.02,10,245.2,1400
   953.0,7425,26536,0,1567,11.05,11.30,10.80,10.01,10,248.1,1400
   954.0,7432,26529,0,1570,10.69,11.31,10.22,10.01,10,249.2,1400
   955.0,7437,26524,0,1577,9.49,11.31,12.72,10.02,10,251.7,1400
   956.0,7444,26517,0,1577,8.98,11.30,10.39,10.01,10,225.8,1400
   957.0,7451,26510,0,1584,10.05,11.29,11.02,10.02,10,224.8,1400
   958.0,7459,26502,0,1591,12.79,11.29,16.08,10.02,10,228.0,1400
   959.0,7462,26499,0,1594,10.59,11.29,13.00,10.02,10,230.4,1400
   960.0,7467,26494,0,1596,9.10,11.28,8.59,10.01,10,232.8,1400
   961.0,7475,26486,0,1599,10.17,11.29,10.30,10.02,10,236.0,1400
   962.0,7483,26478,0,1601,13.31,11.28,12.78,10.02,10,239.0,1400
   963.0,7491,26470,0,1607,12.38,11.28,13.58,10.02,10,242.6,1400
   964.0,7495,26466,0,1612,8.72,11.28,12.23,10.02,10,245.4,1400
   965.0,7503,26458,0,1612,8.79,11.27,9.10,10.02,10,248.0,1400
   966.0,7511,26450,0,1617,11.60,11.28,11.13,10.02,10,251.4,1400
   967.0,7519,26442,0,1619,12.44,11.27,13.08,10.02,10,252.8,1400
   968.0,7522,26439,0,1625,9.48,11.27,11.98,10.02,10,224.7,1400
   969.0,7529,26432,0,1628,8.79,11.27,9.92,10.02,10,225.1,1400
   970.0,7539,26422,0,1630,12.71,11.26,12.04,10.02,10,228.2,1400
   971.0,7542,26419,0,1632,9.33,11.26,8.93,10.02,10,230.7,1400
   972.0,7550,26411,0,1634,9.86,11.26,9.84,10.02,10,233.8,1400
   973.0,7555,26406,0,1634,10.05,11.26,8.48,10.01,10,236.1,1400
   974.0,7561,26400,0,1637,9.21,11.25,8.57,10.01,10,239.3,1400
   975.0,7566,26395,0,1640,9.57,11.25,8.95,10.01,10,241.8,1400
   976.0,7572,26389,0,1642,9.57,11.24,8.47,10.00,10,244.6,1400
   977.0,7579,26382,0,1649,12.33,11.24,11.78,10.01,10,248.0,1400
   978.0,7587,26374,0,1651,11.52,11.24,13.48,10.01,10,251.5,1400
   979.0,7591,26370,0,1657,11.91,11.24,12.28,10.01,10,254.0,1400
   980.0,7598,26363,0,1659,10.62,11.23,10.77,10.01,10,226.4,1400
   981.0,7606,26355,0,1661,10.79,11.23,9.99,10.01,10,225.2,1400
   982.0,7612,26349,0,1665,9.67,11.23,10.10,10.01,10,227.8,1400
   983.0,7619,26342,0,1670,11.36,11.23,11.02,10.01,10,231.1,1400
   984.0,7625,26336,0,1670,8.91,11.23,9.02,10.01,10,233.5,1400
   985.0,7632,26329,0,1676,10.76,11.22,11.50,10.01,10,236.7,1400
   986.0,7638,26323,0,1680,10.71,11.22,11.60,10.01,10,240.1,1400
   987.0,7647,26314,0,1681,11.14,11.22,10.86,10.01,10,242.7,1400
   988.0,7654,26307,0,1683,12.61,11.22,10.94,10.01,10,245.8,1400
   989.0,7660,26301,0,1686,10.29,11.21,10.42,10.01,10,248.5,1400
   990.0,7665,26296,0,1692,8.29,11.22,11.02,10.01,10,251.5,1400
   991.0,7671,26290,0,1696,8.14,11.21,11.37,10.01,10,254.5,1400
   992.0,7679,26282,0,1697,10.15,11.21,10.08,10.01,10,226.5,1400
   993.0,7686,26275,0,1703,10.74,11.21,11.52,10.01,10,226.9,1400
   994.0,7694,26267,0,1710,10.50,11.21,14.34,10.02,10,230.4,1400
   995.0,7700,26261,0,1714,10.40,11.20,13.58,10.02,10,232.1,1400
   996.0,7706,26255,0,1717,9.60,11.20,11.12,10.01,10,235.3,1400
   997.0,7712,26249,0,1720,9.92,11.20,10.88,10.01,10,238.0,1400
   998.0,7719,26242,0,1726,9.69,11.19,12.00,10.02,10,241.7,1400
   999.0,7723,26238,0,1731,8.97,11.19,11.42,10.02,10,244.6,1400
  1000.0,7728,26233,0,1733,7.51,11.19,8.33,10.01,10,246.2,1400
  1001.0,7734,26227,0,1734,7.82,11.18,7.28,10.01,10,248.1,1400
  1002.0,7737,26224,0,1734,6.65,11.17,5.41,10.00,10,252.2,1400
  1003.0,7742,26219,0,1736,7.10,11.17,6.49,10.00,10,254.6,1400
  1004.0,7753,26208,0,1740,11.33,11.17,11.40,10.00,10,225.8,1400
  1005.0,7757,26204,0,1749,11.79,11.16,16.09,10.01,10,227.1,1400
  1006.0,7761,26200,0,1749,8.29,11.16,8.94,10.00,10,229.4,1400
  1007.0,7771,26190,0,1753,10.87,11.16,10.22,10.00,10,232.3,1400
  1008.0,7779,26182,0,1760,13.28,11.16,15.65,10.01,10,235.7,1400
  1009.0,7787,26174,0,1766,12.54,11.16,16.63,10.01,10,239.3,1400
  1010.0,7795,26166,0,1768,12.78,11.16,14.02,10.01,10,241.8,1400
  1011.0,7801,26160,0,1772,11.16,11.16,11.66,10.01,10,245.5,1400
  1012.0,7802,26159,0,1772,5.10,11.15,5.87,10.00,10,252.1,1400
  1013.0,7802,26159,0,1772,0.79,11.15,0.58,9.99,10,256.1,1400
  1014.0,7803,26158,0,1772,1.66,11.13,1.21,9.98,10,252.8,1400
  1015.0,7807,26154,0,1772,3.74,11.12,2.74,9.98,10,253.7,1400
  1016.0,7816,26145,0,1776,9.80,11.12,9.37,9.98,10,226.0,1400
  1017.0,7821,26140,0,1782,9.78,11.12,12.26,9.98,10,226.5,1400
  1018.0,7830,26131,0,1782,10.26,11.12,10.72,9.98,10,229.2,1400
  1019.0,7834,26127,0,1789,10.43,11.12,11.74,9.98,10,232.0,1400
  1020.0,7838,26123,0,1789,7.37,11.11,8.55,9.98,10,234.2,1400
  1021.0,7845,26116,0,1792,8.13,11.11,7.57,9.98,10,237.2,1400
  1022.0,7851,26110,0,1794,9.38,11.10,9.50,9.97,10,239.9,1400
  1023.0,7858,26103,0,1798,8.95,11.10,9.57,9.98,10,242.9,1400
  1024.0,7861,26100,0,1801,7.11,11.10,8.84,9.97,10,245.5,1400
  1025.0,7871,26090,0,1804,10.07,11.10,10.76,9.97,10,248.9,1400
  1026.0,7872,26089,0,1804,7.86,11.09,7.32,9.97,10,252.0,1400
  1027.0,7879,26082,0,1806,6.59,11.08,6.03,9.96,10,254.4,1400
  1028.0,7883,26078,0,1808,9.11,11.08,9.09,9.96,10,226.7,1400
  1029.0,7893,26068,0,1808,11.10,11.08,9.28,9.96,10,227.1,1400
  1030.0,7895,26066,0,1811,8.84,11.07,8.08,9.96,10,229.5,1400
  1031.0,7904,26057,0,1811,11.80,11.07,8.54,9.95,10,232.4,1400
  1032.0,7907,26054,0,1813,8.95,11.07,7.64,9.95,10,234.9,1400
  1033.0,7914,26047,0,1816,11.44,11.07,9.27,9.95,10,237.9,1400
  1034.0,7922,26039,0,1817,11.07,11.07,10.25,9.95,10,239.3,1400
  1035.0,7925,26036,0,1817,7.61,11.06,6.07,9.94,10,242.8,1400
  1036.0,7931,26030,0,1819,7.22,11.06,6.45,9.94,10,246.0,1400
  1037.0,7936,26025,0,1822,7.87,11.05,8.37,9.94,10,248.6,1400
  1038.0,7940,26021,0,1824,6.35,11.05,7.23,9.93,10,251.2,1400
  1039.0,7950,26011,0,1827,11.35,11.05,11.26,9.94,10,252.8,1400
  1040.0,7957,26004,0,1831,11.87,11.05,12.26,9.94,10,226.1,1400
  1041.0,7961,26000,0,1834,8.49,11.05,10.16,9.93,10,225.9,1400
  1042.0,7969,25992,0,1834,9.83,11.04,8.99,9.93,10,228.6,1400
  1043.0,7972,25989,0,1837,8.14,11.04,7.58,9.93,10,230.8,1400
  1044.0,7978,25983,0,1837,8.59,11.03,6.69,9.92,10,234.7,1400
  1045.0,7982,25979,0,1842,6.86,11.03,7.53,9.92,10,237.8,1400
  1046.0,7989,25972,0,1842,10.11,11.02,9.16,9.92,10,240.4,1400
  1047.0,7998,25963,0,1842,14.31,11.02,10.46,9.92,10,242.8,1400
  1048.0,8002,25959,0,1847,10.17,11.02,10.30,9.92,10,245.9,1400
  1049.0,8006,25955,0,1847,7.51,11.01,7.70,9.91,10,248.2,1400
  1050.0,8010,25951,0,1847,7.24,11.01,5.29,9.91,10,254.0,1400
  1051.0,8010,25951,0,1847,3.15,11.01,2.30,9.90,10,254.2,1400
  1052.0,8010,25951,0,1847,0.00,11.01,0.00,9.89,10,225.7,1400
  1053.0,8010,25951,0,1847,0.00,11.01,0.00,9.88,10,229.7,1400
  1054.0,8019,25942,0,1847,15.42,10.98,11.28,9.88,10,230.2,1400
  1055.0,8028,25933,0,1847,13.69,10.98,10.01,9.88,10,232.7,1400
  1056.0,8033,25928,0,1847,10.17,10.97,7.44,9.87,10,235.2,1400
  1057.0,8040,25921,0,1847,10.64,10.98,7.78,9.87,10,237.8,1400
  1058.0,8045,25916,0,1847,8.50,10.97,6.21,9.86,10,239.5,1400
  1059.0,8055,25906,0,1847,12.96,10.97,9.48,9.86,10,242.4,1400
  1060.0,8059,25902,0,1847,9.82,10.97,7.18,9.86,10,244.8,1400
  1061.0,8067,25894,0,1847,9.12,10.96,6.67,9.86,10,247.7,1400
  1062.0,8071,25890,0,1847,8.85,10.96,6.47,9.85,10,249.6,1400
  1063.0,8077,25884,0,1847,8.44,10.96,6.17,9.85,10,252.0,1400
  1064.0,8082,25879,0,1847,8.59,10.95,6.29,9.84,10,224.2,1400
  1065.0,8089,25872,0,1847,9.74,10.95,7.13,9.84,10,226.8,1400
  1066.0,8091,25870,0,1847,6.26,10.95,4.58,9.83,10,228.2,1400
  1067.0,8100,25861,0,1847,8.43,10.94,6.17,9.83,10,230.6,1400
  1068.0,8104,25857,0,1847,9.51,10.94,6.96,9.82,10,232.8,1400
  1069.0,8113,25848,0,1847,11.21,10.94,8.20,9.82,10,235.9,1400
  1070.0,8119,25842,0,1847,10.78,10.94,7.89,9.82,10,238.2,1400
  1071.0,8126,25835,0,1847,10.66,10.94,7.80,9.82,10,240.9,1400
  1072.0,8134,25827,0,1847,10.61,10.94,7.76,9.81,10,243.4,1400
  1073.0,8138,25823,0,1847,8.79,10.93,6.43,9.81,10,245.3,1400
  1074.0,8145,25816,0,1847,10.40,10.93,7.61,9.81,10,247.9,1400
  1075.0,8153,25808,0,1847,11.67,10.93,8.54,9.80,10,250.8,1400
  1076.0,8162,25799,0,1847,14.24,10.93,10.42,9.80,10,253.4,1400
  1077.0,8172,25789,0,1847,13.79,10.93,10.08,9.80,10,226.5,1400
  1078.0,8178,25783,0,1847,12.01,10.93,8.79,9.80,10,226.4,1400
  1079.0,8184,25777,0,1847,10.19,10.93,7.45,9.80,10,228.9,1400
  1080.0,8192,25769,0,1847,10.68,10.93,7.81,9.79,10,231.5,1400
  1081.0,8201,25760,0,1847,11.73,10.93,8.58,9.79,10,234.4,1400
  1082.0,8212,25749,0,1847,15.21,10.93,11.11,9.79,10,238.2,1400
  1083.0,8217,25744,0,1847,11.86,10.93,8.67,9.79,10,240.2,1400
  1084.0,8224,25737,0,1847,9.16,10.93,6.70,9.79,10,243.1,1400
  1085.0,8235,25726,0,1847,12.53,10.93,9.16,9.79,10,246.0,1400
  1086.0,8243,25718,0,1847,14.47,10.93,10.58,9.79,10,248.7,1400
  1087.0,8248,25713,0,1847,9.18,10.93,6.71,9.78,10,251.1,1400
  1088.0,8252,25709,0,1847,6.66,10.93,4.87,9.78,10,252.8,1400
  1089.0,8260,25701,0,1847,8.38,10.92,6.13,9.77,10,225.8,1400
  1090.0,8264,25697,0,1847,8.34,10.92,6.10,9.77,10,227.1,1400
  1091.0,8270,25691,0,1847,7.46,10.92,5.46,9.77,10,229.2,1400
  1092.0,8279,25682,0,1847,11.00,10.92,8.05,9.76,10,232.2,1400
  1093.0,8283,25678,0,1847,9.18,10.91,6.71,9.76,10,234.5,1400
  1094.0,8295,25666,0,1847,13.15,10.92,9.62,9.76,10,237.3,1400
  1095.0,8307,25654,0,1847,17.68,10.93,12.93,9.76,10,240.7,1400
  1096.0,8314,25647,0,1847,13.68,10.92,10.01,9.76,10,243.1,1400
  1097.0,8318,25643,0,1847,7.76,10.92,5.68,9.76,10,245.5,1400
  1098.0,8327,25634,0,1847,11.48,10.92,8.40,9.75,10,248.1,1400
  1099.0,8332,25629,0,1847,10.73,10.92,7.85,9.75,10,250.6,1400
  1100.0,8335,25626,0,1847,6.25,10.91,4.57,9.74,10,252.2,1400
  1101.0,8348,25613,0,1847,15.22,10.91,11.13,9.75,10,225.2,1400
  1102.0,8355,25606,0,1847,14.09,10.91,10.31,9.74,10,227.7,1400
  1103.0,8360,25601,0,1847,9.22,10.91,6.74,9.74,10,229.2,1400
  1104.0,8369,25592,0,1847,9.77,10.91,7.15,9.74,10,230.4,1400
  1105.0,8373,25588,0,1847,10.05,10.90,7.35,9.73,10,234.8,1400
  1106.0,8373,25588,0,1847,3.32,10.90,2.43,9.72,10,239.5,1400
  1107.0,8373,25588,0,1847,0.00,10.90,0.00,9.71,10,239.0,1400
  1108.0,8373,25588,0,1847,0.00,10.90,0.00,9.71,10,242.6,1400
  1109.0,8375,25586,0,1847,8.71,10.87,6.37,9.70,10,245.1,1400
  1110.0,8377,25584,0,1848,4.17,10.87,3.81,9.69,10,247.7,1400
  1111.0,8383,25578,0,1848,5.75,10.86,4.73,9.69,10,250.4,1400
  1112.0,8391,25570,0,1849,9.63,10.85,7.55,9.69,10,253.5,1400
  1113.0,8398,25563,0,1852,11.69,10.85,10.83,9.69,10,255.8,1400
  1114.0,8404,25557,0,1854,10.31,10.85,10.44,9.69,10,227.4,1400
  1115.0,8408,25553,0,1855,8.12,10.85,7.72,9.68,10,227.7,1400
  1116.0,8416,25545,0,1855,10.36,10.85,8.21,9.68,10,230.6,1400
  1117.0,8420,25541,0,1855,8.68,10.84,6.35,9.68,10,234.2,1400
  1118.0,8426,25535,0,1859,8.80,10.84,9.01,9.68,10,235.7,1400
  1119.0,8435,25526,0,1859,11.49,10.84,10.64,9.67,10,238.3,1400
  1120.0,8437,25524,0,1863,8.01,10.84,7.98,9.67,10,241.0,1400
  1121.0,8444,25517,0,1864,8.79,10.83,7.49,9.67,10,244.0,1400
  1122.0,8450,25511,0,1864,9.34,10.83,7.36,9.67,10,246.3,1400
  1123.0,8454,25507,0,1866,7.80,10.83,6.85,9.66,10,250.3,1400
  1124.0,8463,25498,0,1866,9.30,10.82,7.85,9.66,10,253.5,1400
  1125.0,8467,25494,0,1866,9.08,10.82,6.64,9.66,10,255.4,1400
  1126.0,8473,25488,0,1867,8.44,10.82,6.79,9.65,10,227.7,1400
  1127.0,8478,25483,0,1869,7.98,10.82,7.43,9.65,10,227.3,1400
  1128.0,8485,25476,0,1869,8.50,10.82,7.25,9.65,10,230.0,1400
  1129.0,8491,25470,0,1872,10.02,10.81,9.01,9.65,10,232.7,1400
  1130.0,8496,25465,0,1872,7.83,10.81,7.29,9.64,10,235.1,1400
  1131.0,8498,25463,0,1872,5.90,10.80,4.31,9.64,10,238.4,1400
  1132.0,8503,25458,0,1872,5.79,10.80,4.23,9.63,10,240.7,1400
  1133.0,8508,25453,0,1874,8.13,10.79,7.13,9.63,10,243.3,1400
  1134.0,8511,25450,0,1876,5.94,10.79,6.51,9.63,10,245.5,1400
  1135.0,8517,25444,0,1876,6.89,10.79,6.16,9.62,10,248.1,1400
  1136.0,8526,25435,0,1879,11.60,10.78,10.18,9.63,10,251.3,1400
  1137.0,8530,25431,0,1881,9.14,10.78,9.26,9.62,10,254.1,1400
  1138.0,8536,25425,0,1885,8.41,10.78,9.84,9.62,10,226.8,1400
  1139.0,8543,25418,0,1885,9.65,10.78,9.23,9.62,10,228.8,1400
  1140.0,8546,25415,0,1887,7.01,10.77,6.16,9.62,10,228.8,1400
  1141.0,8551,25410,0,1887,7.40,10.77,6.76,9.61,10,231.6,1400
  1142.0,8558,25403,0,1887,11.15,10.77,8.16,9.61,10,233.8,1400
  1143.0,8564,25397,0,1890,10.95,10.76,9.86,9.61,10,238.1,1400
  1144.0,8570,25391,0,1893,8.67,10.76,9.51,9.61,10,239.4,1400
  1145.0,8577,25384,0,1893,10.41,10.76,9.37,9.61,10,242.0,1400
  1146.0,8583,25378,0,1894,10.20,10.76,8.04,9.60,10,246.3,1400
  1147.0,8589,25372,0,1896,11.03,10.75,8.16,9.60,10,247.7,1400
  1148.0,8592,25369,0,1896,7.29,10.75,6.52,9.60,10,250.9,1400
  1149.0,8596,25365,0,1896,5.79,10.75,4.23,9.59,10,253.1,1400
  1150.0,8605,25356,0,1896,10.02,10.75,7.33,9.59,10,226.1,1400
  1151.0,8610,25351,0,1899,10.03,10.74,8.91,9.59,10,226.8,1400
  1152.0,8613,25348,0,1902,7.49,10.74,7.58,9.59,10,229.2,1400
  1153.0,8618,25343,0,1902,6.27,10.73,6.30,9.58,10,231.8,1400
  1154.0,8623,25338,0,1902,7.56,10.73,5.53,9.58,10,233.6,1400
  1155.0,8627,25334,0,1902,6.19,10.72,4.53,9.57,10,235.9,1400
  1156.0,8629,25332,0,1903,5.02,10.72,4.29,9.57,10,238.0,1400
  1157.0,8636,25325,0,1903,6.86,10.72,5.58,9.56,10,242.0,1400
  1158.0,8640,25321,0,1903,8.16,10.71,5.97,9.56,10,244.0,1400
  1159.0,8647,25314,0,1903,7.95,10.71,5.82,9.56,10,246.6,1400
  1160.0,8651,25310,0,1905,7.67,10.71,6.63,9.55,10,249.3,1400
  1161.0,8655,25306,0,1908,6.55,10.70,7.78,9.55,10,251.8,1400
  1162.0,8661,25300,0,1908,7.28,10.70,6.92,9.55,10,254.1,1400
  1163.0,8666,25295,0,1908,8.39,10.70,6.13,9.54,10,226.7,1400
  1164.0,8671,25290,0,1910,9.15,10.69,8.03,9.54,10,226.8,1400
  1165.0,8675,25286,0,1915,9.00,10.69,8.70,9.54,10,230.0,1400
  1166.0,8676,25285,0,1915,4.49,10.68,5.75,9.53,10,232.1,1400
  1167.0,8682,25279,0,1917,5.53,10.68,5.20,9.53,10,236.3,1400
  1168.0,8687,25274,0,1917,8.64,10.67,7.47,9.53,10,238.6,1400
  1169.0,8694,25267,0,1917,9.56,10.67,6.99,9.53,10,240.7,1400
  1170.0,8699,25262,0,1921,9.63,10.67,9.39,9.52,10,243.8,1400
  1171.0,8705,25256,0,1921,10.12,10.67,7.83,9.52,10,246.1,1400
  1172.0,8712,25249,0,1922,10.69,10.67,8.41,9.52,10,248.8,1400
  1173.0,8715,25246,0,1927,7.27,10.66,8.51,9.52,10,251.6,1400
  1174.0,8721,25240,0,1929,7.91,10.66,8.53,9.52,10,253.7,1400
  1175.0,8726,25235,0,1931,8.09,10.66,8.06,9.52,10,228.0,1400
  1176.0,8731,25230,0,1931,7.44,10.65,6.53,9.51,10,227.3,1400
  1177.0,8736,25225,0,1935,8.34,10.65,8.54,9.51,10,229.8,1400
  1178.0,8741,25220,0,1935,7.23,10.64,7.40,9.51,10,232.5,1400
  1179.0,8744,25217,0,1938,6.46,10.64,6.49,9.50,10,235.1,1400
  1180.0,8754,25207,0,1938,9.78,10.64,8.81,9.50,10,237.9,1400
  1181.0,8759,25202,0,1942,10.55,10.64,9.77,9.50,10,240.5,1400
  1182.0,8763,25198,0,1945,8.07,10.63,8.06,9.50,10,243.4,1400
  1183.0,8769,25192,0,1947,7.24,10.63,7.94,9.50,10,246.1,1400
  1184.0,8777,25184,0,1947,9.84,10.63,8.22,9.50,10,248.2,1400
  1185.0,8781,25180,0,1949,9.38,10.63,8.00,9.50,10,251.0,1400
  1186.0,8789,25172,0,1953,13.31,10.63,11.58,9.50,10,254.3,1400
  1187.0,8794,25167,0,1955,9.19,10.62,9.82,9.50,10,226.9,1400
  1188.0,8800,25161,0,1957,9.24,10.62,7.87,9.49,10,227.6,1400
  1189.0,8806,25155,0,1960,8.67,10.62,8.99,9.49,10,230.3,1400
  1190.0,8810,25151,0,1960,7.78,10.61,7.39,9.49,10,232.7,1400
  1191.0,8812,25149,0,1962,5.67,10.61,5.53,9.48,10,235.0,1400
  1192.0,8816,25145,0,1962,6.62,10.61,4.83,9.48,10,237.1,1400
  1193.0,8822,25139,0,1962,7.20,10.60,5.27,9.48,10,239.9,1400
  1194.0,8827,25134,0,1962,7.77,10.60,5.68,9.47,10,242.2,1400
  1195.0,8832,25129,0,1964,8.07,10.60,7.08,9.47,10,245.0,1400
  1196.0,8839,25122,0,1964,8.56,10.60,7.30,9.47,10,247.1,1400
  1197.0,8844,25117,0,1965,8.75,10.59,6.93,9.47,10,249.6,1400
  1198.0,8850,25111,0,1965,9.27,10.59,6.03,9.46,10,251.7,1400
  1199.0,8853,25108,0,1965,6.93,10.58,5.07,9.46,10,255.5,1400
  1200.0,8856,25105,0,1965,5.36,10.58,3.92,9.45,10,227.2,1400
  1201.0,8860,25101,0,1965,8.21,10.58,6.00,9.45,10,227.2,1400
  1202.0,8864,25097,0,1966,6.50,10.57,5.35,9.44,10,231.1,1400
  1203.0,8874,25087,0,1966,11.52,10.57,9.03,9.44,10,233.0,1400
  1204.0,8880,25081,0,1971,11.70,10.57,11.24,9.44,10,236.2,1400
  1205.0,8884,25077,0,1979,8.59,10.57,11.84,9.45,10,239.3,1400
  1206.0,8890,25071,0,1980,7.49,10.57,10.41,9.44,10,241.7,1400
  1207.0,8896,25065,0,1980,8.54,10.56,6.76,9.44,10,244.5,1400
  1208.0,8903,25058,0,1983,10.47,10.56,9.42,9.44,10,247.4,1400
  1209.0,8906,25055,0,1983,6.88,10.55,6.55,9.44,10,249.5,1400
  1210.0,8913,25048,0,1985,7.53,10.55,6.61,9.44,10,251.9,1400
  1211.0,8918,25043,0,1987,8.29,10.55,8.08,9.43,10,254.5,1400
  1212.0,8925,25036,0,1990,8.86,10.55,9.18,9.43,10,227.1,1400
  1213.0,8931,25030,0,1992,9.69,10.54,9.81,9.43,10,227.7,1400
  1214.0,8937,25024,0,1996,8.61,10.54,9.44,9.43,10,230.1,1400
  1215.0,8944,25017,0,1999,10.48,10.54,11.79,9.43,10,233.2,1400
  1216.0,8950,25011,0,1999,10.45,10.54,9.41,9.43,10,235.7,1400
  1217.0,8956,25005,0,2002,10.08,10.54,9.21,9.43,10,238.9,1400
  1218.0,8959,25002,0,2004,8.95,10.54,8.18,9.43,10,241.5,1400
  1219.0,8964,24997,0,2004,6.21,10.53,5.68,9.42,10,243.1,1400
  1220.0,8968,24993,0,2006,6.20,10.53,5.54,9.42,10,245.9,1400
  1221.0,8978,24983,0,2006,9.58,10.53,8.01,9.42,10,248.9,1400
  1222.0,8981,24980,0,2008,9.74,10.52,8.22,9.42,10,251.7,1400
  1223.0,8986,24975,0,2008,9.05,10.52,6.57,9.41,10,253.7,1400
  1224.0,8989,24972,0,2009,6.07,10.52,5.00,9.41,10,227.2,1400
  1225.0,8993,24968,0,2009,4.93,10.51,4.12,9.40,10,227.2,1400
  1226.0,9000,24961,0,2009,7.62,10.51,5.58,9.40,10,229.7,1400
  1227.0,9007,24954,0,2009,10.58,10.51,7.74,9.40,10,231.9,1400
  1228.0,9013,24948,0,2013,11.44,10.51,10.94,9.40,10,235.4,1400
  1229.0,9021,24940,0,2016,12.71,10.51,10.59,9.40,10,238.3,1400
  1230.0,9024,24937,0,2016,8.22,10.50,7.65,9.40,10,240.1,1400
  1231.0,9027,24934,0,2018,5.10,10.50,4.97,9.39,10,242.3,1400
  1232.0,9037,24924,0,2021,10.30,10.50,10.43,9.40,10,245.7,1400
  1233.0,9040,24921,0,2023,9.14,10.50,9.26,9.39,10,248.0,1400
  1234.0,9044,24917,0,2023,5.71,10.49,5.37,9.39,10,250.1,1400
  1235.0,9050,24911,0,2026,8.29,10.49,7.88,9.39,10,253.5,1400
  1236.0,9058,24903,0,2028,10.43,10.49,10.35,9.39,10,227.0,1400
  1237.0,9062,24899,0,2029,8.48,10.49,7.75,9.38,10,227.2,1400
  1238.0,9067,24894,0,2029,6.39,10.48,5.19,9.38,10,229.1,1400
  1239.0,9071,24890,0,2029,7.61,10.48,5.57,9.38,10,231.3,1400
  1240.0,9076,24885,0,2029,6.84,10.47,5.00,9.37,10,235.4,1400
  1241.0,9081,24880,0,2031,7.40,10.47,6.50,9.37,10,237.7,1400
  1242.0,9087,24874,0,2031,8.15,10.47,7.05,9.37,10,240.7,1400
  1243.0,9094,24867,0,2033,10.16,10.47,8.58,9.37,10,242.0,1400
  1244.0,9097,24864,0,2033,6.93,10.46,6.08,9.36,10,245.6,1400
  1245.0,9102,24859,0,2034,6.48,10.46,5.33,9.36,10,247.8,1400
  1246.0,9112,24849,0,2036,11.20,10.46,9.83,9.36,10,251.3,1400
  1247.0,9119,24842,0,2036,12.40,10.46,10.13,9.36,10,253.3,1400
  1248.0,9125,24836,0,2039,11.21,10.46,10.09,9.36,10,256.3,1400
  1249.0,9132,24829,0,2041,12.21,10.46,9.81,9.36,10,228.7,1400
  1250.0,9135,24826,0,2047,10.49,10.46,10.91,9.36,10,227.7,1400
  1251.0,9141,24820,0,2050,7.92,10.45,9.99,9.36,10,230.8,1400
  1252.0,9147,24814,0,2052,8.89,10.45,9.21,9.36,10,234.3,1400
  1253.0,9152,24809,0,2052,8.05,10.45,6.95,9.35,10,236.2,1400
  1254.0,9155,24806,0,2052,6.28,10.44,4.59,9.35,10,239.7,1400
  1255.0,9163,24798,0,2055,10.48,10.44,9.76,9.35,10,243.0,1400
  1256.0,9170,24791,0,2058,11.79,10.44,10.73,9.35,10,244.4,1400
  1257.0,9177,24784,0,2062,11.10,10.44,12.18,9.35,10,247.1,1400
  1258.0,9181,24780,0,2062,9.07,10.43,9.04,9.35,10,250.8,1400
  1259.0,9188,24773,0,2066,9.44,10.43,9.42,9.35,10,253.9,1400
  1260.0,9192,24769,0,2066,8.70,10.43,8.68,9.34,10,256.3,1400
  1261.0,9195,24766,0,2069,6.30,10.43,6.58,9.34,10,228.7,1400
  1262.0,9201,24760,0,2069,7.60,10.43,7.42,9.34,10,228.5,1400
  1263.0,9206,24755,0,2070,7.58,10.42,6.05,9.33,10,230.9,1400
  1264.0,9210,24751,0,2072,8.32,10.42,6.20,9.33,10,233.3,1400
  1265.0,9216,24745,0,2072,7.31,10.41,6.42,9.33,10,235.6,1400
  1266.0,9219,24742,0,2074,6.17,10.41,5.52,9.33,10,239.5,1400
  1267.0,9223,24738,0,2077,5.45,10.41,6.84,9.32,10,242.1,1400
  1268.0,9230,24731,0,2080,8.89,10.40,10.05,9.32,10,245.5,1400
  1269.0,9238,24723,0,2086,11.88,10.41,13.90,9.33,10,248.8,1400
  1270.0,9242,24719,0,2086,9.57,10.40,10.50,9.32,10,249.3,1400
  1271.0,9248,24713,0,2087,8.70,10.40,7.00,9.32,10,253.3,1400
  1272.0,9250,24711,0,2088,7.64,10.39,5.56,9.32,10,255.2,1400
  1273.0,9257,24704,0,2088,9.84,10.39,6.14,9.31,10,227.5,1400
  1274.0,9264,24697,0,2089,10.79,10.39,8.45,9.31,10,228.1,1400
  1275.0,9267,24694,0,2092,7.99,10.39,8.18,9.31,10,230.8,1400
  1276.0,9272,24689,0,2092,8.27,10.39,6.66,9.31,10,233.2,1400
  1277.0,9279,24682,0,2094,8.62,10.38,7.35,9.31,10,235.8,1400
  1278.0,9283,24678,0,2094,7.75,10.38,6.70,9.30,10,237.9,1400
  1279.0,9286,24675,0,2094,5.28,10.37,3.87,9.30,10,240.4,1400
  1280.0,9291,24670,0,2096,6.18,10.37,5.65,9.30,10,242.4,1400
  1281.0,9297,24664,0,2096,8.58,10.37,7.42,9.29,10,245.0,1400
  1282.0,9299,24662,0,2098,6.79,10.36,6.20,9.29,10,247.1,1400
  1283.0,9304,24657,0,2098,8.04,10.36,5.18,9.29,10,251.7,1400
  1284.0,9311,24650,0,2101,10.14,10.36,9.27,9.29,10,254.1,1400
  1285.0,9315,24646,0,2106,10.20,10.36,9.58,9.29,10,255.3,1400
  1286.0,9325,24636,0,2106,12.41,10.36,10.40,9.29,10,228.1,1400
  1287.0,9328,24633,0,2108,9.77,10.35,8.24,9.28,10,230.0,1400
  1288.0,9334,24627,0,2110,10.01,10.35,7.69,9.28,10,230.9,1400
  1289.0,9341,24620,0,2113,9.42,10.35,9.54,9.28,10,233.8,1400
  1290.0,9347,24614,0,2113,9.83,10.35,8.84,9.28,10,236.3,1400
  1291.0,9353,24608,0,2116,9.75,10.35,8.91,9.28,10,239.1,1400
  1292.0,9356,24605,0,2118,7.91,10.35,7.61,9.28,10,241.7,1400
  1293.0,9366,24595,0,2121,9.89,10.34,10.02,9.28,10,245.1,1400
  1294.0,9368,24593,0,2123,8.28,10.34,8.58,9.27,10,248.2,1400
  1295.0,9377,24584,0,2123,8.85,10.34,7.65,9.27,10,250.7,1400
  1296.0,9384,24577,0,2126,11.97,10.34,10.40,9.27,10,253.6,1400
  1297.0,9390,24571,0,2130,10.35,10.34,11.64,9.28,10,257.3,1400
  1298.0,9392,24569,0,2131,7.36,10.33,7.16,9.27,10,228.1,1400
  1299.0,9403,24558,0,2134,9.82,10.33,9.39,9.27,10,229.1,1400
  1300.0,9408,24553,0,2136,11.08,10.33,10.64,9.27,10,231.5,1400
  1301.0,9413,24548,0,2139,8.26,10.33,9.06,9.27,10,234.6,1400
  1302.0,9418,24543,0,2139,7.02,10.33,6.67,9.27,10,236.8,1400
  1303.0,9424,24537,0,2143,9.82,10.33,9.80,9.27,10,240.2,1400
  1304.0,9432,24529,0,2150,11.42,10.33,14.92,9.27,10,243.9,1400
  1305.0,9437,24524,0,2150,9.27,10.32,10.43,9.27,10,245.8,1400
  1306.0,9443,24518,0,2150,9.08,10.32,6.64,9.27,10,247.8,1400
  1307.0,9449,24512,0,2153,10.28,10.32,9.40,9.27,10,250.7,1400
  1308.0,9456,24505,0,2161,12.10,10.32,12.66,9.27,10,253.7,1400
  1309.0,9457,24504,0,2162,5.90,10.31,9.16,9.27,10,255.7,1400
  1310.0,9461,24500,0,2163,6.68,10.31,4.55,9.26,10,228.8,1400
  1311.0,9470,24491,0,2163,11.03,10.31,8.68,9.26,10,228.5,1400
  1312.0,9474,24487,0,2168,9.98,10.31,10.11,9.26,10,231.6,1400
  1313.0,9482,24479,0,2170,8.66,10.31,10.03,9.26,10,234.4,1400
  1314.0,9485,24476,0,2172,7.73,10.30,7.71,9.26,10,236.2,1400
  1315.0,9493,24468,0,2172,8.00,10.30,6.92,9.26,10,239.5,1400
  1316.0,9499,24462,0,2173,9.75,10.30,7.64,9.26,10,242.9,1400
  1317.0,9505,24456,0,2176,9.43,10.30,9.20,9.26,10,245.8,1400
  1318.0,9509,24452,0,2176,8.48,10.29,8.06,9.25,10,248.2,1400
  1319.0,9512,24449,0,2179,5.71,10.29,5.96,9.25,9,250.3,1400
  1320.0,9516,24445,0,2179,5.59,10.29,5.84,9.25,9,252.5,1400
  1321.0,9519,24442,0,2179,5.28,10.28,3.86,9.24,9,256.2,1400
  1322.0,9530,24431,0,2182,13.15,10.28,11.68,9.24,9,227.4,1400
  1323.0,9532,24429,0,2185,9.30,10.28,9.94,9.24,9,227.5,1400
  1324.0,9539,24422,0,2188,9.90,10.28,8.92,9.24,9,229.9,1400
  1325.0,9544,24417,0,2190,8.94,10.28,9.26,9.24,9,232.5,1400
  1326.0,9552,24409,0,2192,9.20,10.28,8.80,9.24,9,235.6,1400
  1327.0,9558,24403,0,2195,10.59,10.28,10.51,9.24,9,238.9,1400
  1328.0,9563,24398,0,2195,8.93,10.27,8.31,9.24,9,241.6,1400
  1329.0,9570,24391,0,2197,9.89,10.27,8.44,9.24,9,244.6,1400
  1330.0,9575,24386,0,2197,9.27,10.27,7.91,9.23,9,246.7,1400
  1331.0,9577,24384,0,2200,6.39,10.26,6.68,9.23,9,248.9,1400
  1332.0,9584,24377,0,2204,8.78,10.27,8.69,9.23,9,251.9,1400
  1333.0,9589,24372,0,2207,8.34,10.26,9.65,9.23,9,255.0,1400
  1334.0,9595,24366,0,2209,7.65,10.26,8.14,9.23,9,227.4,1400
  1335.0,9603,24358,0,2212,9.87,10.26,9.80,9.23,9,228.1,1400
  1336.0,9610,24351,0,2215,10.52,10.26,10.77,9.23,9,231.4,1400
  1337.0,9614,24347,0,2215,8.22,10.25,7.65,9.23,9,233.4,1400
  1338.0,9620,24341,0,2218,7.88,10.26,7.49,9.23,9,236.3,1400
  1339.0,9627,24334,0,2220,10.06,10.25,10.19,9.23,9,239.1,1400
  1340.0,9633,24328,0,2220,10.13,10.25,8.55,9.22,9,241.7,1400
  1341.0,9638,24323,0,2220,8.72,10.25,6.38,9.22,9,244.1,1400
  1342.0,9645,24316,0,2223,10.14,10.25,9.27,9.22,9,247.3,1400
  1343.0,9652,24309,0,2225,10.04,10.25,9.96,9.22,9,250.3,1400
  1344.0,9659,24302,0,2229,10.08,10.25,10.53,9.22,9,251.5,1400
  1345.0,9665,24296,0,2231,9.40,10.24,10.05,9.22,9,254.4,1400
  1346.0,9668,24293,0,2233,6.44,10.24,6.80,9.22,9,227.6,1400
  1347.0,9675,24286,0,2233,8.29,10.24,7.27,9.22,9,227.6,1400
  1348.0,9678,24283,0,2235,7.13,10.24,6.26,9.21,9,230.7,1400
  1349.0,9685,24276,0,2238,8.18,10.24,8.97,9.21,9,231.7,1400
  1350.0,9695,24266,0,2238,11.96,10.24,10.29,9.21,9,235.3,1400
  1351.0,9699,24262,0,2241,10.41,10.23,9.24,9.21,9,238.0,1400
  1352.0,9704,24257,0,2241,10.48,10.23,7.16,9.21,9,241.3,1400
  1353.0,9709,24252,0,2244,8.24,10.23,7.83,9.21,9,243.9,1400
  1354.0,9715,24246,0,2247,8.11,10.23,9.16,9.21,9,245.5,1400
  1355.0,9725,24236,0,2250,12.13,10.23,12.20,9.21,9,248.7,1400
  1356.0,9729,24232,0,2261,10.08,10.23,14.74,9.22,9,252.8,1400
  1357.0,9735,24226,0,2263,10.07,10.23,12.41,9.22,9,255.5,1400
  1358.0,9741,24220,0,2263,9.70,10.22,8.27,9.21,9,227.6,1400
  1359.0,9747,24214,0,2265,9.64,10.22,8.22,9.21,9,228.0,1400
  1360.0,9754,24207,0,2267,11.72,10.22,8.51,9.21,9,231.0,1400
  1361.0,9760,24201,0,2269,10.12,10.22,9.68,9.21,9,233.5,1400
  1362.0,9765,24196,0,2272,8.36,10.22,8.89,9.21,9,236.4,1400
  1363.0,9765,24196,0,2272,3.86,10.22,4.51,9.20,9,239.4,1400
  1364.0,9765,24196,0,2272,0.00,10.22,0.00,9.20,9,243.7,1400
  1365.0,9774,24187,0,2272,18.87,10.20,13.80,9.20,9,243.7,1400
  1366.0,9779,24182,0,2272,11.59,10.20,8.47,9.19,9,246.5,1400
  1367.0,9786,24175,0,2272,9.77,10.20,7.14,9.19,9,249.4,1400
  1368.0,9794,24167,0,2272,11.21,10.20,8.20,9.19,9,251.5,1400
  1369.0,9798,24163,0,2272,8.69,10.20,6.36,9.19,9,254.1,1400
  1370.0,9804,24157,0,2272,8.29,10.20,6.06,9.18,9,257.0,1400
  1371.0,9811,24150,0,2272,10.16,10.19,7.43,9.18,9,229.2,1400
  1372.0,9818,24143,0,2272,9.63,10.19,7.04,9.18,9,229.1,1400
  1373.0,9820,24141,0,2272,6.78,10.19,4.96,9.17,9,232.6,1400
  1374.0,9824,24137,0,2272,5.33,10.18,3.90,9.17,9,235.5,1400
  1375.0,9835,24126,0,2272,13.10,10.19,9.58,9.17,9,238.4,1400
  1376.0,9844,24117,0,2272,14.34,10.19,10.49,9.17,9,241.0,1400
  1377.0,9848,24113,0,2272,9.80,10.19,7.17,9.17,9,242.8,1400
  1378.0,9850,24111,0,2272,5.43,10.18,3.97,9.16,9,245.1,1400
  1379.0,9853,24108,0,2272,4.53,10.18,3.32,9.16,9,248.4,1400
  1380.0,9860,24101,0,2272,7.03,10.18,5.14,9.16,9,250.7,1400
  1381.0,9865,24096,0,2272,10.83,10.17,7.92,9.15,9,253.0,1400
  1382.0,9869,24092,0,2272,7.87,10.17,5.75,9.15,9,254.8,1400
  1383.0,9878,24083,0,2272,10.46,10.17,7.65,9.15,9,228.9,1400
  1384.0,9883,24078,0,2272,10.05,10.17,7.35,9.15,9,228.7,1400
  1385.0,9886,24075,0,2272,6.38,10.16,4.67,9.14,9,230.5,1400
  1386.0,9894,24067,0,2272,8.15,10.16,5.96,9.14,9,233.6,1400
  1387.0,9903,24058,0,2272,12.02,10.16,8.79,9.14,9,236.4,1400
  1388.0,9907,24054,0,2272,9.78,10.16,7.15,9.14,9,238.6,1400
  1389.0,9912,24049,0,2272,7.48,10.16,5.47,9.13,9,242.6,1400
  1390.0,9918,24043,0,2272,8.06,10.16,5.89,9.13,9,244.9,1400
  1391.0,9923,24038,0,2272,7.53,10.16,5.51,9.13,9,246.7,1400
  1392.0,9931,24030,0,2272,10.33,10.16,7.56,9.13,9,249.4,1400
  1393.0,9941,24020,0,2272,12.65,10.16,9.25,9.13,9,252.4,1400
  1394.0,9952,24009,0,2272,15.65,10.16,11.44,9.13,9,255.5,1400
  1395.0,9957,24004,0,2272,12.34,10.16,9.02,9.13,9,227.7,1400
  1396.0,9964,23997,0,2272,8.91,10.16,6.52,9.12,9,228.3,1400
  1397.0,9968,23993,0,2272,8.02,10.16,5.87,9.12,9,230.4,1400
  1398.0,9977,23984,0,2272,11.44,10.16,8.37,9.12,9,233.0,1400
  1399.0,9983,23978,0,2272,11.53,10.16,8.44,9.12,9,235.8,1400
  1400.0,9992,23969,0,2272,13.09,10.16,9.57,9.12,9,238.6,1400
  1401.0,9999,23962,0,2272,11.01,10.16,8.06,9.12,9,241.3,1400
  1402.0,10007,23954,0,2272,10.77,10.16,7.88,9.12,9,244.1,1400
  1403.0,10014,23947,0,2272,10.49,10.16,7.67,9.11,9,246.7,1400
  1404.0,10021,23940,0,2272,10.36,10.16,7.58,9.11,9,249.6,1400
  1405.0,10024,23937,0,2272,7.46,10.15,5.46,9.11,9,251.5,1400
  1406.0,10029,23932,0,2272,6.47,10.15,4.73,9.11,9,253.6,1400
  1407.0,10036,23925,0,2272,9.97,10.15,7.29,9.10,9,227.0,1400
  1408.0,10045,23916,0,2272,12.82,10.15,9.38,9.10,9,229.5,1400
  1409.0,10052,23909,0,2272,12.35,10.15,9.03,9.10,9,231.5,1400
  1410.0,10058,23903,0,2272,9.46,10.15,6.92,9.10,9,233.9,1400
  1411.0,10068,23893,0,2272,12.99,10.15,9.50,9.10,9,237.5,1400
  1412.0,10077,23884,0,2272,13.63,10.15,9.97,9.10,9,238.1,1400
  1413.0,10086,23875,0,2272,12.92,10.15,9.45,9.10,9,242.6,1400
  1414.0,10091,23870,0,2272,11.23,10.15,8.21,9.10,9,245.2,1400
  1415.0,10098,23863,0,2272,9.80,10.15,7.17,9.10,9,247.6,1400
  1416.0,10101,23860,0,2272,7.98,10.15,5.83,9.09,9,249.8,1400
  1417.0,10110,23851,0,2272,8.53,10.15,6.24,9.09,9,252.2,1400
  1418.0,10112,23849,0,2272,8.18,10.14,5.98,9.09,9,255.6,1400
  1419.0,10115,23846,0,2272,6.56,10.14,4.80,9.08,9,257.6,1400
  1420.0,10119,23842,0,2272,6.14,10.14,4.49,9.08,9,229.6,1400
  1421.0,10123,23838,0,2272,5.86,10.13,4.29,9.07,9,229.9,1400
  1422.0,10130,23831,0,2272,8.65,10.14,6.33,9.07,9,234.7,1400
  1423.0,10130,23831,0,2272,4.88,10.14,3.57,9.07,9,236.7,1400
  1424.0,10133,23828,0,2272,16.41,10.12,12.00,9.06,9,239.5,1400
  1425.0,10137,23824,0,2277,8.06,10.12,10.11,9.06,9,241.4,1400
  1426.0,10139,23822,0,2280,6.01,10.11,8.68,9.06,9,243.6,1400
  1427.0,10142,23819,0,2282,6.60,10.11,6.18,9.06,9,246.2,1400
  1428.0,10142,23819,0,2287,3.48,10.11,6.42,9.05,9,248.4,1400
  1429.0,10146,23815,0,2289,6.79,10.10,6.32,9.05,9,250.7,1400
  1430.0,10151,23810,0,2291,6.81,10.09,7.20,9.05,9,253.9,1400
  1431.0,10153,23808,0,2298,4.99,10.09,8.34,9.05,9,256.4,1400
  1432.0,10157,23804,0,2301,4.25,10.09,8.30,9.05,9,229.4,1400
  1433.0,10161,23800,0,2303,6.26,10.08,7.44,9.05,9,229.8,1400
  1434.0,10165,23796,0,2304,5.95,10.08,5.99,9.04,9,232.6,1400
  1435.0,10165,23796,0,2310,3.51,10.08,7.06,9.04,9,235.5,1400
  1436.0,10167,23794,0,2311,3.16,10.07,4.89,9.04,9,238.5,1400
  1437.0,10171,23790,0,2313,4.40,10.06,4.82,9.03,9,241.2,1400
  1438.0,10175,23786,0,2316,6.24,10.06,7.42,9.03,9,243.0,1400
  1439.0,10181,23780,0,2318,7.52,10.06,8.25,9.03,9,246.1,1400
  1440.0,10186,23775,0,2323,7.99,10.06,9.56,9.03,9,249.0,1400
  1441.0,10186,23775,0,2326,3.84,10.06,7.30,9.03,9,250.9,1400
  1442.0,10188,23773,0,2326,3.18,10.04,3.40,9.02,9,253.0,1400
  1443.0,10192,23769,0,2333,4.41,10.04,6.99,9.02,9,255.9,1400
  1444.0,10195,23766,0,2335,4.93,10.04,8.23,9.02,9,227.6,1400
  1445.0,10199,23762,0,2340,5.34,10.04,7.81,9.02,9,230.1,1400
  1446.0,10207,23754,0,2346,8.64,10.03,12.11,9.02,9,232.5,1400
  1447.0,10207,23754,0,2347,5.93,10.03,8.13,9.02,9,234.0,1400
  1448.0,10211,23750,0,2352,5.87,10.02,7.29,9.02,9,236.6,1400
  1449.0,10215,23746,0,2356,5.66,10.02,8.80,9.02,9,238.9,1400
  1450.0,10219,23742,0,2362,6.80,10.02,11.19,9.02,9,241.9,1400
  1451.0,10222,23739,0,2364,5.04,10.02,7.89,9.02,9,244.7,1400
  1452.0,10225,23736,0,2365,4.89,10.01,5.36,9.01,9,248.2,1400
  1453.0,10228,23733,0,2368,5.18,10.01,6.32,9.01,9,250.6,1400
  1454.0,10232,23729,0,2374,5.35,10.00,8.95,9.01,9,253.7,1400
  1455.0,10235,23726,0,2380,5.74,10.00,9.90,9.01,9,256.7,1400
  1456.0,10239,23722,0,2384,5.79,10.00,8.67,9.01,9,258.6,1400
  1457.0,10242,23719,0,2390,5.34,9.99,9.49,9.01,9,229.6,1400
  1458.0,10245,23716,0,2390,4.38,9.98,6.41,9.01,9,230.9,1400
  1459.0,10249,23712,0,2398,8.37,9.99,13.11,9.01,9,234.1,1400
  1460.0,10252,23709,0,2401,5.08,9.98,9.54,9.01,9,236.9,1400
  1461.0,10257,23704,0,2405,8.03,9.98,8.38,9.01,9,239.7,1400
  1462.0,10261,23700,0,2411,6.25,9.97,9.64,9.01,9,240.8,1400
  1463.0,10265,23696,0,2414,7.05,9.97,9.40,9.01,9,243.9,1400
  1464.0,10268,23693,0,2418,5.50,9.96,8.04,9.00,9,247.9,1400
  1465.0,10271,23690,0,2420,5.58,9.96,6.20,9.00,9,250.3,1400
  1466.0,10273,23688,0,2421,4.34,9.95,5.08,9.00,9,252.2,1400
  1467.0,10276,23685,0,2423,6.71,9.95,5.34,8.99,9,254.8,1400
  1468.0,10279,23682,0,2427,5.09,9.95,7.44,8.99,9,257.1,1400
  1469.0,10283,23678,0,2431,6.84,9.95,7.97,8.99,9,230.0,1400
  1470.0,10285,23676,0,2435,4.87,9.94,8.30,8.99,9,229.7,1400
  1471.0,10290,23671,0,2440,6.69,9.94,8.21,8.99,9,233.0,1400
  1472.0,10294,23667,0,2446,6.16,9.93,10.02,8.99,9,236.0,1400
  1473.0,10295,23666,0,2449,4.72,9.93,7.38,8.99,9,238.1,1400
  1474.0,10299,23662,0,2449,5.83,9.92,4.63,8.98,9,240.5,1400
  1475.0,10303,23658,0,2455,6.81,9.92,8.72,8.98,9,243.3,1400
  1476.0,10306,23655,0,2457,6.73,9.92,8.69,8.98,9,245.5,1400
  1477.0,10310,23651,0,2462,7.26,9.92,8.44,8.98,9,249.4,1400
  1478.0,10313,23648,0,2465,6.33,9.91,8.34,8.98,9,251.5,1400
  1479.0,10317,23644,0,2470,7.47,9.91,8.40,8.98,9,254.5,1400
  1480.0,10317,23644,0,2475,2.84,9.91,7.27,8.98,9,256.6,1400
  1481.0,10321,23640,0,2479,5.83,9.90,6.92,8.98,9,228.9,1400
  1482.0,10328,23633,0,2481,7.76,9.90,8.77,8.98,9,229.0,1400
  1483.0,10329,23632,0,2488,5.85,9.89,9.09,8.98,9,231.8,1400
  1484.0,10332,23629,0,2491,3.08,9.89,7.88,8.97,9,234.4,1400
  1485.0,10336,23625,0,2498,5.21,9.89,9.26,8.97,9,237.3,1400
  1486.0,10343,23618,0,2502,7.57,9.88,11.08,8.98,9,240.8,1400
  1487.0,10345,23616,0,2503,6.40,9.88,7.28,8.97,9,242.5,1400
  1488.0,10348,23613,0,2507,4.42,9.88,6.46,8.97,9,245.8,1400
  1489.0,10352,23609,0,2510,6.10,9.87,8.92,8.97,9,248.0,1400
  1490.0,10356,23605,0,2511,5.91,9.87,6.49,8.97,9,251.4,1400
  1491.0,10360,23601,0,2514,5.91,9.87,6.49,8.97,9,254.4,1400
  1492.0,10362,23599,0,2517,4.16,9.86,6.08,8.96,9,256.5,1400
  1493.0,10365,23596,0,2518,4.80,9.86,4.72,8.96,9,229.0,1400
  1494.0,10369,23592,0,2526,5.17,9.86,8.64,8.96,9,229.7,1400
  1495.0,10377,23584,0,2533,8.50,9.85,13.99,8.97,9,231.4,1400
  1496.0,10377,23584,0,2545,5.55,9.85,13.69,8.97,9,234.7,1400
  1497.0,10381,23580,0,2557,5.76,9.85,15.09,8.97,9,238.0,1400
  1498.0,10385,23576,0,2560,5.61,9.84,11.81,8.97,9,241.0,1400
  1499.0,10389,23572,0,2567,6.49,9.84,10.68,8.97,9,244.6,1400
  1500.0,10392,23569,0,2567,5.01,9.83,7.32,8.97,9,246.1,1400
  1501.0,10396,23565,0,2570,7.56,9.84,7.90,8.97,9,248.4,1400
  1502.0,10399,23562,0,2574,5.20,9.83,7.61,8.97,9,251.1,1400
  1503.0,10404,23557,0,2580,8.07,9.83,10.09,8.97,9,254.2,1400
  1504.0,10408,23553,0,2583,6.49,9.82,9.49,8.97,9,256.0,1400
  1505.0,10412,23549,0,2589,6.21,9.82,9.66,8.97,9,228.1,1400
  1506.0,10415,23546,0,2595,6.48,9.82,9.89,8.97,9,229.4,1400
  1507.0,10419,23542,0,2607,5.51,9.82,14.38,8.97,9,231.5,1400
  1508.0,10423,23538,0,2613,5.77,9.81,13.73,8.97,9,234.7,1400
  1509.0,10427,23534,0,2616,5.99,9.81,9.30,8.97,9,237.3,1400
  1510.0,10429,23532,0,2619,4.82,9.80,7.05,8.97,9,243.5,1400
  1511.0,10431,23530,0,2620,4.05,9.80,4.34,8.96,9,247.4,1400
  1512.0,10434,23527,0,2621,3.56,9.79,3.64,8.96,9,249.3,1400
  1513.0,10436,23525,0,2622,4.09,9.79,4.19,8.96,9,251.5,1400
  1514.0,10436,23525,0,2623,1.77,9.79,2.58,8.95,9,253.4,1400
  1515.0,10438,23523,0,2628,6.16,9.78,5.32,8.95,9,256.4,1400
  1516.0,10438,23523,0,2636,1.89,9.78,7.61,8.95,9,258.3,1400
  1517.0,10438,23523,0,2647,0.00,9.78,10.72,8.95,9,260.9,1400
  1518.0,10438,23523,0,2659,0.00,9.78,11.60,8.95,9,232.7,1400
  1519.0,10438,23523,0,2667,0.00,9.78,11.10,8.95,9,232.3,1400
  1520.0,10438,23523,0,2678,0.00,9.78,11.09,8.95,9,235.3,1400
  1521.0,10438,23523,0,2686,0.00,9.78,10.64,8.95,9,237.7,1400
  1522.0,10438,23523,0,2693,0.00,9.78,8.79,8.95,9,240.4,1400
  1523.0,10438,23523,0,2705,0.00,9.78,10.99,8.95,9,243.7,1400
  1524.0,10438,23523,0,2717,0.00,9.78,13.02,8.96,9,246.4,1400
  1525.0,10438,23523,0,2724,0.00,9.78,9.77,8.95,9,249.1,1400
  1526.0,10438,23523,0,2732,0.00,9.78,8.49,8.95,9,251.3,1400
  1527.0,10438,23523,0,2744,0.00,9.78,11.53,8.96,9,254.0,1400
  1528.0,10438,23523,0,2755,0.00,9.78,11.66,8.96,9,257.8,1400
  1529.0,10438,23523,0,2763,0.00,9.78,10.49,8.96,9,260.0,1400
  1530.0,10438,23523,0,2775,0.00,9.78,11.93,8.96,9,230.8,1400
  1531.0,10438,23523,0,2783,0.00,9.78,10.87,8.96,9,232.9,1400
  1532.0,10438,23523,0,2791,0.00,9.78,10.28,8.96,9,234.8,1400
  1533.0,10438,23523,0,2795,0.00,9.78,7.20,8.95,9,238.6,1400
  1534.0,10446,23515,0,2799,13.39,9.66,8.59,8.96,9,239.6,1400
  1535.0,10450,23511,0,2802,9.03,9.66,10.46,8.95,9,241.8,1400
  1536.0,10454,23507,0,2810,8.79,9.65,11.90,8.96,9,244.9,1400
  1537.0,10458,23503,0,2814,10.78,9.65,10.25,8.96,9,247.7,1400
  1538.0,10462,23499,0,2822,8.52,9.65,11.59,8.96,9,250.5,1400
  1539.0,10466,23495,0,2826,10.70,9.64,10.79,8.96,9,253.1,1400
  1540.0,10466,23495,0,2834,4.82,9.64,9.73,8.96,9,255.9,1400
  1541.0,10474,23487,0,2838,11.75,9.64,10.89,8.96,9,258.8,1400
  1542.0,10474,23487,0,2846,5.66,9.64,10.36,8.96,9,236.7,1400
  1543.0,10482,23479,0,2850,13.15,9.63,12.49,8.96,9,232.5,1400
  1544.0,10482,23479,0,2862,5.97,9.63,13.11,8.96,9,232.3,1400
  1545.0,10486,23475,0,2866,5.77,9.63,10.14,8.96,9,234.5,1400
  1546.0,10494,23467,0,2874,8.42,9.62,12.32,8.97,9,238.4,1400
  1547.0,10498,23463,0,2882,8.27,9.62,14.11,8.97,9,241.3,1400
  1548.0,10502,23459,0,2890,10.33,9.62,14.04,8.97,9,244.7,1400
  1549.0,10506,23455,0,2898,10.03,9.62,13.61,8.97,9,246.4,1400
  1550.0,10510,23451,0,2906,9.54,9.61,13.19,8.97,9,249.9,1400
  1551.0,10514,23447,0,2914,9.90,9.61,12.81,8.98,9,252.8,1400
  1552.0,10518,23443,0,2922,10.73,9.61,13.72,8.98,9,255.2,1400
  1553.0,10522,23439,0,2930,10.69,9.60,14.78,8.98,9,258.4,1400
  1554.0,10526,23435,0,2938,10.75,9.60,13.90,8.98,9,262.0,1400
  1555.0,10530,23431,0,2946,10.10,9.60,14.37,8.98,9,231.6,1400
  1556.0,10534,23427,0,2954,10.83,9.60,14.72,8.99,9,232.6,1400
  1557.0,10542,23419,0,2954,16.24,9.60,12.04,8.99,9,235.4,1400
  1558.0,10553,23408,0,2954,15.30,9.60,11.19,8.99,9,237.1,1400
  1559.0,10564,23397,0,2954,15.67,9.60,11.46,8.99,9,240.3,1400
  1560.0,10576,23385,0,2954,16.72,9.61,12.23,8.99,9,243.4,1400
  1561.0,10588,23373,0,2954,18.93,9.61,13.85,8.99,9,246.5,1400
  1562.0,10595,23366,0,2954,14.99,9.61,10.96,8.99,9,249.3,1400
  1563.0,10607,23354,0,2954,16.51,9.62,12.08,8.99,9,252.6,1400
  1564.0,10619,23342,0,2954,17.51,9.62,12.80,8.99,9,253.9,1400
  1565.0,10631,23330,0,2954,17.80,9.63,13.02,9.00,9,257.3,1400
  1566.0,10639,23322,0,2954,15.49,9.63,11.33,9.00,9,260.3,1400
  1567.0,10654,23307,0,2954,18.10,9.63,13.24,9.00,9,230.9,1400
  1568.0,10658,23303,0,2958,13.27,9.64,11.75,9.00,9,232.3,1400
  1569.0,10670,23291,0,2958,12.41,9.64,11.34,9.00,9,235.7,1400
  1570.0,10678,23283,0,2960,13.98,9.64,11.25,9.00,9,236.9,1400
  1571.0,10684,23277,0,2960,12.96,9.64,8.81,9.00,9,240.2,1400
  1572.0,10696,23265,0,2960,15.03,9.64,11.00,9.00,9,242.0,1400
  1573.0,10704,23257,0,2960,16.13,9.64,11.80,9.00,9,245.4,1400
  1574.0,10710,23251,0,2960,12.35,9.64,9.03,9.00,9,249.4,1400
  1575.0,10722,23239,0,2960,15.20,9.65,11.12,9.00,9,250.8,1400
  1576.0,10734,23227,0,2960,16.97,9.65,12.42,9.00,9,254.0,1400
  1577.0,10746,23215,0,2960,17.20,9.65,12.58,9.01,9,257.5,1400
  1578.0,10758,23203,0,2964,17.14,9.66,14.63,9.01,9,260.3,1400
  1579.0,10766,23195,0,2964,14.24,9.66,12.50,9.01,9,231.1,1400
  1580.0,10778,23183,0,2967,15.82,9.67,13.31,9.01,9,231.5,1400
  1581.0,10790,23171,0,2967,16.66,9.67,13.71,9.02,9,234.3,1400
  1582.0,10802,23159,0,2971,18.06,9.67,15.41,9.02,9,236.6,1400
  1583.0,10809,23152,0,2971,13.18,9.67,11.67,9.02,9,240.7,1400
  1584.0,10821,23140,0,2971,14.96,9.68,10.94,9.02,9,242.1,1400
  1585.0,10829,23132,0,2971,14.93,9.68,10.92,9.02,9,244.8,1400
  1586.0,10840,23121,0,2971,15.64,9.68,11.44,9.02,9,248.8,1400
  1587.0,10852,23109,0,2971,16.82,9.69,12.30,9.02,9,251.3,1400
  1588.0,10856,23105,0,2973,11.99,9.69,9.86,9.02,9,253.6,1400
  1589.0,10864,23097,0,2977,8.63,9.69,9.46,9.02,9,256.8,1400
  1590.0,10872,23089,0,2977,11.72,9.69,10.71,9.02,9,259.5,1400
  1591.0,10883,23078,0,2977,14.28,9.69,10.45,9.02,9,230.1,1400
  1592.0,10895,23066,0,2977,16.56,9.69,12.11,9.03,9,232.5,1400
  1593.0,10903,23058,0,2977,15.12,9.69,11.06,9.02,9,233.3,1400
  1594.0,10915,23046,0,2977,15.32,9.70,11.20,9.03,9,236.6,1400
  1595.0,10927,23034,0,2977,16.89,9.70,12.35,9.03,9,239.2,1400
  1596.0,10939,23022,0,2977,17.95,9.71,13.13,9.03,9,242.4,1400
  1597.0,10947,23014,0,2977,16.00,9.71,11.70,9.03,9,245.5,1400
  1598.0,10954,23007,0,2977,12.34,9.71,9.03,9.03,9,248.2,1400
  1599.0,10965,22996,0,2977,12.49,9.71,9.13,9.03,9,250.7,1400
  1600.0,10977,22984,0,2977,16.00,9.72,11.70,9.03,9,252.4,1400
  1601.0,10988,22973,0,2977,16.85,9.72,12.33,9.03,9,254.8,1400
  1602.0,11000,22961,0,2977,17.57,9.72,12.85,9.04,9,258.0,1400
  1603.0,11008,22953,0,2977,16.19,9.72,11.84,9.03,9,260.8,1400
  1604.0,11014,22947,0,2977,11.22,9.72,8.21,9.03,9,231.3,1400
  1605.0,11022,22939,0,2979,10.74,9.72,8.97,9.03,9,231.4,1400
  1606.0,11029,22932,0,2979,14.82,9.72,9.20,9.03,9,234.3,1400
  1607.0,11041,22920,0,2979,15.92,9.73,11.64,9.03,9,237.5,1400
  1608.0,11049,22912,0,2979,14.63,9.73,10.70,9.03,9,240.9,1400
  1609.0,11057,22904,0,2983,12.70,9.73,11.61,9.03,9,244.3,1400
  1610.0,11068,22893,0,2983,14.19,9.73,12.56,9.04,9,247.4,1400
  1611.0,11076,22885,0,2983,15.21,9.73,11.12,9.04,9,248.3,1400
  1612.0,11088,22873,0,2983,15.55,9.74,11.38,9.04,9,251.4,1400
  1613.0,11100,22861,0,2983,16.99,9.74,12.43,9.04,9,254.6,1400
  1614.0,11112,22849,0,2983,17.41,9.75,12.73,9.04,9,257.6,1400
  1615.0,11112,22849,0,2987,9.71,9.75,9.47,9.04,9,259.4,1400
  1616.0,11120,22841,0,2987,21.96,9.74,7.13,9.04,9,231.6,1400
  1617.0,11132,22829,0,2987,18.27,9.74,13.36,9.04,9,232.6,1400
  1618.0,11139,22822,0,2987,14.65,9.74,10.72,9.04,9,234.0,1400
  1619.0,11147,22814,0,2991,11.79,9.75,10.92,9.04,9,237.1,1400
  1620.0,11155,22806,0,2991,12.52,9.75,11.45,9.04,9,239.9,1400
  1621.0,11166,22795,0,2991,15.68,9.75,11.47,9.04,9,242.9,1400
  1622.0,11178,22783,0,2991,18.02,9.75,13.18,9.04,9,245.8,1400
  1623.0,11186,22775,0,2995,15.19,9.76,13.33,9.04,9,249.0,1400
  1624.0,11198,22763,0,2995,15.09,9.76,13.25,9.05,9,251.9,1400
  1625.0,11210,22751,0,2995,17.02,9.76,12.45,9.05,9,255.1,1400
  1626.0,11218,22743,0,2995,14.63,9.76,10.70,9.05,9,257.5,1400
  1627.0,11226,22735,0,2995,12.39,9.77,9.07,9.05,9,260.3,1400
  1628.0,11236,22725,0,2995,12.96,9.77,9.48,9.05,9,231.0,1400
  1629.0,11247,22714,0,2995,15.09,9.77,11.04,9.05,9,231.4,1400
  1630.0,11259,22702,0,2995,18.54,9.77,13.56,9.05,9,234.3,1400
  1631.0,11267,22694,0,2999,17.05,9.78,14.95,9.05,9,237.6,1400
  1632.0,11275,22686,0,2999,13.04,9.78,11.93,9.05,9,239.2,1400
  1633.0,11287,22674,0,2999,15.50,9.78,11.34,9.05,9,241.5,1400
  1634.0,11298,22663,0,2999,15.87,9.78,11.61,9.05,9,244.7,1400
  1635.0,11306,22655,0,2999,15.96,9.78,11.67,9.05,9,247.6,1400
  1636.0,11314,22647,0,3003,12.76,9.79,11.67,9.06,9,250.4,1400
  1637.0,11322,22639,0,3003,12.28,9.79,11.22,9.06,9,253.0,1400
  1638.0,11330,22631,0,3005,13.11,9.79,10.79,9.06,9,256.1,1400
  1639.0,11342,22619,0,3005,19.52,9.79,12.06,9.06,9,259.5,1400
  1640.0,11350,22611,0,3005,16.32,9.79,11.94,9.06,9,262.2,1400
  1641.0,11358,22603,0,3009,14.29,9.79,13.06,9.06,9,232.5,1400
  1642.0,11366,22595,0,3009,12.34,9.79,11.28,9.06,9,233.7,1400
  1643.0,11376,22585,0,3009,14.68,9.80,10.74,9.06,9,235.5,1400
  1644.0,11388,22573,0,3009,16.54,9.80,12.09,9.06,9,239.3,1400
  1645.0,11400,22561,0,3009,18.35,9.80,13.42,9.06,9,242.1,1400
  1646.0,11412,22549,0,3009,17.68,9.81,12.93,9.06,9,245.3,1400
  1647.0,11420,22541,0,3013,15.63,9.81,13.71,9.07,9,247.3,1400
  1648.0,11431,22530,0,3013,13.91,9.81,12.32,9.07,9,250.1,1400
  1649.0,11443,22518,0,3013,16.32,9.82,11.94,9.07,9,253.5,1400
  1650.0,11451,22510,0,3017,15.47,9.82,13.58,9.07,9,256.9,1400
  1651.0,11463,22498,0,3017,14.41,9.82,12.65,9.07,9,259.9,1400
  1652.0,11474,22487,0,3017,16.02,9.82,11.72,9.07,9,263.4,1400
  1653.0,11482,22479,0,3017,13.17,9.83,9.63,9.07,9,232.7,1400
  1654.0,11490,22471,0,3021,12.11,9.83,11.06,9.08,9,232.7,1400
  1655.0,11502,22459,0,3021,14.29,9.83,12.54,9.08,9,235.2,1400
  1656.0,11513,22448,0,3021,15.87,9.83,11.61,9.08,9,238.3,1400
  1657.0,11525,22436,0,3021,17.46,9.84,12.77,9.08,9,241.6,1400
  1658.0,11533,22428,0,3025,16.15,9.84,14.18,9.08,9,244.0,1400
  1659.0,11545,22416,0,3025,18.49,9.84,13.28,9.08,9,247.2,1400
  1660.0,11556,22405,0,3025,17.47,9.84,12.78,9.08,9,250.5,1400
  1661.0,11568,22393,0,3025,18.00,9.85,13.17,9.09,9,253.1,1400
  1662.0,11580,22381,0,3025,19.55,9.85,14.30,9.09,9,256.5,1400
  1663.0,11587,22374,0,3025,15.41,9.85,11.27,9.09,9,259.1,1400
  1664.0,11594,22367,0,3025,11.97,9.85,8.76,9.09,9,261.5,1400
  1665.0,11606,22355,0,3025,16.36,9.86,11.96,9.09,9,232.7,1400
  1666.0,11618,22343,0,3025,18.53,9.86,13.55,9.09,9,232.0,1400
  1667.0,11624,22337,0,3025,13.35,9.86,9.77,9.09,9,235.6,1400
  1668.0,11634,22327,0,3025,13.61,9.86,9.96,9.09,9,238.5,1400
  1669.0,11642,22319,0,3025,14.76,9.86,10.80,9.09,9,241.0,1400
  1670.0,11650,22311,0,3027,13.01,9.86,10.70,9.09,9,243.9,1400
  1671.0,11662,22299,0,3027,18.18,9.87,12.06,9.09,9,245.6,1400
  1672.0,11674,22287,0,3031,17.81,9.87,15.20,9.09,9,249.3,1400
  1673.0,11686,22275,0,3031,19.71,9.87,14.34,9.10,9,252.5,1400
  1674.0,11694,22267,0,3031,16.00,9.88,11.70,9.10,9,255.3,1400
  1675.0,11702,22259,0,3031,13.88,9.88,10.15,9.09,9,257.9,1400
  1676.0,11713,22248,0,3031,13.52,9.88,9.89,9.10,9,261.1,1400
  1677.0,11725,22236,0,3031,16.11,9.88,11.78,9.10,9,232.8,1400
  1678.0,11741,22220,0,3031,19.91,9.89,14.56,9.10,9,232.2,1400
  1679.0,11743,22218,0,3035,12.75,9.89,11.40,9.10,9,234.6,1400
  1680.0,11750,22211,0,3035,10.13,9.89,7.55,9.10,9,237.1,1400
  1681.0,11762,22199,0,3039,15.55,9.89,13.77,9.10,9,240.6,1400
  1682.0,11774,22187,0,3039,17.01,9.89,14.52,9.10,9,243.9,1400
  1683.0,11778,22183,0,3040,12.22,9.89,9.50,9.10,9,245.9,1400
  1684.0,11786,22175,0,3044,15.18,9.89,12.20,9.10,9,249.4,1400
  1685.0,11794,22167,0,3044,12.42,9.89,11.36,9.10,9,251.9,1400
  1686.0,11806,22155,0,3044,16.28,9.90,11.90,9.10,9,254.8,1400
  1687.0,11812,22149,0,3044,12.40,9.90,9.07,9.10,9,257.3,1400
  1688.0,11824,22137,0,3044,13.29,9.90,9.72,9.10,9,260.6,1400
  1689.0,11836,22125,0,3048,16.55,9.90,14.12,9.11,9,262.7,1400
  1690.0,11844,22117,0,3052,13.80,9.91,14.13,9.11,9,233.3,1400
  1691.0,11856,22105,0,3052,18.30,9.91,13.06,9.11,9,233.9,1400
  1692.0,11868,22093,0,3052,18.28,9.91,13.37,9.11,9,237.1,1400
  1693.0,11876,22085,0,3056,15.32,9.91,13.45,9.12,9,240.5,1400
  1694.0,11878,22083,0,3056,7.44,9.91,7.62,9.11,9,242.1,1400
  1695.0,11890,22071,0,3060,13.64,9.91,12.83,9.12,9,245.8,1400
  1696.0,11897,22064,0,3060,13.03,9.91,11.53,9.11,9,248.7,1400
  1697.0,11905,22056,0,3060,12.19,9.91,8.91,9.11,9,251.3,1400
  1698.0,11921,22040,0,3060,17.22,9.92,12.60,9.12,9,253.2,1400
  1699.0,11928,22033,0,3060,15.77,9.92,11.53,9.12,9,255.8,1400
  1700.0,11932,22029,0,3064,9.73,9.92,9.70,9.12,9,258.8,1400
  1701.0,11940,22021,0,3066,9.17,9.92,10.06,9.12,9,261.9,1400
  1702.0,11952,22009,0,3066,13.99,9.92,11.26,9.12,9,233.3,1400
  1703.0,11960,22001,0,3070,15.22,9.93,13.36,9.12,9,234.3,1400
  1704.0,11976,21985,0,3070,17.19,9.93,14.67,9.12,9,237.3,1400
  1705.0,11984,21977,0,3074,16.52,9.93,14.10,9.13,9,239.5,1400
  1706.0,12000,21961,0,3074,18.69,9.94,15.95,9.13,9,242.9,1400
  1707.0,12008,21953,0,3074,16.76,9.94,12.26,9.13,9,247.5,1400
  1708.0,12008,21953,0,3074,6.26,9.94,4.58,9.12,9,250.5,1400
  1709.0,12008,21953,0,3074,0.00,9.94,0.00,9.12,9,253.9,1400
  1710.0,12008,21953,0,3074,0.00,9.94,0.00,9.11,9,256.2,1400
  1711.0,12012,21949,0,3074,21.11,9.92,15.44,9.11,9,261.0,1400
  1712.0,12016,21945,0,3077,8.69,9.92,8.74,9.11,9,262.1,1400
  1713.0,12024,21937,0,3080,12.50,9.92,10.64,9.11,9,264.6,1400
  1714.0,12032,21929,0,3084,14.55,9.92,12.85,9.11,9,232.3,1400
  1715.0,12036,21925,0,3088,9.13,9.92,11.14,9.11,9,233.3,1400
  1716.0,12048,21913,0,3088,13.39,9.92,12.24,9.11,9,236.6,1400
  1717.0,12050,21911,0,3092,9.70,9.91,9.12,9.11,9,238.8,1400
  1718.0,12062,21899,0,3092,15.01,9.92,9.93,9.11,9,241.7,1400
  1719.0,12066,21895,0,3096,11.18,9.92,10.21,9.11,9,243.8,1400
  1720.0,12074,21887,0,3096,11.78,9.92,9.40,9.11,9,246.9,1400
  1721.0,12077,21884,0,3098,7.92,9.91,6.85,9.11,9,249.9,1400
  1722.0,12085,21876,0,3102,11.58,9.91,9.48,9.11,9,253.0,1400
  1723.0,12093,21868,0,3106,11.09,9.92,12.16,9.11,9,255.6,1400
  1724.0,12101,21860,0,3110,12.37,9.91,13.57,9.11,9,257.1,1400
  1725.0,12109,21852,0,3110,11.71,9.92,10.71,9.11,9,261.2,1400
  1726.0,12115,21846,0,3114,11.40,9.92,10.72,9.11,9,264.1,1400
  1727.0,12123,21838,0,3118,11.04,9.91,12.69,9.12,9,233.9,1400
  1728.0,12131,21830,0,3126,11.81,9.91,15.12,9.12,9,234.9,1400
  1729.0,12139,21822,0,3126,13.10,9.92,12.30,9.12,9,237.7,1400
  1730.0,12147,21814,0,3130,14.30,9.92,13.07,9.12,9,240.8,1400
  1731.0,12152,21809,0,3130,13.09,9.91,10.05,9.12,9,242.8,1400
  1732.0,12156,21805,0,3133,9.36,9.91,9.13,9.12,9,245.3,1400
  1733.0,12164,21797,0,3133,15.21,9.91,9.65,9.12,9,248.4,1400
  1734.0,12172,21789,0,3133,14.27,9.91,10.44,9.12,9,251.3,1400
  1735.0,12180,21781,0,3137,12.84,9.91,11.74,9.12,9,253.8,1400
  1736.0,12188,21773,0,3141,11.04,9.92,12.11,9.12,9,257.2,1400
  1737.0,12196,21765,0,3145,11.93,9.92,13.09,9.12,9,260.3,1400
  1738.0,12204,21757,0,3153,11.10,9.92,14.21,9.12,9,263.6,1400
  1739.0,12212,21749,0,3153,13.67,9.92,12.15,9.12,9,232.6,1400
  1740.0,12220,21741,0,3157,13.35,9.92,12.21,9.13,9,233.6,1400
  1741.0,12228,21733,0,3161,13.47,9.92,12.09,9.13,9,236.1,1400
  1742.0,12236,21725,0,3165,14.71,9.92,13.49,9.13,9,239.4,1400
  1743.0,12239,21722,0,3168,9.09,9.92,10.88,9.13,9,242.0,1400
  1744.0,12251,21710,0,3168,12.54,9.92,11.00,9.13,9,245.2,1400
  1745.0,12255,21706,0,3176,12.00,9.92,13.17,9.13,9,248.1,1400
  1746.0,12263,21698,0,3180,10.28,9.92,12.77,9.13,9,251.4,1400
  1747.0,12270,21691,0,3180,10.90,9.91,10.10,9.13,9,253.5,1400
  1748.0,12278,21683,0,3180,13.67,9.92,10.00,9.13,9,256.5,1400
  1749.0,12286,21675,0,3183,13.17,9.92,11.44,9.13,9,259.7,1400
  1750.0,12290,21671,0,3186,11.32,9.92,10.07,9.13,9,262.3,1400
  1751.0,12302,21659,0,3186,12.65,9.92,10.99,9.13,9,233.2,1400
  1752.0,12310,21651,0,3190,15.29,9.92,13.42,9.13,9,233.5,1400
  1753.0,12314,21647,0,3194,11.59,9.92,10.95,9.13,9,236.3,1400
  1754.0,12322,21639,0,3194,9.81,9.92,9.57,9.13,9,239.0,1400
  1755.0,12330,21631,0,3200,11.69,9.92,11.75,9.14,9,241.9,1400
  1756.0,12334,21627,0,3203,9.56,9.92,10.57,9.13,9,244.6,1400
  1757.0,12346,21615,0,3207,11.50,9.92,12.09,9.14,9,247.8,1400
  1758.0,12350,21611,0,3211,11.13,9.92,12.21,9.14,9,250.8,1400
  1759.0,12354,21607,0,3215,8.99,9.92,9.89,9.14,9,253.1,1400
  1760.0,12365,21596,0,3219,10.42,9.92,11.68,9.14,9,254.9,1400
  1761.0,12373,21588,0,3223,12.99,9.92,13.51,9.14,9,258.3,1400
  1762.0,12381,21580,0,3231,12.01,9.92,15.38,9.15,9,262.1,1400
  1763.0,12389,21572,0,3235,13.11,9.92,14.43,9.15,9,233.0,1400
  1764.0,12393,21568,0,3243,9.50,9.92,13.89,9.15,9,234.1,1400
  1765.0,12401,21560,0,3247,10.46,9.92,13.30,9.15,9,235.2,1400
  1766.0,12409,21552,0,3247,11.40,9.92,10.42,9.15,9,237.6,1400
  1767.0,12412,21549,0,3248,8.54,9.91,6.81,9.15,9,241.4,1400
  1768.0,12420,21541,0,3252,11.25,9.92,9.20,9.15,9,244.1,1400
  1769.0,12427,21534,0,3256,11.44,9.91,12.83,9.15,9,245.6,1400
  1770.0,12431,21530,0,3260,8.35,9.91,10.54,9.15,9,248.6,1400
  1771.0,12443,21518,0,3260,12.53,9.91,11.45,9.15,9,251.7,1400
  1772.0,12451,21510,0,3264,14.10,9.92,12.38,9.15,9,254.5,1400
  1773.0,12455,21506,0,3272,10.95,9.92,13.36,9.15,9,257.9,1400
  1774.0,12463,21498,0,3276,10.29,9.92,12.77,9.16,9,260.7,1400
  1775.0,12471,21490,0,3280,10.96,9.92,12.02,9.16,9,263.8,1400
  1776.0,12479,21482,0,3284,12.31,9.92,13.51,9.16,9,234.9,1400
  1777.0,12485,21476,0,3284,10.32,9.91,9.71,9.16,9,235.0,1400
  1778.0,12493,21468,0,3288,11.33,9.92,10.65,9.16,9,238.3,1400
  1779.0,12500,21461,0,3291,10.93,9.91,11.72,9.16,9,241.0,1400
  1780.0,12508,21453,0,3291,11.57,9.92,10.15,9.16,9,243.9,1400
  1781.0,12515,21446,0,3295,12.14,9.91,11.25,9.16,9,245.5,1400
  1782.0,12524,21437,0,3302,13.36,9.92,13.94,9.16,9,249.4,1400
  1783.0,12532,21429,0,3306,12.71,9.92,15.32,9.17,9,252.6,1400
  1784.0,12540,21421,0,3309,12.43,9.92,13.07,9.17,9,255.6,1400
  1785.0,12544,21417,0,3317,12.88,9.92,13.47,9.17,9,257.8,1400
  1786.0,12552,21409,0,3321,10.70,9.92,13.50,9.17,9,261.0,1400
  1787.0,12562,21399,0,3321,12.58,9.92,11.25,9.17,9,263.7,1400
  1788.0,12566,21395,0,3329,10.24,9.92,11.77,9.17,9,235.3,1400
  1789.0,12574,21387,0,3329,11.66,9.92,11.96,9.17,9,235.1,1400
  1790.0,12582,21379,0,3333,13.31,9.92,12.17,9.17,9,237.5,1400
  1791.0,12589,21372,0,3337,10.47,9.91,11.75,9.17,9,240.0,1400
  1792.0,12595,21366,0,3337,11.72,9.91,9.04,9.17,9,244.0,1400
  1793.0,12603,21358,0,3337,11.31,9.92,8.27,9.17,9,246.8,1400
  1794.0,12610,21351,0,3341,12.52,9.91,11.60,9.17,9,248.2,1400
  1795.0,12616,21345,0,3341,13.47,9.91,9.21,9.17,9,250.9,1400
  1796.0,12620,21341,0,3345,9.21,9.91,9.43,9.17,9,254.5,1400
  1797.0,12628,21333,0,3349,12.59,9.91,10.99,9.17,9,256.0,1400
  1798.0,12635,21326,0,3349,11.03,9.91,10.22,9.17,9,258.5,1400
  1799.0,12643,21318,0,3352,10.46,9.91,9.18,9.17,9,261.6,1400
  1800.0,12647,21314,0,3353,10.10,9.91,8.01,9.17,9,233.2,1400
  1801.0,12650,21311,0,3355,4.93,9.91,5.15,9.17,9,235.5,1400
  1802.0,12657,21304,0,3359,7.24,9.91,8.47,9.17,9,236.1,1400
  1803.0,12665,21296,0,3363,10.33,9.91,11.58,9.17,9,238.7,1400
  1804.0,12669,21292,0,3366,8.64,9.91,10.01,9.17,9,241.6,1400
  1805.0,12680,21281,0,3368,11.34,9.91,11.06,9.17,9,243.7,1400
  1806.0,12688,21273,0,3372,13.38,9.91,12.87,9.17,9,246.8,1400
  1807.0,12694,21267,0,3372,11.58,9.91,10.89,9.17,9,248.8,1400
  1808.0,12701,21260,0,3376,11.54,9.91,11.04,9.17,9,253.2,1400
  1809.0,12710,21251,0,3379,12.03,9.91,12.65,9.17,9,255.6,1400
  1810.0,12714,21247,0,3383,10.47,9.91,11.79,9.17,9,257.8,1400
  1811.0,12726,21235,0,3387,17.17,9.91,14.49,9.18,9,260.7,1400
  1812.0,12730,21231,0,3395,11.09,9.91,14.19,9.18,9,263.9,1400
  1813.0,12734,21227,0,3399,7.36,9.91,11.30,9.18,9,234.5,1400
  1814.0,12746,21215,0,3399,11.84,9.91,10.83,9.18,9,235.6,1400
  1815.0,12750,21211,0,3403,11.00,9.91,10.06,9.18,9,237.6,1400
  1816.0,12762,21199,0,3403,17.47,9.91,11.19,9.18,9,240.6,1400
  1817.0,12766,21195,0,3407,11.70,9.91,10.69,9.18,9,242.5,1400
  1818.0,12778,21183,0,3411,16.11,9.91,13.75,9.18,9,247.0,1400
  1819.0,12786,21175,0,3415,13.92,9.91,14.25,9.18,9,248.6,1400
  1820.0,12789,21172,0,3419,10.37,9.91,10.56,9.18,9,251.4,1400
  1821.0,12796,21165,0,3423,10.14,9.91,9.67,9.18,9,255.1,1400
  1822.0,12804,21157,0,3427,10.89,9.91,12.21,9.19,9,257.7,1400
  1823.0,12807,21154,0,3427,8.55,9.91,8.53,9.18,9,263.6,1400
  1824.0,12807,21154,0,3427,2.51,9.91,1.83,9.18,9,266.0,1400
  1825.0,12807,21154,0,3427,0.00,9.91,0.00,9.17,9,235.0,1400
  1826.0,12807,21154,0,3427,0.00,9.91,0.00,9.17,9,238.5,1400
  1827.0,12815,21146,0,3430,13.19,9.89,13.27,9.17,9,239.3,1400
  1828.0,12827,21134,0,3430,14.95,9.89,12.58,9.17,9,241.4,1400
  1829.0,12839,21122,0,3430,16.66,9.89,12.18,9.17,9,244.4,1400
  1830.0,12847,21114,0,3434,15.29,9.90,13.42,9.17,9,246.2,1400
  1831.0,12854,21107,0,3434,12.59,9.90,11.66,9.17,9,248.8,1400
  1832.0,12860,21101,0,3434,10.95,9.90,8.01,9.17,9,252.7,1400
  1833.0,12865,21096,0,3434,7.59,9.90,5.55,9.17,9,254.3,1400
  1834.0,12875,21086,0,3434,10.40,9.90,7.61,9.17,9,258.1,1400
  1835.0,12885,21076,0,3434,13.78,9.90,10.08,9.17,9,261.2,1400
  1836.0,12896,21065,0,3434,16.10,9.90,11.78,9.17,9,262.1,1400
  1837.0,12904,21057,0,3434,14.59,9.90,10.67,9.17,9,232.2,1400
  1838.0,12912,21049,0,3434,13.24,9.90,9.69,9.17,9,234.9,1400
  1839.0,12922,21039,0,3434,13.21,9.90,9.66,9.17,9,236.5,1400
  1840.0,12930,21031,0,3434,13.29,9.91,9.71,9.17,9,238.8,1400
  1841.0,12938,21023,0,3434,13.74,9.91,10.05,9.17,9,241.4,1400
  1842.0,12949,21012,0,3434,14.09,9.91,10.31,9.17,9,243.9,1400
  1843.0,12957,21004,0,3434,13.48,9.91,9.86,9.17,9,247.0,1400
  1844.0,12969,20992,0,3434,16.18,9.91,11.83,9.17,9,250.1,1400
  1845.0,12981,20980,0,3434,17.36,9.92,12.70,9.17,9,253.2,1400
  1846.0,12993,20968,0,3434,17.51,9.92,12.81,9.17,9,255.8,1400
  1847.0,13004,20957,0,3434,17.18,9.92,12.57,9.17,9,259.1,1400
  1848.0,13007,20954,0,3437,10.81,9.92,9.60,9.17,9,261.5,1400
  1849.0,13019,20942,0,3441,17.66,9.92,13.22,9.18,9,265.3,1400
  1850.0,13030,20931,0,3441,16.48,9.93,14.15,9.18,9,234.1,1400
  1851.0,13037,20924,0,3441,13.43,9.93,9.83,9.17,9,236.6,1400
  1852.0,13049,20912,0,3441,13.84,9.93,10.12,9.18,9,238.1,1400
  1853.0,13057,20904,0,3441,14.04,9.93,10.27,9.18,9,240.6,1400
  1854.0,13064,20897,0,3441,11.33,9.93,8.29,9.17,9,244.1,1400
  1855.0,13076,20885,0,3441,13.78,9.93,10.08,9.18,9,246.0,1400
  1856.0,13083,20878,0,3441,13.52,9.93,9.89,9.17,9,249.0,1400
  1857.0,13091,20870,0,3445,11.57,9.93,10.72,9.18,9,252.4,1400
  1858.0,13098,20863,0,3445,10.61,9.93,9.83,9.18,9,254.5,1400
  1859.0,13106,20855,0,3445,12.29,9.93,8.99,9.17,9,256.6,1400
  1860.0,13118,20843,0,3445,14.02,9.94,10.25,9.18,9,259.7,1400
  1861.0,13130,20831,0,3445,16.99,9.94,12.43,9.18,9,263.2,1400
  1862.0,13135,20826,0,3445,12.07,9.94,8.83,9.18,9,233.6,1400
  1863.0,13145,20816,0,3445,12.19,9.94,8.91,9.18,9,233.6,1400
  1864.0,13153,20808,0,3445,13.46,9.94,9.85,9.18,9,236.7,1400
  1865.0,13164,20797,0,3445,15.15,9.94,11.08,9.18,9,239.5,1400
  1866.0,13171,20790,0,3445,13.86,9.94,10.14,9.18,9,242.2,1400
  1867.0,13183,20778,0,3445,15.56,9.95,11.38,9.18,9,245.1,1400
  1868.0,13195,20766,0,3445,16.86,9.95,12.33,9.18,9,248.6,1400
  1869.0,13207,20754,0,3445,17.44,9.95,12.76,9.18,9,250.6,1400
  1870.0,13219,20742,0,3445,17.83,9.96,13.04,9.18,9,254.1,1400
  1871.0,13230,20731,0,3445,16.63,9.96,12.16,9.18,9,257.0,1400
  1872.0,13238,20723,0,3445,14.38,9.96,10.52,9.18,9,259.4,1400
  1873.0,13247,20714,0,3445,13.02,9.96,9.52,9.18,9,262.0,1400
  1874.0,13255,20706,0,3445,11.89,9.96,8.70,9.18,9,265.2,1400
  1875.0,13263,20698,0,3445,14.92,9.97,10.91,9.18,9,235.3,1400
  1876.0,13275,20686,0,3445,15.01,9.97,10.98,9.18,9,236.1,1400
  1877.0,13280,20681,0,3445,11.99,9.97,8.77,9.18,9,238.7,1400
  1878.0,13296,20665,0,3445,14.86,9.97,10.87,9.18,9,242.3,1400
  1879.0,13306,20655,0,3445,18.16,9.97,13.29,9.18,9,245.0,1400
  1880.0,13318,20643,0,3445,17.65,9.98,12.91,9.19,9,246.6,1400
  1881.0,13325,20636,0,3445,15.64,9.98,11.44,9.18,9,249.4,1400
  1882.0,13336,20625,0,3445,15.05,9.98,11.01,9.19,9,252.9,1400
  1883.0,13340,20621,0,3448,11.27,9.98,9.89,9.18,9,255.3,1400
  1884.0,13346,20615,0,3448,10.79,9.98,7.96,9.18,9,257.3,1400
  1885.0,13361,20600,0,3448,17.03,9.98,12.46,9.19,9,261.4,1400
  1886.0,13369,20592,0,3448,15.86,9.99,11.60,9.18,9,263.5,1400
  1887.0,13377,20584,0,3450,12.58,9.99,10.34,9.19,9,235.0,1400
  1888.0,13388,20573,0,3450,15.31,9.99,10.66,9.19,9,235.4,1400
  1889.0,13395,20566,0,3450,13.03,9.99,9.53,9.18,9,238.9,1400
  1890.0,13410,20551,0,3450,15.64,9.99,11.44,9.19,9,240.2,1400
  1891.0,13416,20545,0,3454,14.97,9.99,13.03,9.19,9,243.1,1400
  1892.0,13424,20537,0,3454,12.72,9.99,10.68,9.19,9,245.8,1400
  1893.0,13432,20529,0,3454,13.76,9.99,10.06,9.19,9,247.8,1400
  1894.0,13438,20523,0,3454,12.15,9.99,8.88,9.19,9,252.2,1400
  1895.0,13450,20511,0,3454,13.90,9.99,10.16,9.19,9,254.9,1400
  1896.0,13456,20505,0,3454,13.02,9.99,9.52,9.19,9,257.4,1400
  1897.0,13468,20493,0,3454,14.45,10.00,10.57,9.19,9,261.1,1400
  1898.0,13468,20493,0,3454,8.47,10.00,6.19,9.18,9,265.0,1400
  1899.0,13468,20493,0,3454,0.00,10.00,0.00,9.18,9,235.1,1400
  1900.0,13468,20493,0,3454,0.00,10.00,0.00,9.17,9,237.9,1400
  1901.0,13476,20485,0,3457,11.81,9.98,11.88,9.17,9,237.8,1400
  1902.0,13480,20481,0,3463,8.52,9.98,10.90,9.17,9,239.6,1400
  1903.0,13484,20477,0,3467,8.52,9.98,11.41,9.17,9,242.5,1400
  1904.0,13492,20469,0,3467,10.13,9.98,9.88,9.17,9,244.9,1400
  1905.0,13500,20461,0,3469,11.45,9.98,9.42,9.17,9,247.9,1400
  1906.0,13507,20454,0,3472,12.12,9.98,10.07,9.17,9,250.8,1400
  1907.0,13514,20447,0,3472,10.36,9.98,9.20,9.17,9,253.5,1400
  1908.0,13523,20438,0,3474,11.68,9.98,9.61,9.17,9,256.9,1400
  1909.0,13530,20431,0,3478,11.35,9.98,11.42,9.17,9,258.7,1400
  1910.0,13534,20427,0,3482,8.48,9.98,10.72,9.17,9,262.2,1400
  1911.0,13546,20415,0,3486,12.05,9.98,13.22,9.18,9,264.4,1400
  1912.0,13549,20412,0,3489,10.40,9.98,11.16,9.18,9,234.7,1400
  1913.0,13560,20401,0,3493,10.97,9.98,12.03,9.18,9,234.9,1400
  1914.0,13567,20394,0,3493,12.58,9.98,11.24,9.18,9,238.8,1400
  1915.0,13570,20391,0,3497,8.78,9.98,9.00,9.18,9,241.2,1400
  1916.0,13576,20385,0,3497,8.80,9.98,7.27,9.17,9,243.3,1400
  1917.0,13580,20381,0,3502,7.10,9.97,7.79,9.17,9,245.9,1400
  1918.0,13592,20369,0,3502,14.27,9.98,10.93,9.18,9,249.2,1400
  1919.0,13595,20366,0,3506,11.94,9.97,11.07,9.17,9,252.1,1400
  1920.0,13603,20358,0,3510,12.85,9.98,11.08,9.18,9,255.1,1400
  1921.0,13610,20351,0,3513,11.13,9.97,11.94,9.18,9,258.1,1400
  1922.0,13618,20343,0,3517,11.13,9.98,11.94,9.18,9,261.0,1400
  1923.0,13625,20336,0,3521,11.51,9.97,12.91,9.18,9,263.8,1400
  1924.0,13633,20328,0,3521,12.05,9.97,11.16,9.18,9,234.5,1400
  1925.0,13641,20320,0,3529,13.35,9.98,14.64,9.18,9,234.2,1400
  1926.0,13648,20313,0,3529,12.27,9.97,11.86,9.18,9,236.7,1400
  1927.0,13656,20305,0,3533,12.55,9.97,11.63,9.18,9,239.8,1400
  1928.0,13660,20301,0,3535,8.56,9.97,9.39,9.18,9,242.9,1400
  1929.0,13667,20294,0,3535,8.62,9.97,7.45,9.18,9,246.7,1400
  1930.0,13674,20287,0,3539,10.56,9.97,9.93,9.18,9,248.0,1400
  1931.0,13686,20275,0,3539,13.29,9.97,11.76,9.18,9,250.8,1400
  1932.0,13690,20271,0,3542,11.70,9.98,10.17,9.18,9,253.7,1400
  1933.0,13700,20261,0,3542,11.49,9.97,10.20,9.18,9,256.5,1400
  1934.0,13705,20256,0,3545,11.04,9.97,9.69,9.18,9,259.2,1400
  1935.0,13713,20248,0,3545,10.68,9.97,9.62,9.18,9,261.7,1400
  1936.0,13721,20240,0,3548,12.13,9.97,10.54,9.18,9,264.9,1400
  1937.0,13729,20232,0,3552,11.06,9.98,11.63,9.18,9,235.9,1400
  1938.0,13733,20228,0,3555,8.91,9.97,10.32,9.18,9,235.7,1400
  1939.0,13742,20219,0,3555,9.53,9.97,8.57,9.18,9,239.2,1400
  1940.0,13750,20211,0,3559,12.17,9.97,10.99,9.18,9,242.5,1400
  1941.0,13758,20203,0,3563,12.47,9.97,13.68,9.18,9,243.7,1400
  1942.0,13762,20199,0,3571,9.15,9.97,13.39,9.19,9,246.8,1400
  1943.0,13769,20192,0,3574,8.90,9.97,11.18,9.19,9,250.2,1400
  1944.0,13777,20184,0,3578,10.48,9.97,11.24,9.19,9,253.3,1400
  1945.0,13784,20177,0,3578,10.87,9.97,10.07,9.19,9,255.9,1400
  1946.0,13792,20169,0,3582,12.16,9.97,11.27,9.19,9,258.4,1400
  1947.0,13800,20161,0,3586,11.42,9.97,12.53,9.19,9,262.0,1400
  1948.0,13808,20153,0,3590,11.71,9.97,12.85,9.19,9,265.2,1400
  1949.0,13816,20145,0,3594,11.93,9.97,13.09,9.19,9,233.9,1400
  1950.0,13820,20141,0,3599,9.40,9.97,12.03,9.19,9,236.7,1400
  1951.0,13824,20137,0,3601,7.84,9.97,9.24,9.19,9,236.7,1400
  1952.0,13835,20126,0,3601,14.89,9.97,10.07,9.19,9,240.1,1400
  1953.0,13842,20119,0,3605,12.51,9.97,11.18,9.19,9,243.2,1400
  1954.0,13847,20114,0,3606,10.89,9.97,9.53,9.19,9,246.9,1400
  1955.0,13855,20106,0,3608,11.39,9.97,10.26,9.19,9,250.0,1400
  1956.0,13863,20098,0,3608,11.79,9.97,9.70,9.19,9,253.2,1400
  1957.0,13867,20094,0,3610,10.38,9.97,8.86,9.19,9,255.1,1400
  1958.0,13874,20087,0,3610,7.76,9.97,6.71,9.19,9,257.0,1400
  1959.0,13882,20079,0,3614,11.41,9.97,10.57,9.19,9,260.6,1400
  1960.0,13890,20071,0,3618,13.35,9.97,12.49,9.19,9,263.9,1400
  1961.0,13896,20065,0,3618,9.85,9.97,9.26,9.19,9,265.9,1400
  1962.0,13904,20057,0,3626,10.29,9.97,11.82,9.19,9,235.7,1400
  1963.0,13912,20049,0,3629,11.57,9.97,14.28,9.19,9,237.1,1400
  1964.0,13916,20045,0,3629,9.16,9.97,8.37,9.19,9,239.1,1400
  1965.0,13926,20035,0,3629,12.29,9.97,8.99,9.19,9,242.0,1400
  1966.0,13934,20027,0,3633,12.32,9.97,11.02,9.19,9,244.6,1400
  1967.0,13942,20019,0,3637,13.91,9.97,12.08,9.19,9,248.0,1400
  1968.0,13949,20012,0,3641,15.28,9.97,12.71,9.20,9,251.3,1400
  1969.0,13957,20004,0,3645,13.67,9.97,12.16,9.20,9,255.0,1400
  1970.0,13961,20000,0,3652,10.94,9.97,12.09,9.20,9,257.0,1400
  1971.0,13972,19989,0,3652,14.23,9.97,12.24,9.20,9,260.1,1400
  1972.0,13976,19985,0,3656,12.37,9.97,11.46,9.20,9,262.7,1400
  1973.0,13982,19979,0,3659,10.12,9.97,10.55,9.20,9,263.9,1400
  1974.0,13990,19971,0,3663,13.38,9.97,11.15,9.20,9,234.6,1400
  1975.0,13998,19963,0,3663,12.56,9.97,11.49,9.20,9,234.5,1400
  1976.0,14002,19959,0,3667,9.96,9.97,9.71,9.20,9,237.9,1400
  1977.0,14009,19952,0,3667,9.93,9.97,7.97,9.20,9,240.9,1400
  1978.0,14017,19944,0,3667,10.34,9.97,7.56,9.20,9,244.3,1400
  1979.0,14029,19932,0,3671,14.63,9.97,12.83,9.20,9,246.9,1400
  1980.0,14033,19928,0,3675,11.12,9.97,12.20,9.20,9,248.4,1400
  1981.0,14041,19920,0,3679,13.33,9.97,12.50,9.20,9,252.6,1400
  1982.0,14049,19912,0,3679,11.31,9.97,10.34,9.20,9,254.7,1400
  1983.0,14057,19904,0,3683,13.37,9.97,12.22,9.20,9,257.7,1400
  1984.0,14064,19897,0,3683,11.35,9.97,10.51,9.20,9,260.1,1400
  1985.0,14072,19889,0,3687,12.71,9.97,11.77,9.20,9,262.7,1400
  1986.0,14080,19881,0,3687,12.37,9.97,11.31,9.20,9,265.8,1400
  1987.0,14084,19877,0,3691,9.81,9.97,9.57,9.20,9,236.8,1400
  1988.0,14095,19866,0,3691,10.74,9.97,9.95,9.20,9,237.7,1400
  1989.0,14103,19858,0,3695,14.12,9.97,12.50,9.20,9,241.2,1400
  1990.0,14107,19854,0,3699,8.98,9.97,10.95,9.20,9,243.1,1400
  1991.0,14118,19843,0,3699,12.38,9.97,11.47,9.20,9,246.7,1400
  1992.0,14122,19839,0,3707,10.91,9.97,12.23,9.20,9,249.1,1400
  1993.0,14128,19833,0,3707,9.07,9.97,10.06,9.20,9,251.8,1400
  1994.0,14135,19826,0,3707,9.34,9.97,6.83,9.20,9,254.5,1400
  1995.0,14141,19820,0,3707,10.42,9.97,7.62,9.20,9,256.7,1400
  1996.0,14149,19812,0,3711,10.41,9.97,9.79,9.20,9,259.9,1400
  1997.0,14156,19805,0,3711,11.42,9.97,10.58,9.20,9,262.6,1400
  1998.0,14161,19800,0,3712,9.98,9.96,7.91,9.20,9,264.5,1400
  1999.0,14169,19792,0,3712,10.30,9.97,8.11,9.20,9,235.7,1400
  2000.0,14177,19784,0,3716,13.20,9.97,12.07,9.20,9,235.9,1400
  2001.0,14185,19776,0,3720,13.43,9.97,12.55,9.20,9,239.0,1400
  2002.0,14193,19768,0,3724,13.90,9.97,12.02,9.20,9,242.3,1400
  2003.0,14197,19764,0,3728,9.09,9.97,11.09,9.20,9,244.8,1400
  2004.0,14204,19757,0,3728,12.20,9.97,8.67,9.20,9,246.6,1400
  2005.0,14211,19750,0,3728,11.93,9.97,8.73,9.20,9,249.3,1400
  2006.0,14223,19738,0,3728,13.89,9.97,10.16,9.20,9,252.5,1400
  2007.0,14227,19734,0,3732,12.32,9.97,11.27,9.20,9,255.2,1400
  2008.0,14235,19726,0,3736,12.55,9.97,11.39,9.20,9,258.8,1400
  2009.0,14242,19719,0,3736,10.47,9.97,9.70,9.20,9,261.2,1400
  2010.0,14251,19710,0,3739,12.21,9.97,10.61,9.20,9,264.5,1400
  2011.0,14259,19702,0,3739,11.72,9.97,10.09,9.20,9,267.6,1400
  2012.0,14263,19698,0,3742,10.56,9.97,9.66,9.20,9,237.7,1400
  2013.0,14275,19686,0,3742,11.67,9.97,10.14,9.20,9,237.5,1400
  2014.0,14279,19682,0,3748,11.46,9.97,11.52,9.20,9,241.0,1400
  2015.0,14287,19674,0,3748,10.27,9.97,9.34,9.20,9,242.7,1400
  2016.0,14295,19666,0,3751,11.94,9.97,10.37,9.20,9,246.0,1400
  2017.0,14303,19658,0,3751,11.38,9.97,9.89,9.20,9,248.8,1400
  2018.0,14311,19650,0,3751,13.33,9.97,9.75,9.20,9,251.3,1400
  2019.0,14314,19647,0,3755,8.22,9.97,8.20,9.20,9,254.1,1400
  2020.0,14318,19643,0,3755,6.51,9.97,5.61,9.20,9,261.4,1400
  2021.0,14318,19643,0,3755,2.74,9.97,2.00,9.19,9,262.1,1400
  2022.0,14318,19643,0,3755,0.00,9.97,0.00,9.19,9,264.1,1400
  2023.0,14318,19643,0,3755,0.00,9.97,0.00,9.18,9,265.8,1400
  2024.0,14328,19633,0,3755,14.07,9.95,10.29,9.18,9,237.2,1400
  2025.0,14334,19627,0,3755,11.09,9.95,8.11,9.18,9,235.4,1400
  2026.0,14346,19615,0,3755,15.63,9.95,11.43,9.18,9,238.4,1400
  2027.0,14353,19608,0,3755,14.54,9.95,10.64,9.18,9,241.4,1400
  2028.0,14365,19596,0,3755,15.25,9.96,11.16,9.18,9,244.5,1400
  2029.0,14373,19588,0,3755,14.88,9.96,10.88,9.18,9,247.0,1400
  2030.0,14381,19580,0,3755,11.95,9.96,8.74,9.18,9,249.1,1400
  2031.0,14386,19575,0,3755,9.57,9.95,7.00,9.18,9,251.5,1400
  2032.0,14398,19563,0,3755,13.70,9.96,10.02,9.18,9,254.4,1400
  2033.0,14406,19555,0,3755,15.47,9.96,11.32,9.18,9,257.0,1400
  2034.0,14411,19550,0,3755,10.44,9.96,7.64,9.18,9,261.7,1400
  2035.0,14423,19538,0,3755,12.80,9.96,9.36,9.18,9,262.7,1400
  2036.0,14431,19530,0,3755,15.35,9.96,11.23,9.18,9,265.5,1400
  2037.0,14439,19522,0,3759,12.30,9.96,11.25,9.18,9,236.0,1400
  2038.0,14443,19518,0,3759,8.35,9.96,8.15,9.18,9,237.6,1400
  2039.0,14451,19510,0,3759,11.56,9.96,8.46,9.18,9,240.5,1400
  2040.0,14461,19500,0,3759,13.15,9.96,9.62,9.18,9,243.2,1400
  2041.0,14468,19493,0,3759,12.75,9.96,9.33,9.18,9,246.2,1400
  2042.0,14480,19481,0,3759,18.55,9.96,13.57,9.18,9,249.4,1400
  2043.0,14488,19473,0,3759,16.50,9.96,12.07,9.18,9,251.0,1400
  2044.0,14496,19465,0,3759,13.94,9.97,10.20,9.18,9,254.2,1400
  2045.0,14504,19457,0,3759,12.73,9.97,9.31,9.18,9,256.7,1400
  2046.0,14516,19445,0,3759,15.08,9.97,11.03,9.18,9,258.6,1400
  2047.0,14528,19433,0,3759,17.05,9.97,12.47,9.18,9,261.7,1400
  2048.0,14536,19425,0,3759,14.75,9.97,10.79,9.18,9,264.2,1400
  2049.0,14548,19413,0,3759,16.15,9.98,11.81,9.18,9,235.3,1400
  2050.0,14555,19406,0,3759,13.70,9.98,10.02,9.18,9,238.3,1400
  2051.0,14561,19400,0,3759,9.90,9.98,7.24,9.18,9,238.1,1400
  2052.0,14573,19388,0,3759,14.14,9.98,10.34,9.18,9,241.3,1400
  2053.0,14579,19382,0,3759,12.53,9.98,9.16,9.18,9,243.7,1400
  2054.0,14591,19370,0,3759,12.99,9.98,9.50,9.18,9,246.7,1400
  2055.0,14599,19362,0,3763,15.95,9.98,14.00,9.18,9,250.2,1400
  2056.0,14607,19354,0,3763,12.52,9.98,11.45,9.18,9,253.5,1400
  2057.0,14619,19342,0,3763,17.32,9.98,12.67,9.18,9,254.7,1400
  2058.0,14627,19334,0,3763,14.87,9.98,10.88,9.18,9,257.3,1400
  2059.0,14635,19326,0,3763,13.44,9.99,9.83,9.18,9,260.0,1400
  2060.0,14642,19319,0,3763,12.70,9.99,9.29,9.18,9,264.1,1400
  2061.0,14652,19309,0,3763,13.45,9.99,9.84,9.18,9,265.6,1400
  2062.0,14660,19301,0,3763,13.24,9.99,9.68,9.18,9,236.4,1400
  2063.0,14672,19289,0,3763,16.07,9.99,11.75,9.18,9,237.2,1400
  2064.0,14680,19281,0,3763,15.01,9.99,10.98,9.18,9,239.5,1400
  2065.0,14687,19274,0,3763,11.83,9.99,8.65,9.18,9,243.5,1400
  2066.0,14695,19266,0,3763,12.35,9.99,9.04,9.18,9,246.1,1400
  2067.0,14706,19255,0,3763,15.25,9.99,11.16,9.18,9,249.0,1400
  2068.0,14714,19247,0,3763,13.63,10.00,9.97,9.18,9,251.8,1400
  2069.0,14726,19235,0,3763,15.86,10.00,11.60,9.18,9,254.5,1400
  2070.0,14732,19229,0,3763,12.81,10.00,9.37,9.18,9,256.8,1400
  2071.0,14740,19221,0,3763,12.64,10.00,9.25,9.18,9,259.1,1400
  2072.0,14751,19210,0,3763,15.71,10.00,11.49,9.18,9,262.3,1400
  2073.0,14759,19202,0,3763,13.51,10.00,9.88,9.18,9,264.9,1400
  2074.0,14766,19195,0,3763,12.38,10.00,9.06,9.18,9,242.8,1400
  2075.0,14774,19187,0,3763,10.90,10.00,7.97,9.18,9,238.1,1400
  2076.0,14785,19176,0,3763,14.50,10.00,10.60,9.18,9,239.0,1400
  2077.0,14787,19174,0,3767,9.97,10.00,9.54,9.18,9,241.2,1400
  2078.0,14795,19166,0,3767,13.51,10.00,8.52,9.18,9,243.6,1400
  2079.0,14806,19155,0,3767,15.66,10.00,11.45,9.18,9,246.9,1400
  2080.0,14818,19143,0,3767,15.83,10.01,11.58,9.18,9,250.3,1400
  2081.0,14830,19131,0,3767,18.32,10.01,13.40,9.18,9,253.5,1400
  2082.0,14837,19124,0,3767,14.02,10.01,10.25,9.18,9,256.1,1400
  2083.0,14849,19112,0,3767,13.47,10.01,9.85,9.18,9,257.5,1400
  2084.0,14856,19105,0,3767,13.63,10.01,9.97,9.18,9,261.7,1400
  2085.0,14862,19099,0,3767,10.39,10.01,7.60,9.18,9,264.0,1400
  2086.0,14873,19088,0,3767,12.47,10.01,9.12,9.18,9,267.0,1400
  2087.0,14879,19082,0,3767,12.51,10.01,9.15,9.18,9,238.2,1400
  2088.0,14886,19075,0,3767,10.91,10.01,7.98,9.18,9,238.0,1400
  2089.0,14897,19064,0,3767,15.39,10.01,11.26,9.18,9,240.9,1400
  2090.0,14904,19057,0,3770,12.59,10.01,10.75,9.18,9,242.4,1400
  2091.0,14912,19049,0,3770,14.24,10.01,9.33,9.18,9,245.4,1400
  2092.0,14923,19038,0,3770,16.69,10.02,12.21,9.18,9,247.9,1400
  2093.0,14931,19030,0,3770,14.42,10.02,10.54,9.18,9,250.5,1400
  2094.0,14937,19024,0,3770,10.28,10.02,7.52,9.17,9,257.2,1400
  2095.0,14937,19024,0,3770,4.54,10.02,3.32,9.17,9,259.1,1400
  2096.0,14937,19024,0,3770,0.00,10.02,0.00,9.17,9,261.8,1400
  2097.0,14937,19024,0,3770,0.00,10.02,0.00,9.16,9,266.1,1400
  2098.0,14941,19020,0,3771,10.42,10.00,9.52,9.16,9,269.7,1400
  2099.0,14945,19016,0,3775,7.17,10.00,8.52,9.16,9,236.8,1400
  2100.0,14952,19009,0,3775,9.77,10.00,7.70,9.16,9,238.8,1400
  2101.0,14960,19001,0,3775,10.47,10.00,7.66,9.16,9,238.8,1400
  2102.0,14968,18993,0,3775,11.04,10.00,8.08,9.16,9,240.8,1400
  2103.0,14976,18985,0,3777,11.80,10.00,9.71,9.16,9,243.8,1400
  2104.0,14980,18981,0,3785,11.29,10.00,11.75,9.16,9,246.8,1400
  2105.0,14986,18975,0,3785,8.90,10.00,9.84,9.16,9,249.0,1400
  2106.0,14994,18967,0,3787,10.96,10.00,9.16,9.16,9,252.2,1400
  2107.0,14998,18963,0,3791,12.23,9.99,10.20,9.16,9,254.7,1400
  2108.0,15005,18956,0,3794,10.80,9.99,10.06,9.16,9,257.8,1400
  2109.0,15013,18948,0,3798,14.39,9.99,11.18,9.16,9,260.8,1400
  2110.0,15020,18941,0,3798,11.10,9.99,10.28,9.16,9,264.0,1400
  2111.0,15024,18937,0,3798,10.44,9.99,7.63,9.15,9,265.5,1400
  2112.0,15036,18925,0,3798,14.87,9.99,10.88,9.16,9,237.3,1400
  2113.0,15040,18921,0,3801,11.64,10.00,10.11,9.16,9,236.8,1400
  2114.0,15052,18909,0,3801,11.91,10.00,10.35,9.16,9,240.3,1400
  2115.0,15059,18902,0,3805,13.78,10.00,12.20,9.16,9,242.9,1400
  2116.0,15063,18898,0,3808,9.39,9.99,9.08,9.16,9,245.5,1400
  2117.0,15071,18890,0,3808,9.39,9.99,8.58,9.16,9,248.1,1400
  2118.0,15081,18880,0,3808,12.56,9.99,9.19,9.16,9,251.0,1400
  2119.0,15085,18876,0,3811,9.63,9.99,8.56,9.16,9,253.5,1400
  2120.0,15093,18868,0,3814,9.59,10.00,10.52,9.16,9,256.2,1400
  2121.0,15101,18860,0,3814,11.92,9.99,10.35,9.16,9,258.9,1400
  2122.0,15108,18853,0,3814,11.64,9.99,8.51,9.15,9,261.6,1400
  2123.0,15115,18846,0,3817,11.57,9.99,10.27,9.15,9,264.4,1400
  2124.0,15121,18840,0,3817,12.70,9.99,8.49,9.15,9,267.1,1400
  2125.0,15125,18836,0,3820,8.88,9.99,8.44,9.15,9,237.7,1400
  2126.0,15137,18824,0,3820,12.37,9.99,10.75,9.15,9,238.9,1400
  2127.0,15145,18816,0,3824,13.86,9.99,12.16,9.15,9,241.0,1400
  2128.0,15153,18808,0,3828,15.51,9.99,13.48,9.16,9,244.4,1400
  2129.0,15161,18800,0,3828,12.49,9.99,11.42,9.16,9,246.8,1400
  2130.0,15168,18793,0,3828,12.83,9.99,9.39,9.15,9,250.0,1400
  2131.0,15172,18789,0,3836,10.20,9.99,12.88,9.16,9,252.8,1400
  2132.0,15180,18781,0,3836,10.19,9.99,10.85,9.16,9,255.0,1400
  2133.0,15186,18775,0,3836,10.54,9.99,7.71,9.15,9,257.3,1400
  2134.0,15189,18772,0,3838,6.49,9.99,5.80,9.15,9,261.4,1400
  2135.0,15201,18760,0,3838,10.54,9.99,8.74,9.15,9,265.8,1400
  2136.0,15209,18752,0,3838,14.07,9.99,10.29,9.15,9,267.5,1400
  2137.0,15217,18744,0,3842,12.84,9.99,11.74,9.15,9,236.8,1400
  2138.0,15224,18737,0,3846,10.71,9.99,12.01,9.16,9,237.7,1400
  2139.0,15232,18729,0,3850,11.91,9.99,13.35,9.16,9,240.0,1400
  2140.0,15239,18722,0,3850,10.86,9.99,10.06,9.16,9,242.7,1400
  2141.0,15247,18714,0,3850,13.34,9.99,9.76,9.15,9,246.2,1400
  2142.0,15254,18707,0,3854,12.96,9.99,12.00,9.16,9,249.6,1400
  2143.0,15258,18703,0,3858,9.90,9.99,9.57,9.16,9,252.1,1400
  2144.0,15266,18695,0,3858,9.49,9.99,9.25,9.15,9,254.9,1400
  2145.0,15275,18686,0,3858,11.86,9.99,8.67,9.15,9,256.9,1400
  2146.0,15282,18679,0,3862,11.81,9.99,10.79,9.16,9,260.0,1400
  2147.0,15289,18672,0,3862,13.42,9.99,9.72,9.15,9,262.3,1400
  2148.0,15294,18667,0,3862,10.76,9.99,7.87,9.15,9,265.0,1400
  2149.0,15301,18660,0,3866,11.72,9.99,11.43,9.15,9,236.1,1400
  2150.0,15310,18651,0,3869,14.93,9.99,12.78,9.15,9,239.1,1400
  2151.0,15317,18644,0,3873,12.64,9.99,13.29,9.16,9,240.1,1400
  2152.0,15321,18640,0,3876,11.05,9.99,10.32,9.15,9,242.6,1400
  2153.0,15329,18632,0,3880,13.53,9.99,11.59,9.16,9,245.4,1400
  2154.0,15337,18624,0,3884,11.95,9.99,13.11,9.16,9,249.7,1400
  2155.0,15345,18616,0,3884,11.42,9.99,10.44,9.16,9,251.8,1400
  2156.0,15353,18608,0,3888,13.65,9.99,12.48,9.16,9,253.1,1400
  2157.0,15361,18600,0,3892,12.13,9.99,13.31,9.16,9,256.2,1400
  2158.0,15369,18592,0,3892,12.19,9.99,11.14,9.16,9,259.1,1400
  2159.0,15373,18588,0,3892,10.31,9.99,7.54,9.16,9,262.1,1400
  2160.0,15381,18580,0,3892,11.03,9.99,8.07,9.16,9,265.1,1400
  2161.0,15385,18576,0,3895,10.06,9.99,9.20,9.15,9,267.4,1400
  2162.0,15396,18565,0,3895,15.58,9.99,9.92,9.16,9,238.2,1400
  2163.0,15400,18561,0,3899,10.83,9.99,10.04,9.16,9,240.4,1400
  2164.0,15406,18555,0,3903,8.97,9.99,9.78,9.16,9,241.3,1400
  2165.0,15414,18547,0,3903,9.67,9.99,9.09,9.16,9,243.5,1400
  2166.0,15422,18539,0,3907,13.27,9.99,12.13,9.16,9,246.5,1400
  2167.0,15430,18531,0,3907,11.57,9.99,10.57,9.16,9,249.2,1400
  2168.0,15436,18525,0,3907,11.10,9.99,8.12,9.15,9,251.8,1400
  2169.0,15444,18517,0,3915,10.65,9.99,12.24,9.16,9,254.0,1400
  2170.0,15448,18513,0,3919,8.40,9.99,12.30,9.16,9,256.4,1400
  2171.0,15460,18501,0,3923,11.72,9.99,12.85,9.16,9,260.2,1400
  2172.0,15468,18493,0,3927,14.31,9.99,14.65,9.16,9,263.5,1400
  2173.0,15476,18485,0,3931,12.51,9.99,13.73,9.16,9,266.8,1400
  2174.0,15480,18481,0,3934,9.47,9.99,10.97,9.16,9,237.2,1400
  2175.0,15488,18473,0,3938,9.70,9.99,11.22,9.16,9,238.2,1400
  2176.0,15495,18466,0,3938,10.71,9.99,9.93,9.16,9,240.0,1400
  2177.0,15503,18458,0,3942,12.74,9.99,11.80,9.16,9,243.6,1400
  2178.0,15509,18452,0,3942,10.10,9.99,9.49,9.16,9,246.0,1400
  2179.0,15516,18445,0,3946,10.86,9.99,10.39,9.16,9,249.0,1400
  2180.0,15523,18438,0,3950,10.52,9.99,12.09,9.16,9,250.6,1400
  2181.0,15531,18430,0,3954,10.56,9.99,11.84,9.17,9,253.9,1400
  2182.0,15538,18423,0,3958,11.53,9.99,12.94,9.17,9,256.8,1400
  2183.0,15542,18419,0,3961,8.49,9.99,10.16,9.17,9,259.4,1400
  2184.0,15553,18408,0,3961,14.82,9.99,10.12,9.17,9,262.2,1400
  2185.0,15561,18400,0,3965,13.13,9.99,11.63,9.17,9,265.6,1400
  2186.0,15569,18392,0,3965,14.43,9.99,10.41,9.17,9,268.0,1400
  2187.0,15569,18392,0,3967,7.15,9.99,6.54,9.16,9,237.3,1400
  2188.0,15577,18384,0,3967,11.16,9.99,6.44,9.16,9,238.5,1400
  2189.0,15581,18380,0,3971,8.29,9.98,8.08,9.16,9,240.7,1400
  2190.0,15589,18372,0,3975,13.09,9.99,11.51,9.16,9,244.1,1400
  2191.0,15597,18364,0,3978,11.89,9.98,12.50,9.16,9,247.1,1400
  2192.0,15605,18356,0,3978,11.59,9.99,10.07,9.16,9,249.1,1400
  2193.0,15611,18350,0,3978,11.97,9.98,8.76,9.16,9,251.6,1400
  2194.0,15615,18346,0,3982,7.63,9.98,7.81,9.16,9,253.8,1400
  2195.0,15626,18335,0,3982,11.01,9.98,10.20,9.16,9,256.8,1400
  2196.0,15635,18326,0,3985,14.20,9.99,11.94,9.16,9,260.9,1400
  2197.0,15643,18318,0,3989,11.70,9.99,12.08,9.17,9,263.9,1400
  2198.0,15648,18313,0,3989,11.50,9.98,8.83,9.16,9,265.7,1400
  2199.0,15652,18309,0,3989,7.97,9.98,5.83,9.16,9,236.3,1400
  2200.0,15660,18301,0,3995,9.82,9.98,10.78,9.16,9,239.1,1400
  2201.0,15664,18297,0,3999,9.85,9.98,11.07,9.16,9,240.4,1400
  2202.0,15672,18289,0,4002,9.44,9.98,10.93,9.16,9,243.3,1400
  2203.0,15679,18282,0,4002,10.28,9.98,9.02,9.16,9,245.7,1400
  2204.0,15681,18280,0,4006,7.23,9.98,7.64,9.16,9,248.2,1400
  2205.0,15689,18272,0,4009,9.68,9.98,8.77,9.16,9,250.7,1400
  2206.0,15701,18260,0,4009,14.61,9.98,12.29,9.16,9,254.1,1400
  2207.0,15705,18256,0,4016,12.80,9.98,13.46,9.16,9,256.8,1400
  2208.0,15712,18249,0,4016,10.41,9.98,10.01,9.16,9,260.0,1400
  2209.0,15720,18241,0,4019,11.42,9.98,10.02,9.16,9,263.2,1400
  2210.0,15727,18234,0,4019,10.37,9.98,9.10,9.16,9,265.8,1400
  2211.0,15734,18227,0,4023,10.67,9.98,10.03,9.16,9,268.0,1400
  2212.0,15741,18220,0,4027,13.01,9.98,11.22,9.16,9,239.1,1400
  2213.0,15749,18212,0,4031,11.66,9.98,13.08,9.17,9,240.1,1400
  2214.0,15757,18204,0,4035,12.15,9.98,13.33,9.17,9,241.3,1400
  2215.0,15765,18196,0,4039,16.07,9.98,13.71,9.17,9,244.7,1400
  2216.0,15769,18192,0,4043,9.46,9.98,11.53,9.17,9,247.1,1400
  2217.0,15777,18184,0,4047,11.51,9.98,10.75,9.17,9,249.9,1400
  2218.0,15789,18172,0,4047,14.23,9.98,12.49,9.17,9,253.3,1400
  2219.0,15796,18165,0,4051,14.90,9.98,13.20,9.17,9,256.1,1400
  2220.0,15800,18161,0,4059,10.82,9.98,12.78,9.17,9,259.8,1400
  2221.0,15808,18153,0,4063,11.20,9.98,14.08,9.17,9,262.5,1400
  2222.0,15816,18145,0,4067,12.07,9.98,13.24,9.18,9,264.6,1400
  2223.0,15824,18137,0,4071,12.43,9.98,13.64,9.18,9,267.9,1400
  2224.0,15832,18129,0,4075,12.10,9.98,13.27,9.18,9,239.8,1400
  2225.0,15832,18129,0,4075,6.26,9.98,6.86,9.17,9,241.2,1400
  2226.0,15832,18129,0,4075,0.00,9.98,0.00,9.17,9,243.6,1400
  2227.0,15839,18122,0,4075,13.67,9.97,10.00,9.17,9,246.6,1400
  2228.0,15845,18116,0,4075,10.45,9.97,7.65,9.17,9,247.9,1400
  2229.0,15850,18111,0,4075,8.31,9.97,6.08,9.17,9,250.5,1400
  2230.0,15855,18106,0,4075,6.91,9.97,5.06,9.16,9,253.9,1400
  2231.0,15863,18098,0,4079,11.05,9.97,10.57,9.16,9,256.9,1400
  2232.0,15870,18091,0,4079,11.37,9.97,10.53,9.16,9,258.8,1400
  2233.0,15877,18084,0,4079,11.48,9.97,8.39,9.16,9,261.0,1400
  2234.0,15885,18076,0,4079,12.76,9.97,9.33,9.16,9,263.9,1400
  2235.0,15890,18071,0,4079,9.79,9.97,7.16,9.16,9,266.1,1400
  2236.0,15896,18065,0,4079,7.78,9.97,5.69,9.16,9,268.7,1400
  2237.0,15908,18053,0,4079,14.22,9.97,10.40,9.16,9,239.9,1400
  2238.0,15920,18041,0,4079,17.39,9.97,12.72,9.16,9,240.4,1400
  2239.0,15927,18034,0,4079,14.30,9.97,10.46,9.16,9,242.3,1400
  2240.0,15939,18022,0,4079,15.10,9.97,11.05,9.16,9,245.8,1400
  2241.0,15946,18015,0,4079,13.01,9.98,9.52,9.16,9,249.0,1400
  2242.0,15957,18004,0,4079,13.14,9.98,9.61,9.16,9,250.5,1400
  2243.0,15969,17992,0,4079,15.91,9.98,11.64,9.16,9,253.2,1400
  2244.0,15980,17981,0,4079,15.88,9.98,11.62,9.16,9,256.2,1400
  2245.0,15987,17974,0,4079,14.42,9.98,10.54,9.16,9,260.2,1400
  2246.0,15995,17966,0,4079,13.22,9.98,9.67,9.16,9,262.5,1400
  2247.0,16000,17961,0,4079,10.33,9.98,7.55,9.16,9,265.2,1400
  2248.0,16005,17956,0,4079,7.45,9.98,5.45,9.16,9,267.6,1400
  2249.0,16010,17951,0,4079,7.71,9.98,5.64,9.16,9,237.4,1400
  2250.0,16011,17950,0,4079,4.74,9.98,3.46,9.15,9,240.6,1400
  2251.0,16021,17940,0,4079,9.31,9.98,6.81,9.15,9,239.9,1400
  2252.0,16028,17933,0,4083,11.98,9.97,10.82,9.15,9,242.7,1400
  2253.0,16034,17927,0,4083,12.07,9.97,8.92,9.15,9,245.4,1400
  2254.0,16041,17920,0,4083,11.98,9.97,8.76,9.15,9,247.9,1400
  2255.0,16052,17909,0,4083,14.39,9.98,10.53,9.15,9,251.0,1400
  2256.0,16059,17902,0,4083,12.84,9.98,9.39,9.15,9,254.0,1400
  2257.0,16070,17891,0,4083,14.06,9.98,10.29,9.15,9,256.6,1400
  2258.0,16078,17883,0,4083,14.16,9.98,10.36,9.15,9,259.2,1400
  2259.0,16089,17872,0,4083,16.36,9.98,11.96,9.15,9,262.2,1400
  2260.0,16093,17868,0,4083,10.36,9.98,7.58,9.15,9,264.7,1400
  2261.0,16100,17861,0,4083,9.02,9.98,6.59,9.15,9,267.2,1400
  2262.0,16108,17853,0,4083,10.45,9.98,7.65,9.15,9,240.1,1400
  2263.0,16114,17847,0,4083,11.31,9.98,8.27,9.15,9,239.0,1400
  2264.0,16126,17835,0,4083,14.40,9.98,10.53,9.15,9,242.7,1400
  2265.0,16132,17829,0,4083,12.67,9.98,9.27,9.15,9,244.9,1400
  2266.0,16140,17821,0,4083,11.66,9.98,8.53,9.15,9,248.1,1400
  2267.0,16144,17817,0,4083,9.43,9.98,6.90,9.14,9,249.2,1400
  2268.0,16152,17809,0,4083,10.08,9.98,7.37,9.14,9,251.9,1400
  2269.0,16160,17801,0,4083,12.94,9.98,9.46,9.14,9,254.9,1400
  2270.0,16172,17789,0,4083,16.36,9.98,11.97,9.14,9,257.7,1400
  2271.0,16180,17781,0,4083,13.82,9.98,10.11,9.14,9,260.2,1400
  2272.0,16192,17769,0,4083,15.07,9.99,11.02,9.15,9,264.0,1400
  2273.0,16200,17761,0,4083,14.22,9.99,10.40,9.14,9,266.2,1400
  2274.0,16208,17753,0,4083,12.88,9.99,9.42,9.14,9,268.7,1400
  2275.0,16215,17746,0,4083,10.79,9.99,7.89,9.14,9,239.8,1400
  2276.0,16222,17739,0,4083,9.68,9.99,7.08,9.14,9,240.3,1400
  2277.0,16233,17728,0,4083,13.17,9.99,9.63,9.14,9,243.1,1400
  2278.0,16244,17717,0,4083,15.34,9.99,11.22,9.14,9,246.0,1400
  2279.0,16252,17709,0,4083,14.14,9.99,10.34,9.14,9,249.0,1400
  2280.0,16260,17701,0,4083,13.08,9.99,9.57,9.14,9,252.1,1400
  2281.0,16272,17689,0,4083,14.88,9.99,10.88,9.14,9,254.2,1400
  2282.0,16280,17681,0,4083,13.89,10.00,10.16,9.14,9,258.4,1400
  2283.0,16292,17669,0,4083,16.03,10.00,11.72,9.15,9,261.4,1400
  2284.0,16299,17662,0,4083,14.73,10.00,10.78,9.14,9,263.2,1400
  2285.0,16305,17656,0,4083,9.72,10.00,7.11,9.14,9,266.5,1400
  2286.0,16312,17649,0,4083,10.96,10.00,8.01,9.14,9,268.5,1400
  2287.0,16319,17642,0,4083,9.85,10.00,7.21,9.14,9,239.4,1400
  2288.0,16327,17634,0,4083,11.11,10.00,8.13,9.14,9,241.7,1400
  2289.0,16333,17628,0,4083,9.86,10.00,7.21,9.14,9,241.1,1400
  2290.0,16343,17618,0,4083,11.01,10.00,8.05,9.14,9,244.7,1400
  2291.0,16355,17606,0,4083,15.06,10.00,11.02,9.14,9,247.8,1400
  2292.0,16362,17599,0,4083,15.16,10.00,11.09,9.14,9,250.6,1400
  2293.0,16369,17592,0,4083,12.15,10.00,8.89,9.14,9,253.2,1400
  2294.0,16376,17585,0,4083,11.10,10.00,8.12,9.14,9,255.5,1400
  2295.0,16384,17577,0,4083,14.31,10.00,10.46,9.14,9,258.0,1400
  2296.0,16392,17569,0,4083,14.09,10.00,10.30,9.14,9,260.3,1400
  2297.0,16400,17561,0,4083,12.84,10.00,9.36,9.14,9,263.3,1400
  2298.0,16412,17549,0,4083,13.87,10.00,10.14,9.14,9,267.1,1400
  2299.0,16419,17542,0,4083,13.01,10.00,9.51,9.14,9,272.6,1400
  2300.0,16419,17542,0,4083,5.33,10.00,3.90,9.13,9,242.0,1400
  2301.0,16419,17542,0,4083,0.00,10.00,0.00,9.13,9,241.9,1400
  2302.0,16419,17542,0,4083,0.00,10.00,0.00,9.12,9,246.6,1400
  2303.0,16419,17542,0,4083,0.00,10.00,0.00,9.12,9,248.9,1400
  2304.0,16427,17534,0,4087,11.70,9.99,12.83,9.12,9,250.9,1400
  2305.0,16431,17530,0,4093,8.48,9.99,11.37,9.12,9,253.6,1400
  2306.0,16435,17526,0,4097,8.11,9.99,10.93,9.12,9,256.3,1400
  2307.0,16446,17515,0,4097,12.13,9.99,11.24,9.12,9,260.3,1400
  2308.0,16450,17511,0,4101,10.45,9.98,9.68,9.12,9,262.2,1400
  2309.0,16457,17504,0,4101,13.48,9.98,9.68,9.12,9,264.5,1400
  2310.0,16465,17496,0,4105,12.31,9.99,11.40,9.12,9,268.4,1400
  2311.0,16471,17490,0,4105,9.96,9.98,9.37,9.12,9,270.6,1400
  2312.0,16477,17484,0,4105,9.15,9.98,6.69,9.12,9,239.2,1400
  2313.0,16485,17476,0,4109,10.87,9.98,10.22,9.12,9,240.2,1400
  2314.0,16493,17468,0,4113,11.43,9.98,12.55,9.12,9,243.2,1400
  2315.0,16501,17460,0,4113,11.00,9.98,10.06,9.12,9,246.3,1400
  2316.0,16505,17456,0,4114,9.69,9.98,7.68,9.12,9,248.4,1400
  2317.0,16512,17449,0,4118,8.00,9.98,8.52,9.12,9,250.9,1400
  2318.0,16516,17445,0,4122,7.78,9.98,9.82,9.12,9,254.2,1400
  2319.0,16528,17433,0,4122,12.40,9.98,11.34,9.12,9,256.6,1400
  2320.0,16535,17426,0,4122,14.44,9.98,10.56,9.12,9,259.4,1400
  2321.0,16539,17422,0,4124,9.80,9.98,8.47,9.12,9,262.2,1400
  2322.0,16543,17418,0,4128,6.75,9.98,8.64,9.12,9,265.0,1400
  2323.0,16551,17410,0,4132,9.34,9.98,11.39,9.12,9,268.1,1400
  2324.0,16561,17400,0,4132,12.52,9.98,11.19,9.12,9,271.1,1400
  2325.0,16564,17397,0,4136,8.95,9.98,8.56,9.12,9,241.6,1400
  2326.0,16572,17389,0,4140,12.53,9.98,10.28,9.12,9,242.6,1400
  2327.0,16579,17382,0,4140,11.29,9.98,10.46,9.12,9,244.8,1400
  2328.0,16585,17376,0,4140,10.86,9.98,7.95,9.12,9,247.9,1400
  2329.0,16589,17372,0,4143,7.23,9.98,6.87,9.12,9,249.7,1400
  2330.0,16596,17365,0,4143,8.04,9.98,7.49,9.12,9,252.7,1400
  2331.0,16608,17353,0,4143,13.17,9.98,9.63,9.12,9,256.0,1400
  2332.0,16616,17345,0,4146,13.77,9.98,11.58,9.12,9,258.8,1400
  2333.0,16619,17342,0,4150,9.73,9.98,9.48,9.12,9,260.8,1400
  2334.0,16630,17331,0,4150,12.73,9.98,9.37,9.12,9,264.3,1400
  2335.0,16634,17327,0,4153,10.79,9.98,9.47,9.12,9,266.7,1400
  2336.0,16641,17320,0,4157,10.88,9.98,10.25,9.12,9,269.7,1400
  2337.0,16652,17309,0,4157,12.55,9.98,11.22,9.12,9,241.3,1400
  2338.0,16660,17301,0,4161,13.76,9.98,12.18,9.12,9,240.5,1400
  2339.0,16663,17298,0,4165,11.00,9.98,11.49,9.12,9,243.1,1400
  2340.0,16671,17290,0,4165,13.01,9.98,9.12,9.12,9,247.1,1400
  2341.0,16679,17282,0,4169,13.25,9.98,12.11,9.12,9,248.4,1400
  2342.0,16687,17274,0,4169,11.85,9.98,10.83,9.12,9,250.9,1400
  2343.0,16694,17267,0,4173,11.59,9.98,10.73,9.12,9,254.8,1400
  2344.0,16702,17259,0,4173,13.06,9.98,9.94,9.12,9,257.7,1400
  2345.0,16706,17255,0,4177,10.56,9.98,10.30,9.12,9,259.5,1400
  2346.0,16714,17247,0,4177,9.67,9.98,9.43,9.12,9,262.7,1400
  2347.0,16721,17240,0,4177,11.19,9.98,8.19,9.12,9,264.8,1400
  2348.0,16733,17228,0,4177,14.50,9.98,10.61,9.12,9,269.9,1400
  2349.0,16736,17225,0,4179,11.21,9.98,9.29,9.12,9,240.0,1400
  2350.0,16743,17218,0,4179,8.58,9.98,7.53,9.12,9,242.0,1400
  2351.0,16751,17210,0,4179,12.88,9.98,9.42,9.12,9,242.7,1400
  2352.0,16755,17206,0,4181,8.60,9.98,7.34,9.11,9,245.2,1400
  2353.0,16763,17198,0,4185,8.63,9.97,9.45,9.12,9,248.0,1400
  2354.0,16765,17196,0,4187,7.02,9.97,8.22,9.11,9,250.8,1400
  2355.0,16777,17184,0,4191,15.11,9.97,10.86,9.12,9,253.8,1400
  2356.0,16781,17180,0,4199,11.48,9.97,14.69,9.12,9,256.0,1400
  2357.0,16788,17173,0,4199,10.60,9.97,11.27,9.12,9,259.3,1400
  2358.0,16796,17165,0,4203,12.02,9.97,11.14,9.12,9,261.1,1400
  2359.0,16804,17157,0,4211,12.20,9.97,15.62,9.12,9,264.3,1400
  2360.0,16812,17149,0,4211,11.40,9.97,12.51,9.12,9,267.7,1400
  2361.0,16820,17141,0,4215,13.91,9.97,12.71,9.12,9,271.1,1400
  2362.0,16827,17134,0,4219,11.57,9.97,12.97,9.12,9,241.5,1400
  2363.0,16830,17131,0,4222,7.63,9.97,9.49,9.12,9,241.5,1400
  2364.0,16841,17120,0,4222,11.29,9.97,10.02,9.12,9,244.0,1400
  2365.0,16845,17116,0,4230,11.01,9.97,12.35,9.12,9,246.2,1400
  2366.0,16856,17105,0,4234,13.13,9.97,14.48,9.13,9,249.6,1400
  2367.0,16859,17102,0,4238,10.11,9.97,11.62,9.13,9,252.9,1400
  2368.0,16867,17094,0,4242,11.62,9.97,10.73,9.13,9,256.1,1400
  2369.0,16875,17086,0,4242,11.22,9.97,10.26,9.13,9,258.9,1400
  2370.0,16883,17078,0,4246,13.84,9.97,12.65,9.13,9,261.4,1400
  2371.0,16891,17070,0,4246,12.21,9.97,11.16,9.13,9,263.7,1400
  2372.0,16895,17066,0,4250,9.72,9.97,9.48,9.13,9,266.5,1400
  2373.0,16906,17055,0,4250,15.64,9.97,10.46,9.13,9,269.5,1400
  2374.0,16909,17052,0,4254,9.95,9.97,9.36,9.13,9,239.6,1400
  2375.0,16916,17045,0,4254,9.10,9.97,7.32,9.13,9,240.1,1400
  2376.0,16923,17038,0,4254,9.87,9.97,7.22,9.12,9,242.5,1400
  2377.0,16931,17030,0,4258,10.73,9.97,9.94,9.13,9,245.4,1400
  2378.0,16939,17022,0,4258,11.63,9.97,10.63,9.12,9,249.1,1400
  2379.0,16943,17018,0,4258,8.32,9.97,6.08,9.12,9,250.7,1400
  2380.0,16951,17010,0,4262,12.36,9.97,12.06,9.12,9,253.4,1400
  2381.0,16959,17002,0,4266,11.46,9.97,12.58,9.13,9,257.4,1400
  2382.0,16964,16997,0,4267,9.23,9.97,9.35,9.12,9,259.8,1400
  2383.0,16968,16993,0,4271,7.55,9.97,8.59,9.12,9,262.1,1400
  2384.0,16979,16982,0,4271,11.54,9.97,10.69,9.12,9,265.8,1400
  2385.0,16983,16978,0,4273,10.35,9.97,8.58,9.12,9,268.1,1400
  2386.0,16987,16974,0,4277,6.70,9.97,8.58,9.12,9,270.0,1400
  2387.0,16995,16966,0,4281,9.51,9.97,11.59,9.12,9,241.9,1400
  2388.0,17002,16959,0,4281,11.19,9.97,10.37,9.12,9,241.4,1400
  2389.0,17010,16951,0,4284,11.79,9.96,10.35,9.12,9,244.8,1400
  2390.0,17017,16944,0,4284,10.42,9.96,9.14,9.12,9,247.2,1400
  2391.0,17025,16936,0,4288,12.21,9.97,11.31,9.12,9,249.9,1400
  2392.0,17033,16928,0,4292,13.13,9.97,14.41,9.13,9,253.2,1400
  2393.0,17041,16920,0,4296,12.64,9.97,13.87,9.13,9,254.9,1400
  2394.0,17049,16912,0,4300,12.61,9.97,13.83,9.13,9,258.3,1400
  2395.0,17054,16907,0,4300,10.62,9.96,10.16,9.13,9,260.8,1400
  2396.0,17059,16902,0,4302,8.41,9.96,7.38,9.12,9,263.4,1400
  2397.0,17066,16895,0,4302,9.25,9.96,7.90,9.12,9,265.9,1400
  2398.0,17074,16887,0,4306,10.70,9.97,9.92,9.13,9,269.5,1400
  2399.0,17082,16879,0,4310,11.95,9.97,13.11,9.13,9,239.9,1400
  2400.0,17090,16871,0,4310,11.53,9.97,10.54,9.13,9,242.1,1400
  2401.0,17097,16864,0,4314,12.83,9.97,11.88,9.13,9,243.2,1400
  2402.0,17105,16856,0,4314,11.31,9.97,10.47,9.13,9,245.6,1400
  2403.0,17112,16849,0,4317,12.07,9.96,10.59,9.13,9,248.2,1400
  2404.0,17123,16838,0,4317,12.39,9.97,10.57,9.13,9,251.3,1400
  2405.0,17127,16834,0,4321,12.36,9.97,11.45,9.13,9,254.5,1400
  2406.0,17131,16830,0,4325,9.03,9.97,10.11,9.13,9,256.8,1400
  2407.0,17142,16819,0,4325,10.93,9.97,10.13,9.13,9,260.0,1400
  2408.0,17150,16811,0,4329,14.23,9.97,12.60,9.13,9,263.1,1400
  2409.0,17157,16804,0,4333,11.51,9.96,12.91,9.13,9,266.2,1400
  2410.0,17165,16796,0,4333,11.16,9.97,10.34,9.13,9,269.0,1400
  2411.0,17169,16792,0,4337,9.61,9.96,9.37,9.13,9,271.7,1400
  2412.0,17180,16781,0,4337,14.53,9.97,10.25,9.13,9,240.8,1400
  2413.0,17188,16773,0,4340,13.37,9.97,11.32,9.13,9,241.3,1400
  2414.0,17190,16771,0,4344,9.29,9.96,9.25,9.13,9,244.3,1400
  2415.0,17196,16765,0,4344,8.29,9.96,6.58,9.13,9,248.4,1400
  2416.0,17204,16757,0,4348,10.63,9.96,9.99,9.13,9,251.0,1400
  2417.0,17208,16753,0,4352,8.50,9.96,10.36,9.13,9,253.7,1400
  2418.0,17216,16745,0,4352,12.50,9.96,9.25,9.13,9,256.1,1400
  2419.0,17224,16737,0,4356,12.23,9.96,11.18,9.13,9,258.0,1400
  2420.0,17231,16730,0,4356,11.56,9.96,10.71,9.13,9,260.7,1400
  2421.0,17240,16721,0,4358,12.13,9.96,9.98,9.13,9,263.8,1400
  2422.0,17247,16714,0,4362,11.37,9.96,11.43,9.13,9,266.7,1400
  2423.0,17251,16710,0,4365,8.32,9.96,9.96,9.13,9,269.4,1400
  2424.0,17262,16699,0,4365,12.05,9.96,10.58,9.13,9,240.4,1400
  2425.0,17266,16695,0,4369,10.60,9.96,9.82,9.13,9,242.1,1400
  2426.0,17272,16689,0,4369,11.06,9.96,8.47,9.13,9,242.6,1400
  2427.0,17280,16681,0,4372,10.81,9.96,9.60,9.13,9,245.6,1400
  2428.0,17288,16673,0,4376,11.17,9.96,11.74,9.13,9,249.5,1400
  2429.0,17294,16667,0,4376,9.98,9.96,9.39,9.13,9,251.5,1400
  2430.0,17301,16660,0,4376,10.80,9.96,7.90,9.13,9,254.0,1400
  2431.0,17310,16651,0,4379,12.41,9.96,10.78,9.13,9,257.7,1400
  2432.0,17318,16643,0,4382,12.02,9.96,11.90,9.13,9,260.6,1400
  2433.0,17325,16636,0,4386,11.23,9.96,12.05,9.13,9,263.5,1400
  2434.0,17329,16632,0,4390,10.70,9.96,10.32,9.13,9,266.4,1400
  2435.0,17341,16620,0,4394,13.07,9.96,14.34,9.13,9,268.1,1400
  2436.0,17344,16617,0,4398,10.28,9.96,11.53,9.13,9,270.7,1400
  2437.0,17351,16610,0,4402,10.06,9.96,9.38,9.13,9,241.7,1400
  2438.0,17363,16598,0,4402,13.52,9.96,11.97,9.13,9,242.4,1400
  2439.0,17367,16594,0,4409,11.81,9.96,12.42,9.13,9,245.6,1400
  2440.0,17371,16590,0,4409,6.73,9.96,8.00,9.13,9,253.1,1400
  2441.0,17371,16590,0,4409,3.08,9.96,2.26,9.13,9,253.8,1400
  2442.0,17379,16582,0,4413,18.76,9.96,20.58,9.13,9,256.0,1400
  2443.0,17385,16576,0,4413,12.09,9.95,11.37,9.13,9,257.4,1400
  2444.0,17396,16565,0,4413,13.93,9.96,10.19,9.13,9,261.0,1400
  2445.0,17403,16558,0,4413,13.98,9.96,10.23,9.13,9,263.2,1400
  2446.0,17414,16547,0,4413,15.33,9.96,11.21,9.13,9,266.1,1400
  2447.0,17421,16540,0,4413,13.34,9.96,9.76,9.13,9,268.6,1400
  2448.0,17431,16530,0,4413,13.87,9.96,10.14,9.13,9,271.9,1400
  2449.0,17438,16523,0,4413,12.39,9.96,9.06,9.13,9,241.1,1400
  2450.0,17446,16515,0,4417,12.01,9.96,11.13,9.13,9,241.4,1400
  2451.0,17458,16503,0,4417,14.38,9.96,12.62,9.13,9,244.8,1400
  2452.0,17464,16497,0,4417,12.51,9.96,9.15,9.13,9,247.1,1400
  2453.0,17474,16487,0,4417,11.96,9.96,8.75,9.13,9,250.0,1400
  2454.0,17482,16479,0,4417,12.88,9.96,9.42,9.13,9,252.6,1400
  2455.0,17490,16471,0,4417,13.15,9.96,9.62,9.13,9,255.1,1400
  2456.0,17497,16464,0,4420,11.83,9.97,10.38,9.13,9,257.7,1400
  2457.0,17507,16454,0,4420,12.35,9.97,10.63,9.13,9,260.5,1400
  2458.0,17515,16446,0,4420,13.40,9.97,9.80,9.13,9,263.3,1400
  2459.0,17523,16438,0,4420,13.39,9.97,9.79,9.13,9,265.9,1400
  2460.0,17530,16431,0,4424,11.02,9.97,10.20,9.13,9,269.6,1400
  2461.0,17536,16425,0,4424,8.99,9.97,8.59,9.13,9,272.0,1400
  2462.0,17544,16417,0,4424,11.57,9.97,8.46,9.13,9,241.8,1400
  2463.0,17551,16410,0,4424,12.65,9.97,9.25,9.13,9,242.3,1400
  2464.0,17561,16400,0,4424,12.48,9.97,9.13,9.13,9,245.5,1400
  2465.0,17573,16388,0,4424,16.45,9.97,12.03,9.13,9,248.6,1400
  2466.0,17585,16376,0,4424,17.43,9.97,12.75,9.13,9,251.4,1400
  2467.0,17597,16364,0,4424,17.27,9.97,12.63,9.13,9,254.5,1400
  2468.0,17609,16352,0,4424,18.06,9.98,13.21,9.13,9,256.8,1400
  2469.0,17617,16344,0,4424,17.18,9.98,12.56,9.13,9,258.7,1400
  2470.0,17625,16336,0,4428,12.91,9.98,11.81,9.13,9,262.2,1400
  2471.0,17633,16328,0,4430,13.95,9.98,11.37,9.13,9,264.6,1400
  2472.0,17640,16321,0,4430,10.49,9.98,8.70,9.13,9,267.6,1400
  2473.0,17651,16310,0,4430,13.61,9.98,9.96,9.13,9,271.3,1400
  2474.0,17662,16299,0,4430,16.20,9.98,11.85,9.13,9,242.1,1400
  2475.0,17666,16295,0,4434,11.63,9.98,10.78,9.13,9,242.0,1400
  2476.0,17678,16283,0,4434,16.74,9.98,11.73,9.13,9,245.6,1400
  2477.0,17686,16275,0,4434,15.90,9.98,11.63,9.13,9,246.4,1400
  2478.0,17694,16267,0,4434,13.22,9.99,9.67,9.13,9,250.5,1400
  2479.0,17704,16257,0,4434,13.84,9.99,10.12,9.13,9,252.2,1400
  2480.0,17716,16245,0,4434,15.28,9.99,11.17,9.13,9,255.3,1400
  2481.0,17728,16233,0,4434,17.13,9.99,12.53,9.14,9,258.6,1400
  2482.0,17736,16225,0,4438,15.81,9.99,13.87,9.14,9,261.8,1400
  2483.0,17742,16219,0,4438,11.29,9.99,10.62,9.14,9,264.2,1400
  2484.0,17750,16211,0,4438,12.53,9.99,9.17,9.13,9,267.1,1400
  2485.0,17757,16204,0,4438,12.06,9.99,8.82,9.13,9,269.5,1400
  2486.0,17767,16194,0,4438,12.86,9.99,9.41,9.13,9,241.3,1400
  2487.0,17773,16188,0,4438,11.13,9.99,8.14,9.13,9,243.0,1400
  2488.0,17785,16176,0,4438,14.85,9.99,10.86,9.13,9,244.0,1400
  2489.0,17792,16169,0,4438,13.19,10.00,9.65,9.13,9,246.3,1400
  2490.0,17802,16159,0,4438,13.05,10.00,9.55,9.13,9,249.6,1400
  2491.0,17813,16148,0,4438,14.65,10.00,10.71,9.13,9,252.4,1400
  2492.0,17825,16136,0,4438,16.66,10.00,12.19,9.14,9,254.3,1400
  2493.0,17832,16129,0,4442,14.04,10.00,12.43,9.14,9,257.9,1400
  2494.0,17839,16122,0,4446,9.88,10.00,11.36,9.14,9,260.6,1400
  2495.0,17851,16110,0,4446,14.47,10.00,12.81,9.14,9,263.5,1400
  2496.0,17859,16102,0,4446,15.84,10.00,11.59,9.14,9,266.8,1400
  2497.0,17871,16090,0,4446,16.60,10.01,12.14,9.14,9,270.1,1400
  2498.0,17878,16083,0,4446,15.17,10.01,11.10,9.14,9,272.2,1400
  2499.0,17890,16071,0,4446,14.68,10.01,10.73,9.14,9,243.2,1400
  2500.0,17902,16059,0,4446,16.86,10.01,12.33,9.14,9,243.2,1400
  2501.0,17913,16048,0,4446,17.09,10.01,12.50,9.14,9,247.3,1400
  2502.0,17917,16044,0,4450,12.01,10.01,11.12,9.14,9,247.9,1400
  2503.0,17925,16036,0,4454,12.16,10.01,11.96,9.14,9,251.2,1400
  2504.0,17937,16024,0,4454,14.45,10.01,12.68,9.14,9,254.4,1400
  2505.0,17948,16013,0,4454,15.87,10.02,11.60,9.14,9,257.5,1400
  2506.0,17959,16002,0,4454,16.00,10.02,11.70,9.14,9,260.3,1400
  2507.0,17963,15998,0,4457,11.61,10.02,10.19,9.14,9,263.0,1400
  2508.0,17978,15983,0,4457,13.21,10.02,11.18,9.15,9,266.9,1400
  2509.0,17985,15976,0,4457,15.21,10.02,11.13,9.15,9,268.2,1400
  2510.0,17996,15965,0,4457,15.62,10.02,11.42,9.15,9,271.7,1400
  2511.0,18008,15953,0,4457,17.32,10.02,12.67,9.15,9,241.4,1400
  2512.0,18015,15946,0,4457,15.58,10.03,11.40,9.15,9,241.7,1400
  2513.0,18026,15935,0,4457,14.42,10.03,10.54,9.15,9,245.5,1400
  2514.0,18033,15928,0,4457,13.07,10.03,9.56,9.15,9,247.7,1400
  2515.0,18037,15924,0,4457,8.56,10.03,6.26,9.14,9,253.9,1400
  2516.0,18037,15924,0,4457,2.79,10.03,2.04,9.14,9,255.8,1400
  2517.0,18037,15924,0,4457,0.00,10.03,0.00,9.14,9,258.9,1400
  2518.0,18041,15920,0,4457,21.88,10.01,16.00,9.13,9,263.5,1400
  2519.0,18041,15920,0,4464,5.34,10.01,10.73,9.13,9,263.7,1400
  2520.0,18053,15908,0,4464,18.23,10.01,10.76,9.13,9,267.0,1400
  2521.0,18061,15900,0,4467,14.39,10.01,12.11,9.14,9,269.8,1400
  2522.0,18069,15892,0,4475,13.27,10.01,14.05,9.14,9,273.1,1400
  2523.0,18077,15884,0,4479,13.36,10.02,14.24,9.14,9,240.3,1400
  2524.0,18085,15876,0,4483,13.31,10.02,14.60,9.14,9,243.6,1400
  2525.0,18085,15876,0,4487,6.24,10.02,9.13,9.14,9,245.2,1400
  2526.0,18096,15865,0,4491,15.11,10.01,11.80,9.14,9,247.0,1400
  2527.0,18104,15857,0,4495,13.02,10.01,13.53,9.14,9,250.2,1400
  2528.0,18108,15853,0,4503,9.43,10.01,13.80,9.14,9,253.1,1400
  2529.0,18116,15845,0,4503,10.67,10.01,10.97,9.14,9,255.4,1400
  2530.0,18123,15838,0,4507,11.59,10.01,10.74,9.14,9,259.2,1400
  2531.0,18131,15830,0,4507,10.33,10.01,9.57,9.14,9,262.4,1400
  2532.0,18139,15822,0,4510,12.10,10.01,10.51,9.14,9,264.8,1400
  2533.0,18143,15818,0,4511,10.02,10.01,8.13,9.14,9,266.5,1400
  2534.0,18147,15814,0,4519,9.03,10.01,10.95,9.14,9,270.2,1400
  2535.0,18159,15802,0,4519,11.16,10.01,12.24,9.14,9,273.6,1400
  2536.0,18167,15794,0,4519,13.89,10.01,10.16,9.14,9,243.3,1400
  2537.0,18174,15787,0,4519,12.08,10.01,8.83,9.14,9,243.6,1400
  2538.0,18183,15778,0,4519,11.77,10.01,8.61,9.14,9,246.4,1400
  2539.0,18191,15770,0,4519,12.83,10.01,9.39,9.14,9,249.4,1400
  2540.0,18197,15764,0,4519,11.28,10.01,8.25,9.14,9,251.7,1400
  2541.0,18208,15753,0,4519,13.76,10.01,10.07,9.14,9,253.3,1400
  2542.0,18214,15747,0,4519,12.74,10.01,9.32,9.14,9,255.9,1400
  2543.0,18230,15731,0,4519,19.53,10.02,14.29,9.14,9,260.4,1400
  2544.0,18242,15719,0,4519,19.61,10.02,14.34,9.14,9,263.1,1400
  2545.0,18250,15711,0,4523,15.33,10.02,13.45,9.15,9,265.5,1400
  2546.0,18258,15703,0,4523,14.57,10.02,11.06,9.15,9,268.8,1400
  2547.0,18262,15699,0,4523,9.78,10.02,7.15,9.14,9,270.9,1400
  2548.0,18267,15694,0,4523,6.38,10.02,4.67,9.14,9,241.8,1400
  2549.0,18272,15689,0,4523,8.29,10.02,6.06,9.14,9,241.8,1400
  2550.0,18283,15678,0,4523,11.10,10.02,8.11,9.14,9,243.7,1400
  2551.0,18294,15667,0,4523,18.30,10.02,13.38,9.14,9,247.1,1400
  2552.0,18306,15655,0,4523,17.43,10.02,12.75,9.14,9,250.7,1400
  2553.0,18318,15643,0,4523,18.83,10.03,13.77,9.14,9,252.3,1400
  2554.0,18324,15637,0,4523,14.12,10.03,10.33,9.14,9,254.6,1400
  2555.0,18335,15626,0,4523,14.77,10.03,10.80,9.14,9,258.0,1400
  2556.0,18347,15614,0,4523,17.44,10.03,12.76,9.14,9,261.5,1400
  2557.0,18359,15602,0,4523,17.88,10.03,13.08,9.15,9,264.0,1400
  2558.0,18367,15594,0,4523,14.23,10.03,10.41,9.15,9,266.5,1400
  2559.0,18378,15583,0,4523,14.91,10.04,10.91,9.15,9,269.7,1400
  2560.0,18389,15572,0,4523,15.06,10.04,11.02,9.15,9,272.4,1400
  2561.0,18397,15564,0,4523,14.30,10.04,10.46,9.15,9,243.8,1400
  2562.0,18408,15553,0,4523,15.57,10.04,11.39,9.15,9,243.2,1400
  2563.0,18420,15541,0,4523,17.05,10.04,12.47,9.15,9,247.1,1400
  2564.0,18432,15529,0,4523,18.26,10.04,13.36,9.15,9,248.6,1400
  2565.0,18439,15522,0,4523,14.68,10.05,10.73,9.15,9,253.3,1400
  2566.0,18449,15512,0,4523,12.42,10.05,9.08,9.15,9,254.1,1400
  2567.0,18456,15505,0,4523,11.69,10.05,8.55,9.15,9,256.8,1400
  2568.0,18467,15494,0,4523,13.38,10.05,9.79,9.15,9,260.0,1400
  2569.0,18479,15482,0,4523,17.06,10.05,12.48,9.15,9,263.2,1400
  2570.0,18491,15470,0,4523,18.16,10.05,13.28,9.15,9,266.6,1400
  2571.0,18503,15458,0,4523,18.17,10.05,13.29,9.15,9,269.6,1400
  2572.0,18515,15446,0,4523,18.36,10.06,13.43,9.15,9,271.1,1400
  2573.0,18527,15434,0,4523,20.27,10.06,14.82,9.15,9,241.8,1400
  2574.0,18534,15427,0,4523,15.35,10.06,11.23,9.15,9,242.5,1400
  2575.0,18550,15411,0,4523,19.37,10.06,14.17,9.16,9,245.7,1400
  2576.0,18557,15404,0,4523,16.74,10.06,12.24,9.16,9,248.7,1400
  2577.0,18563,15398,0,4523,10.92,10.06,7.99,9.15,9,251.6,1400
  2578.0,18571,15390,0,4523,10.56,10.07,7.72,9.15,9,253.7,1400
  2579.0,18576,15385,0,4523,10.17,10.06,7.44,9.15,9,256.1,1400
  2580.0,18583,15378,0,4523,9.04,10.06,6.61,9.15,9,259.4,1400
  2581.0,18591,15370,0,4527,10.77,10.06,9.97,9.15,9,262.3,1400
  2582.0,18603,15358,0,4527,15.05,10.07,13.21,9.15,9,265.9,1400
  2583.0,18614,15347,0,4527,16.93,10.07,12.39,9.15,9,267.3,1400
  2584.0,18621,15340,0,4527,13.65,10.07,9.98,9.15,9,270.1,1400
  2585.0,18633,15328,0,4527,14.58,10.07,10.66,9.15,9,266.1,1400
  2586.0,18645,15316,0,4527,17.60,10.07,12.88,9.16,9,243.9,1400
  2587.0,18649,15312,0,4527,11.41,10.07,8.34,9.15,9,243.9,1400
  2588.0,18657,15304,0,4527,9.97,10.07,7.29,9.15,9,246.2,1400
  2589.0,18661,15300,0,4527,8.21,10.07,6.01,9.15,9,255.6,1400
  2590.0,18661,15300,0,4527,3.25,10.07,2.38,9.15,9,254.9,1400
  2591.0,18665,15296,0,4530,10.83,10.06,13.86,9.15,9,257.1,1400
  2592.0,18677,15284,0,4530,14.53,10.07,12.62,9.15,9,259.4,1400
  2593.0,18689,15272,0,4530,18.29,10.07,13.38,9.15,9,262.5,1400
  2594.0,18701,15260,0,4530,17.51,10.07,12.81,9.15,9,266.2,1400
  2595.0,18708,15253,0,4530,14.78,10.07,10.81,9.15,9,268.9,1400
  2596.0,18720,15241,0,4530,14.64,10.07,10.71,9.15,9,272.0,1400
  2597.0,18728,15233,0,4530,15.58,10.07,11.40,9.15,9,274.8,1400
  2598.0,18733,15228,0,4530,10.39,10.07,7.60,9.15,9,243.9,1400
  2599.0,18745,15216,0,4530,13.16,10.07,9.63,9.15,9,245.1,1400
  2600.0,18756,15205,0,4530,15.83,10.08,11.58,9.15,9,247.8,1400
  2601.0,18761,15200,0,4530,11.06,10.08,8.09,9.15,9,249.9,1400
  2602.0,18768,15193,0,4530,10.22,10.08,7.48,9.15,9,252.4,1400
  2603.0,18784,15177,0,4530,17.57,10.08,12.85,9.15,9,254.7,1400
  2604.0,18796,15165,0,4530,19.50,10.08,14.26,9.15,9,258.0,1400
  2605.0,18804,15157,0,4530,15.47,10.08,11.31,9.15,9,261.1,1400
  2606.0,18812,15149,0,4530,13.59,10.08,9.94,9.15,9,263.8,1400
  2607.0,18823,15138,0,4530,15.62,10.08,11.43,9.15,9,266.6,1400
  2608.0,18828,15133,0,4530,11.62,10.08,8.50,9.15,9,269.7,1400
  2609.0,18840,15121,0,4530,12.71,10.09,9.29,9.15,9,272.3,1400
  2610.0,18847,15114,0,4530,13.27,10.09,9.70,9.15,9,242.6,1400
  2611.0,18858,15103,0,4530,14.27,10.09,10.44,9.15,9,243.7,1400
  2612.0,18866,15095,0,4530,13.09,10.09,9.57,9.15,9,245.8,1400
  2613.0,18878,15083,0,4530,14.96,10.09,10.94,9.15,9,248.1,1400
  2614.0,18890,15071,0,4530,17.90,10.09,13.09,9.15,9,251.1,1400
  2615.0,18902,15059,0,4530,18.80,10.10,13.75,9.15,9,254.9,1400
  2616.0,18910,15051,0,4530,15.26,10.10,11.15,9.15,9,257.5,1400
  2617.0,18926,15035,0,4530,21.80,10.10,15.94,9.16,9,260.7,1400
  2618.0,18933,15028,0,4530,16.77,10.10,12.27,9.15,9,263.6,1400
  2619.0,18945,15016,0,4530,15.29,10.10,11.18,9.16,9,266.4,1400
  2620.0,18956,15005,0,4530,16.24,10.10,11.88,9.16,9,269.0,1400
  2621.0,18963,14998,0,4530,13.37,10.10,9.78,9.16,9,271.8,1400
  2622.0,18970,14991,0,4530,11.39,10.11,8.33,9.15,9,274.3,1400
  2623.0,18980,14981,0,4530,12.41,10.11,9.08,9.16,9,244.0,1400
  2624.0,18996,14965,0,4530,17.89,10.11,13.09,9.16,9,245.3,1400
  2625.0,19004,14957,0,4530,16.45,10.11,12.03,9.16,9,248.2,1400
  2626.0,19016,14945,0,4530,17.84,10.11,13.05,9.16,9,251.5,1400
  2627.0,19027,14934,0,4530,16.02,10.11,11.72,9.16,9,254.6,1400
  2628.0,19035,14926,0,4530,13.68,10.11,10.01,9.16,9,256.7,1400
  2629.0,19043,14918,0,4530,15.38,10.12,11.25,9.16,9,259.3,1400
  2630.0,19051,14910,0,4530,13.56,10.12,9.92,9.16,9,262.5,1400
  2631.0,19052,14909,0,4530,6.66,10.11,4.87,9.15,9,263.8,1400
  2632.0,19056,14905,0,4530,5.03,10.11,3.68,9.15,9,267.2,1400
  2633.0,19064,14897,0,4530,10.12,10.11,7.40,9.15,9,269.9,1400
  2634.0,19072,14889,0,4530,11.01,10.11,8.05,9.15,9,272.6,1400
  2635.0,19078,14883,0,4530,9.68,10.11,7.08,9.15,9,243.3,1400
  2636.0,19082,14879,0,4530,7.08,10.11,5.18,9.15,9,244.7,1400
  2637.0,19090,14871,0,4530,11.29,10.11,8.26,9.15,9,245.6,1400
  2638.0,19097,14864,0,4530,10.79,10.11,7.89,9.15,9,247.4,1400
  2639.0,19104,14857,0,4530,11.66,10.11,8.53,9.15,9,250.2,1400
  2640.0,19112,14849,0,4530,12.71,10.11,9.30,9.15,9,252.9,1400
  2641.0,19124,14837,0,4530,15.96,10.11,11.68,9.15,9,256.4,1400
  2642.0,19136,14825,0,4530,18.60,10.11,13.61,9.15,9,259.5,1400
  2643.0,19141,14820,0,4530,12.76,10.11,9.33,9.15,9,262.0,1400
  2644.0,19147,14814,0,4530,7.98,10.11,5.84,9.15,9,264.3,1400
  2645.0,19153,14808,0,4530,9.50,10.11,6.95,9.14,9,267.4,1400
  2646.0,19159,14802,0,4534,9.58,10.11,9.35,9.14,9,270.6,1400
  2647.0,19167,14794,0,4534,9.70,10.11,9.12,9.14,9,273.6,1400
  2648.0,19174,14787,0,4534,12.50,10.11,9.14,9.14,9,243.7,1400
  2649.0,19178,14783,0,4534,7.56,10.11,5.53,9.14,9,243.7,1400
  2650.0,19186,14775,0,4534,10.18,10.11,7.45,9.14,9,246.7,1400
  2651.0,19197,14764,0,4534,15.07,10.11,11.02,9.14,9,249.7,1400
  2652.0,19202,14759,0,4534,11.45,10.11,8.37,9.14,9,251.5,1400
  2653.0,19212,14749,0,4534,11.75,10.11,8.59,9.14,9,255.2,1400
  2654.0,19224,14737,0,4534,17.50,10.11,12.79,9.14,9,258.3,1400
  2655.0,19235,14726,0,4534,17.95,10.11,13.13,9.14,9,261.2,1400
  2656.0,19242,14719,0,4534,14.57,10.12,10.66,9.14,9,263.9,1400
  2657.0,19254,14707,0,4534,15.88,10.12,11.61,9.14,9,265.7,1400
  2658.0,19265,14696,0,4534,16.36,10.12,11.97,9.14,9,268.5,1400
  2659.0,19272,14689,0,4534,13.15,10.12,9.61,9.14,9,270.9,1400
  2660.0,19284,14677,0,4534,14.49,10.12,10.60,9.14,9,274.8,1400
  2661.0,19291,14670,0,4534,14.16,10.12,10.35,9.14,9,245.3,1400
  2662.0,19303,14658,0,4534,13.97,10.12,10.22,9.14,9,246.2,1400
  2663.0,19311,14650,0,4534,14.69,10.12,10.75,9.14,9,247.6,1400
  2664.0,19319,14642,0,4534,13.51,10.13,9.88,9.14,9,250.7,1400
  2665.0,19331,14630,0,4534,15.67,10.13,11.46,9.14,9,253.3,1400
  2666.0,19338,14623,0,4534,13.72,10.13,10.03,9.14,9,258.0,1400
  2667.0,19338,14623,0,4534,6.40,10.13,4.68,9.14,9,261.8,1400
  2668.0,19338,14623,0,4534,0.00,10.13,0.00,9.14,9,265.7,1400
  2669.0,19338,14623,0,4534,0.00,10.13,0.00,9.13,9,266.4,1400
  2670.0,19342,14619,0,4538,15.71,10.11,22.99,9.13,9,271.4,1400
  2671.0,19354,14607,0,4538,16.23,10.12,14.84,9.13,9,272.0,1400
  2672.0,19358,14603,0,4541,13.08,10.12,11.36,9.13,9,273.4,1400
  2673.0,19370,14591,0,4541,12.23,10.12,10.62,9.13,9,244.0,1400
  2674.0,19380,14581,0,4541,15.75,10.12,11.52,9.13,9,244.6,1400
  2675.0,19386,14575,0,4541,12.27,10.12,8.97,9.13,9,248.4,1400
  2676.0,19398,14563,0,4541,17.05,10.12,12.47,9.13,9,251.5,1400
  2677.0,19408,14553,0,4541,16.10,10.12,11.78,9.13,9,254.7,1400
  2678.0,19415,14546,0,4541,12.62,10.12,9.23,9.13,9,256.7,1400
  2679.0,19426,14535,0,4541,16.38,10.12,11.98,9.13,9,257.8,1400
  2680.0,19438,14523,0,4541,16.91,10.12,12.37,9.13,9,261.5,1400
  2681.0,19450,14511,0,4541,17.73,10.13,12.97,9.14,9,264.0,1400
  2682.0,19457,14504,0,4541,13.69,10.13,10.01,9.14,9,266.6,1400
  2683.0,19461,14500,0,4541,8.77,10.13,6.41,9.13,9,269.5,1400
  2684.0,19465,14496,0,4541,5.75,10.12,4.20,9.13,9,272.1,1400
  2685.0,19476,14485,0,4541,11.76,10.12,8.60,9.13,9,273.6,1400
  2686.0,19482,14479,0,4541,13.47,10.12,9.85,9.13,9,244.8,1400
  2687.0,19494,14467,0,4541,16.40,10.13,11.99,9.13,9,246.0,1400
  2688.0,19500,14461,0,4541,13.08,10.13,9.56,9.13,9,248.6,1400
  2689.0,19515,14446,0,4541,16.19,10.13,11.84,9.13,9,251.8,1400
  2690.0,19522,14439,0,4541,15.52,10.13,11.35,9.13,9,254.5,1400
  2691.0,19530,14431,0,4541,11.87,10.13,8.68,9.13,9,257.3,1400
  2692.0,19541,14420,0,4541,13.64,10.13,9.98,9.13,9,260.4,1400
  2693.0,19553,14408,0,4541,16.17,10.13,11.83,9.13,9,263.3,1400
  2694.0,19565,14396,0,4541,16.95,10.14,12.40,9.13,9,266.4,1400
  2695.0,19573,14388,0,4541,14.60,10.14,10.68,9.13,9,269.0,1400
  2696.0,19585,14376,0,4541,16.91,10.14,12.37,9.14,9,270.5,1400
  2697.0,19589,14372,0,4541,11.92,10.14,8.72,9.13,9,274.2,1400
  2698.0,19596,14365,0,4541,8.40,10.14,6.15,9.13,9,244.9,1400
  2699.0,19604,14357,0,4541,11.61,10.14,8.49,9.13,9,246.8,1400
  2700.0,19620,14341,0,4541,17.08,10.14,12.49,9.13,9,247.0,1400
  2701.0,19627,14334,0,4541,15.84,10.14,11.59,9.13,9,250.1,1400
  2702.0,19639,14322,0,4541,15.06,10.14,11.01,9.13,9,253.1,1400
  2703.0,19650,14311,0,4541,15.93,10.15,11.65,9.14,9,255.8,1400
  2704.0,19662,14299,0,4541,16.39,10.15,11.99,9.14,9,259.5,1400
  2705.0,19669,14292,0,4541,14.13,10.15,10.33,9.14,9,262.0,1400
  2706.0,19681,14280,0,4541,13.66,10.15,9.99,9.14,9,263.8,1400
  2707.0,19692,14269,0,4541,15.94,10.15,11.66,9.14,9,266.8,1400
  2708.0,19702,14259,0,4541,15.22,10.15,11.13,9.14,9,270.1,1400
  2709.0,19708,14253,0,4541,12.20,10.15,8.92,9.14,9,272.6,1400
  2710.0,19717,14244,0,4541,12.99,10.15,9.50,9.14,9,245.6,1400
  2711.0,19725,14236,0,4541,11.97,10.16,8.76,9.14,9,246.5,1400
  2712.0,19735,14226,0,4541,14.27,10.16,10.44,9.14,9,246.0,1400
  2713.0,19741,14220,0,4541,11.74,10.15,8.59,9.14,9,248.4,1400
  2714.0,19753,14208,0,4541,16.07,10.16,11.75,9.14,9,251.6,1400
  2715.0,19765,14196,0,4541,17.56,10.16,12.84,9.14,9,255.0,1400
  2716.0,19777,14184,0,4541,18.14,10.16,13.27,9.14,9,258.5,1400
  2717.0,19785,14176,0,4541,15.55,10.16,11.37,9.14,9,261.2,1400
  2718.0,19797,14164,0,4541,15.87,10.16,11.60,9.14,9,263.1,1400
  2719.0,19807,14154,0,4541,16.22,10.17,11.87,9.14,9,265.6,1400
  2720.0,19815,14146,0,4541,12.49,10.17,9.14,9.14,9,268.5,1400
  2721.0,19827,14134,0,4541,16.92,10.17,12.38,9.14,9,272.2,1400
  2722.0,19839,14122,0,4541,17.04,10.17,12.46,9.14,9,275.3,1400
  2723.0,19850,14111,0,4541,15.76,10.17,11.53,9.14,9,246.0,1400
  2724.0,19858,14103,0,4541,13.28,10.17,9.71,9.14,9,246.6,1400
  2725.0,19862,14099,0,4541,9.15,10.17,6.69,9.14,9,253.0,1400
  2726.0,19862,14099,0,4541,2.80,10.17,2.05,9.14,9,254.5,1400
  2727.0,19870,14091,0,4543,15.11,10.17,13.81,9.14,9,254.0,1400
  2728.0,19877,14084,0,4543,11.90,10.17,9.86,9.14,9,257.3,1400
  2729.0,19885,14076,0,4543,12.29,10.17,8.99,9.14,9,259.6,1400
  2730.0,19894,14067,0,4543,14.48,10.17,10.59,9.14,9,262.4,1400
  2731.0,19902,14059,0,4543,13.72,10.17,10.04,9.13,9,263.7,1400
  2732.0,19912,14049,0,4543,13.62,10.17,9.96,9.14,9,266.8,1400
  2733.0,19923,14038,0,4543,14.45,10.17,10.57,9.14,9,270.2,1400
  2734.0,19929,14032,0,4543,13.24,10.17,9.69,9.13,9,273.1,1400
  2735.0,19937,14024,0,4543,10.19,10.17,7.45,9.13,9,243.8,1400
  2736.0,19946,14015,0,4543,13.04,10.17,9.54,9.13,9,244.0,1400
  2737.0,19954,14007,0,4543,12.13,10.17,8.87,9.13,9,247.2,1400
  2738.0,19966,13995,0,4543,17.09,10.17,12.50,9.13,9,250.0,1400
  2739.0,19974,13987,0,4543,15.36,10.18,11.24,9.13,9,253.1,1400
  2740.0,19985,13976,0,4543,15.11,10.18,11.05,9.14,9,254.4,1400
  2741.0,19993,13968,0,4543,14.28,10.18,10.45,9.13,9,257.2,1400
  2742.0,20005,13956,0,4543,15.34,10.18,11.22,9.14,9,260.2,1400
  2743.0,20013,13948,0,4543,13.82,10.18,10.11,9.14,9,263.7,1400
  2744.0,20022,13939,0,4543,13.24,10.18,9.69,9.14,9,266.7,1400
  2745.0,20029,13932,0,4543,11.25,10.18,8.23,9.13,9,269.3,1400
  2746.0,20037,13924,0,4543,12.10,10.18,8.85,9.13,9,272.5,1400
  2747.0,20040,13921,0,4543,8.28,10.18,6.05,9.13,9,274.4,1400
  2748.0,20052,13909,0,4543,11.46,10.18,8.38,9.13,9,245.3,1400
  2749.0,20064,13897,0,4543,18.08,10.18,13.22,9.13,9,245.4,1400
  2750.0,20070,13891,0,4543,12.68,10.18,9.27,9.13,9,248.4,1400
  2751.0,20081,13880,0,4543,13.64,10.18,9.97,9.13,9,250.3,1400
  2752.0,20089,13872,0,4543,14.49,10.19,10.60,9.13,9,253.5,1400
  2753.0,20096,13865,0,4543,11.20,10.18,8.19,9.13,9,256.3,1400
  2754.0,20108,13853,0,4543,13.40,10.19,9.80,9.13,9,259.7,1400
  2755.0,20120,13841,0,4543,16.80,10.19,12.29,9.13,9,262.5,1400
  2756.0,20130,13831,0,4543,15.40,10.19,11.26,9.13,9,263.9,1400
  2757.0,20137,13824,0,4543,12.27,10.19,8.98,9.13,9,266.9,1400
  2758.0,20145,13816,0,4543,13.06,10.19,9.55,9.13,9,269.7,1400
  2759.0,20151,13810,0,4543,10.17,10.19,7.44,9.13,9,272.5,1400
  2760.0,20167,13794,0,4543,15.34,10.19,11.22,9.13,9,275.3,1400
  2761.0,20175,13786,0,4543,17.01,10.19,12.44,9.13,9,246.1,1400
  2762.0,20180,13781,0,4543,10.82,10.19,7.92,9.13,9,246.6,1400
  2763.0,20187,13774,0,4543,9.16,10.19,6.70,9.13,9,249.7,1400
  2764.0,20195,13766,0,4543,10.42,10.19,7.62,9.13,9,252.4,1400
  2765.0,20203,13758,0,4543,11.22,10.19,8.21,9.13,9,254.5,1400
  2766.0,20214,13747,0,4543,13.13,10.19,9.61,9.13,9,257.6,1400
  2767.0,20222,13739,0,4543,14.67,10.20,10.73,9.13,9,261.0,1400
  2768.0,20234,13727,0,4543,17.06,10.20,12.48,9.13,9,263.5,1400
  2769.0,20246,13715,0,4543,17.39,10.20,12.72,9.13,9,266.8,1400
  2770.0,20253,13708,0,4543,13.74,10.20,10.05,9.13,9,269.3,1400
  2771.0,20268,13693,0,4543,16.23,10.20,11.87,9.14,9,271.8,1400
  2772.0,20276,13685,0,4543,16.18,10.20,11.83,9.13,9,275.0,1400
  2773.0,20287,13674,0,4543,15.34,10.21,11.22,9.14,9,246.3,1400
  2774.0,20293,13668,0,4543,11.76,10.20,8.60,9.13,9,245.8,1400
  2775.0,20305,13656,0,4543,15.06,10.21,11.02,9.14,9,248.6,1400
  2776.0,20310,13651,0,4543,12.54,10.21,9.17,9.13,9,251.0,1400
  2777.0,20322,13639,0,4543,13.96,10.21,10.21,9.13,9,253.7,1400
  2778.0,20334,13627,0,4543,17.52,10.21,12.81,9.14,9,257.5,1400
  2779.0,20346,13615,0,4543,17.04,10.21,12.46,9.14,9,260.9,1400
  2780.0,20352,13609,0,4543,12.42,10.21,9.08,9.14,9,262.8,1400
  2781.0,20355,13606,0,4543,7.32,10.21,5.35,9.13,9,264.9,1400
  2782.0,20367,13594,0,4543,10.59,10.21,7.74,9.13,9,267.9,1400
  2783.0,20374,13587,0,4543,15.66,10.21,11.45,9.13,9,270.6,1400
  2784.0,20380,13581,0,4543,11.69,10.21,8.55,9.13,9,273.5,1400
  2785.0,20392,13569,0,4543,13.82,10.21,10.11,9.13,9,275.2,1400
  2786.0,20399,13562,0,4543,13.99,10.21,10.23,9.13,9,244.8,1400
  2787.0,20403,13558,0,4543,7.89,10.21,5.77,9.13,9,245.6,1400
  2788.0,20413,13548,0,4543,9.65,10.21,7.06,9.13,9,248.4,1400
  2789.0,20423,13538,0,4543,14.47,10.21,10.58,9.13,9,251.7,1400
  2790.0,20431,13530,0,4543,13.02,10.21,9.52,9.13,9,254.2,1400
  2791.0,20436,13525,0,4543,9.56,10.21,6.99,9.13,9,257.1,1400
  2792.0,20448,13513,0,4543,12.13,10.21,8.87,9.13,9,259.8,1400
  2793.0,20460,13501,0,4543,17.38,10.22,12.71,9.13,9,262.8,1400
  2794.0,20471,13490,0,4543,17.33,10.22,12.68,9.13,9,266.4,1400
  2795.0,20483,13478,0,4543,18.03,10.22,13.19,9.13,9,269.8,1400
  2796.0,20489,13472,0,4543,14.03,10.22,10.26,9.13,9,271.8,1400
  2797.0,20499,13462,0,4543,12.78,10.22,9.35,9.13,9,273.8,1400
  2798.0,20505,13456,0,4543,11.69,10.22,8.55,9.13,9,245.2,1400
  2799.0,20513,13448,0,4543,11.77,10.22,8.61,9.13,9,248.5,1400
  2800.0,20523,13438,0,4543,13.83,10.22,10.12,9.13,9,248.7,1400
  2801.0,20529,13432,0,4543,11.59,10.22,8.48,9.13,9,251.3,1400
  2802.0,20539,13422,0,4543,12.92,10.22,9.45,9.13,9,253.1,1400
  2803.0,20547,13414,0,4543,13.54,10.22,9.91,9.13,9,255.6,1400
  2804.0,20556,13405,0,4543,13.00,10.22,9.51,9.13,9,258.3,1400
  2805.0,20568,13393,0,4543,14.39,10.23,10.53,9.13,9,261.8,1400
  2806.0,20576,13385,0,4543,15.49,10.23,11.33,9.13,9,264.7,1400
  2807.0,20583,13378,0,4543,12.31,10.23,9.00,9.13,9,267.3,1400
  2808.0,20589,13372,0,4543,9.95,10.23,7.28,9.13,9,270.1,1400
  2809.0,20593,13368,0,4549,7.06,10.23,8.26,9.13,9,272.9,1400
  2810.0,20593,13368,0,4561,2.95,10.23,11.85,9.13,9,276.4,1400
  2811.0,20593,13368,0,4573,0.00,10.23,13.00,9.13,9,246.9,1400
  2812.0,20593,13368,0,4589,0.00,10.23,15.11,9.13,9,248.7,1400
  2813.0,20593,13368,0,4601,0.00,10.23,15.95,9.13,9,247.5,1400
  2814.0,20593,13368,0,4601,0.00,10.23,6.10,9.13,9,247.5,1400
  2815.0,20593,13368,0,4601,0.00,10.23,0.00,9.13,9,247.6,1400
  2816.0,20593,13368,0,4601,0.00,10.23,0.00,9.13,9,247.6,1400
  2817.0,20593,13368,0,4601,0.00,10.23,0.00,9.12,9,247.6,1400
  2818.0,20593,13368,0,4601,0.00,10.23,0.00,9.12,9,247.6,1400
  2819.0,20593,13368,0,4601,0.00,10.23,0.00,9.12,9,247.6,1400
  2820.0,20593,13368,0,4601,0.00,10.23,0.00,9.11,9,247.6,1400
  2821.0,20593,13368,0,4601,0.00,10.23,0.00,9.11,9,247.6,1400
  2822.0,20593,13368,0,4601,0.00,10.23,0.00,9.11,9,247.6,1400
  2823.0,20593,13368,0,4601,0.00,10.23,0.00,9.10,9,247.6,1400
  2824.0,20593,13368,0,4601,0.00,10.23,0.00,9.10,9,247.6,1400
  2825.0,20593,13368,0,4601,0.00,10.23,0.00,9.10,9,247.6,1400
  2826.0,20593,13368,0,4601,0.00,10.23,0.00,9.09,9,247.6,1400
  2827.0,20593,13368,0,4601,0.00,10.23,0.00,9.09,9,247.6,1400
  2828.0,20593,13368,0,4601,0.00,10.23,0.00,9.09,9,247.6,1400
  2829.0,20593,13368,0,4601,0.00,10.23,0.00,9.08,9,247.6,1400
  2830.0,20593,13368,0,4601,0.00,10.23,0.00,9.08,9,247.6,1400
  2831.0,20593,13368,0,4601,0.00,10.23,0.00,9.08,9,247.6,1400
  2832.0,20593,13368,0,4601,0.00,10.23,0.00,9.07,9,247.6,1400
  2833.0,20593,13368,0,4601,0.00,10.23,0.00,9.07,9,247.6,1400
  2834.0,20593,13368,0,4601,0.00,10.23,0.00,9.07,9,247.6,1400
  2835.0,20593,13368,0,4601,0.00,10.23,0.00,9.06,9,241.8,1400
  2836.0,20593,13368,0,4601,0.00,10.23,0.00,9.06,9,226.4,1400
  2837.0,20593,13368,0,4601,0.00,10.23,0.00,9.06,9,212.3,1400
  2838.0,20593,13368,0,4601,0.00,10.23,0.00,9.05,9,212.3,1400
  2839.0,20593,13368,0,4601,0.00,10.23,0.00,9.05,9,205.6,1400
  2840.0,20593,13368,0,4601,0.00,10.23,0.00,9.05,9,187.3,1400
  2841.0,20593,13368,0,4601,0.00,10.23,0.00,9.04,9,185.9,1400
  2842.0,20593,13368,0,4601,0.00,10.23,0.00,9.04,9,167.9,1400
  2843.0,20593,13368,0,4601,0.00,10.23,0.00,9.04,9,167.8,1400
  2844.0,20593,13368,0,4601,0.00,10.23,0.00,9.03,9,167.8,1400
  2845.0,20593,13368,0,4601,0.00,10.23,0.00,9.03,9,167.8,1400
  2846.0,20593,13368,0,4601,0.00,10.23,0.00,9.03,9,167.8,1400
  2847.0,20593,13368,0,4601,0.00,10.23,0.00,9.02,9,167.8,1400
  2848.0,20593,13368,0,4601,0.00,10.23,0.00,9.02,9,167.6,1400
  2849.0,20593,13368,0,4601,0.00,10.23,0.00,9.02,9,167.6,1400
  2850.0,20593,13368,0,4601,0.00,10.23,0.00,9.01,9,167.6,1400
  2851.0,20593,13368,0,4601,0.00,10.23,0.00,9.01,9,186.4,1400
  2852.0,20593,13368,0,4602,0.00,10.23,3.46,9.01,9,189.7,1400
  2853.0,20593,13368,0,4607,0.00,10.23,4.65,9.01,9,189.6,1400
  2854.0,20593,13368,0,4623,0.00,10.23,11.01,9.01,9,193.4,1400
  2855.0,20593,13368,0,4635,0.00,10.23,14.21,9.01,9,196.5,1400
  2856.0,20593,13368,0,4647,0.00,10.23,13.27,9.01,9,200.8,1400
  2857.0,20593,13368,0,4653,0.00,10.23,10.06,9.01,9,203.7,1400
  2858.0,20593,13368,0,4659,0.00,10.23,7.95,9.01,9,206.6,1400
  2859.0,20593,13368,0,4660,0.00,10.23,3.62,9.01,9,209.9,1400
  2860.0,20593,13368,0,4671,0.00,10.23,8.36,9.01,9,212.1,1400
  2861.0,20593,13368,0,4682,0.00,10.23,11.83,9.01,9,215.6,1400
  2862.0,20593,13368,0,4690,0.00,10.23,10.60,9.01,9,195.3,1400
  2863.0,20593,13368,0,4701,0.00,10.23,10.93,9.01,9,195.6,1400
  2864.0,20597,13364,0,4709,21.88,10.03,11.76,9.01,9,197.7,1400
  2865.0,20609,13352,0,4709,19.31,10.03,12.79,9.01,9,201.3,1400
  2866.0,20617,13344,0,4709,15.13,10.03,11.07,9.01,9,204.1,1400
  2867.0,20629,13332,0,4709,15.98,10.03,11.69,9.01,9,207.5,1400
  2868.0,20636,13325,0,4709,13.83,10.03,10.12,9.01,9,239.9,1400
  2869.0,20644,13317,0,4709,11.53,10.03,8.44,9.01,9,242.3,1400
  2870.0,20656,13305,0,4709,14.65,10.03,10.70,9.01,9,245.4,1400
  2871.0,20664,13297,0,4709,14.48,10.03,10.59,9.01,9,248.1,1400
  2872.0,20670,13291,0,4709,11.59,10.03,8.48,9.01,9,250.9,1400
  2873.0,20678,13283,0,4709,11.06,10.03,8.09,9.01,9,253.7,1400
  2874.0,20690,13271,0,4709,14.19,10.04,10.38,9.01,9,224.4,1400
  2875.0,20702,13259,0,4709,16.52,10.04,12.08,9.01,9,225.8,1400
  2876.0,20709,13252,0,4709,14.58,10.04,10.66,9.01,9,228.6,1400
  2877.0,20721,13240,0,4709,15.55,10.04,11.37,9.01,9,230.4,1400
  2878.0,20726,13235,0,4709,12.74,10.04,9.32,9.01,9,233.6,1400
  2879.0,20727,13234,0,4709,4.74,10.04,3.46,9.01,9,234.8,1400
  2880.0,20739,13222,0,4709,13.58,10.04,9.93,9.01,9,238.1,1400
  2881.0,20747,13214,0,4709,15.01,10.04,10.98,9.01,9,241.4,1400
  2882.0,20759,13202,0,4709,15.41,10.04,11.27,9.01,9,244.3,1400
  2883.0,20765,13196,0,4709,13.17,10.04,9.64,9.01,9,246.6,1400
  2884.0,20773,13188,0,4709,11.43,10.04,8.36,9.01,9,249.9,1400
  2885.0,20784,13177,0,4709,14.38,10.04,10.51,9.01,9,253.0,1400
  2886.0,20796,13165,0,4709,16.04,10.04,11.73,9.01,9,255.4,1400
  2887.0,20804,13157,0,4709,15.35,10.04,11.23,9.01,9,226.5,1400
  2888.0,20815,13146,0,4709,14.84,10.05,10.86,9.01,9,226.6,1400
  2889.0,20822,13139,0,4709,13.56,10.05,9.92,9.01,9,229.8,1400
  2890.0,20831,13130,0,4709,11.60,10.05,8.48,9.01,9,231.5,1400
  2891.0,20837,13124,0,4709,11.26,10.05,8.23,9.01,9,235.4,1400
  2892.0,20844,13117,0,4709,10.64,10.05,7.78,9.01,9,237.7,1400
  2893.0,20851,13110,0,4709,11.47,10.05,8.39,9.01,9,239.9,1400
  2894.0,20856,13105,0,4709,9.28,10.04,6.79,9.00,9,242.7,1400
  2895.0,20865,13096,0,4709,11.28,10.04,8.25,9.00,9,245.0,1400
  2896.0,20872,13089,0,4709,10.94,10.05,8.00,9.00,9,248.0,1400
  2897.0,20879,13082,0,4709,12.71,10.05,9.30,9.00,9,250.1,1400
  2898.0,20889,13072,0,4709,12.82,10.05,9.38,9.00,9,253.7,1400
  2899.0,20897,13064,0,4709,14.18,10.05,10.37,9.00,9,224.3,1400
  2900.0,20909,13052,0,4709,17.71,10.05,12.95,9.00,9,224.8,1400
  2901.0,20920,13041,0,4709,16.82,10.05,12.30,9.01,9,228.8,1400
  2902.0,20926,13035,0,4709,12.65,10.05,9.25,9.00,9,231.1,1400
  2903.0,20934,13027,0,4709,12.21,10.05,8.93,9.00,9,233.8,1400
  2904.0,20946,13015,0,4709,16.77,10.05,12.26,9.00,9,236.2,1400
  2905.0,20958,13003,0,4709,17.04,10.05,12.46,9.01,9,240.0,1400
  2906.0,20966,12995,0,4709,15.91,10.06,11.63,9.01,9,241.2,1400
  2907.0,20977,12984,0,4709,15.35,10.06,11.23,9.01,9,244.5,1400
  2908.0,20989,12972,0,4709,17.50,10.06,12.80,9.01,9,247.2,1400
  2909.0,21001,12960,0,4709,18.38,10.06,13.45,9.01,9,250.8,1400
  2910.0,21012,12949,0,4709,18.36,10.06,13.43,9.01,9,252.6,1400
  2911.0,21020,12941,0,4709,15.96,10.06,11.67,9.01,9,255.5,1400
  2912.0,21028,12933,0,4709,12.55,10.06,9.18,9.01,9,225.6,1400
  2913.0,21038,12923,0,4709,12.80,10.06,9.36,9.01,9,227.3,1400
  2914.0,21045,12916,0,4709,12.96,10.06,9.48,9.01,9,229.9,1400
  2915.0,21053,12908,0,4709,13.60,10.07,9.95,9.01,9,233.2,1400
  2916.0,21065,12896,0,4709,16.04,10.07,11.73,9.01,9,236.8,1400
  2917.0,21071,12890,0,4709,13.05,10.07,9.54,9.01,9,238.6,1400
  2918.0,21083,12878,0,4709,14.27,10.07,10.43,9.01,9,242.1,1400
  2919.0,21093,12868,0,4709,16.86,10.07,12.33,9.01,9,243.7,1400
  2920.0,21100,12861,0,4709,12.60,10.07,9.21,9.01,9,247.5,1400
  2921.0,21111,12850,0,4709,16.54,10.07,12.10,9.01,9,249.6,1400
  2922.0,21117,12844,0,4709,13.19,10.07,9.65,9.01,9,252.0,1400
  2923.0,21129,12832,0,4709,15.10,10.07,11.04,9.01,9,254.8,1400
  2924.0,21137,12824,0,4709,14.48,10.07,10.59,9.01,9,225.5,1400
  2925.0,21147,12814,0,4709,14.00,10.07,10.24,9.01,9,229.3,1400
  2926.0,21154,12807,0,4709,11.91,10.07,8.71,9.01,9,228.4,1400
  2927.0,21165,12796,0,4709,15.84,10.08,11.58,9.01,9,232.4,1400
  2928.0,21175,12786,0,4709,15.92,10.08,11.65,9.01,9,233.9,1400
  2929.0,21182,12779,0,4709,12.52,10.08,9.16,9.01,9,236.1,1400
  2930.0,21192,12769,0,4709,13.22,10.08,9.67,9.01,9,239.0,1400
  2931.0,21200,12761,0,4709,13.40,10.08,9.80,9.01,9,242.5,1400
  2932.0,21204,12757,0,4709,9.69,10.08,7.09,9.01,9,244.5,1400
  2933.0,21216,12745,0,4709,12.54,10.08,9.17,9.01,9,247.7,1400
  2934.0,21222,12739,0,4709,13.23,10.08,9.67,9.01,9,249.8,1400
  2935.0,21233,12728,0,4709,11.83,10.08,8.65,9.01,9,253.7,1400
  2936.0,21245,12716,0,4709,16.37,10.08,11.97,9.01,9,255.0,1400
  2937.0,21257,12704,0,4709,17.30,10.08,12.65,9.01,9,227.2,1400
  2938.0,21263,12698,0,4709,13.10,10.08,9.58,9.01,9,226.5,1400
  2939.0,21275,12686,0,4709,16.28,10.09,11.90,9.01,9,230.2,1400
  2940.0,21282,12679,0,4709,14.37,10.09,10.51,9.01,9,232.7,1400
  2941.0,21288,12673,0,4709,9.81,10.09,7.17,9.01,9,235.3,1400
  2942.0,21300,12661,0,4709,13.97,10.09,10.22,9.01,9,239.1,1400
  2943.0,21312,12649,0,4709,17.44,10.09,12.76,9.01,9,241.9,1400
  2944.0,21320,12641,0,4709,14.80,10.09,10.82,9.01,9,243.1,1400
  2945.0,21331,12630,0,4709,14.97,10.09,10.95,9.01,9,246.5,1400
  2946.0,21342,12619,0,4709,15.26,10.09,11.16,9.01,9,249.5,1400
  2947.0,21354,12607,0,4709,17.34,10.10,12.69,9.01,9,252.0,1400
  2948.0,21364,12597,0,4709,16.95,10.10,12.40,9.01,9,254.6,1400
  2949.0,21372,12589,0,4709,14.05,10.10,10.27,9.01,9,224.6,1400
  2950.0,21384,12577,0,4709,17.28,10.10,12.63,9.01,9,226.0,1400
  2951.0,21396,12565,0,4709,19.65,10.10,14.37,9.01,9,229.1,1400
  2952.0,21400,12561,0,4709,12.59,10.10,9.21,9.01,9,231.1,1400
  2953.0,21408,12553,0,4709,9.87,10.10,7.22,9.01,9,234.5,1400
  2954.0,21416,12545,0,4709,11.36,10.10,8.31,9.01,9,236.9,1400
  2955.0,21427,12534,0,4709,15.22,10.10,11.13,9.01,9,240.2,1400
  2956.0,21438,12523,0,4709,15.82,10.10,11.57,9.01,9,242.1,1400
  2957.0,21446,12515,0,4709,14.50,10.11,10.60,9.01,9,244.6,1400
  2958.0,21454,12507,0,4709,11.81,10.10,8.63,9.01,9,248.0,1400
  2959.0,21466,12495,0,4709,13.80,10.11,10.09,9.01,9,250.6,1400
  2960.0,21471,12490,0,4709,12.83,10.11,9.38,9.01,9,253.3,1400
  2961.0,21483,12478,0,4709,16.01,10.11,11.71,9.01,9,256.5,1400
  2962.0,21495,12466,0,4709,19.55,10.11,14.30,9.01,9,227.8,1400
  2963.0,21503,12458,0,4709,15.20,10.11,11.12,9.01,9,227.5,1400
  2964.0,21517,12444,0,4709,16.73,10.11,12.24,9.02,9,231.0,1400
  2965.0,21525,12436,0,4709,15.79,10.11,11.55,9.02,9,232.3,1400
  2966.0,21537,12424,0,4709,17.58,10.12,12.86,9.02,9,235.6,1400
  2967.0,21548,12413,0,4709,17.66,10.12,12.91,9.02,9,238.2,1400
  2968.0,21556,12405,0,4709,15.08,10.12,11.03,9.02,9,240.7,1400
  2969.0,21568,12393,0,4709,17.35,10.12,12.69,9.02,9,243.9,1400
  2970.0,21574,12387,0,4709,13.51,10.12,9.88,9.02,9,247.0,1400
  2971.0,21586,12375,0,4709,15.64,10.12,11.44,9.02,9,249.8,1400
  2972.0,21598,12363,0,4709,16.85,10.12,12.33,9.02,9,253.4,1400
  2973.0,21608,12353,0,4709,15.67,10.12,11.46,9.02,9,255.9,1400
  2974.0,21616,12345,0,4709,13.12,10.12,9.59,9.02,9,226.1,1400
  2975.0,21628,12333,0,4709,17.32,10.13,12.67,9.02,9,227.0,1400
  2976.0,21633,12328,0,4709,12.81,10.13,9.37,9.02,9,228.9,1400
  2977.0,21640,12321,0,4709,8.97,10.13,6.56,9.02,9,232.8,1400
  2978.0,21652,12309,0,4709,14.36,10.13,10.50,9.02,9,235.3,1400
  2979.0,21660,12301,0,4709,14.47,10.13,10.58,9.02,9,237.7,1400
  2980.0,21670,12291,0,4709,13.76,10.13,10.06,9.02,9,240.4,1400
  2981.0,21678,12283,0,4709,14.54,10.13,10.64,9.02,9,243.1,1400
  2982.0,21687,12274,0,4709,13.69,10.13,10.01,9.02,9,246.1,1400
  2983.0,21695,12266,0,4709,13.13,10.13,9.60,9.02,9,248.7,1400
  2984.0,21706,12255,0,4709,15.28,10.13,11.18,9.02,9,252.2,1400
  2985.0,21718,12243,0,4709,15.93,10.13,11.65,9.02,9,253.5,1400
  2986.0,21726,12235,0,4709,14.62,10.14,10.70,9.02,9,256.6,1400
  2987.0,21734,12227,0,4709,13.62,10.14,9.96,9.02,9,227.4,1400
  2988.0,21739,12222,0,4709,8.90,10.14,6.54,9.02,9,236.7,1400
  2989.0,21739,12222,0,4709,3.41,10.14,2.52,9.01,9,233.8,1400
  2990.0,21739,12222,0,4709,0.00,10.14,0.00,9.01,9,236.0,1400
  2991.0,21749,12212,0,4709,15.81,10.13,11.56,9.01,9,237.2,1400
  2992.0,21756,12205,0,4709,12.46,10.13,9.12,9.01,9,240.2,1400
  2993.0,21764,12197,0,4709,13.18,10.13,9.64,9.01,9,242.5,1400
  2994.0,21768,12193,0,4709,11.22,10.13,8.21,9.01,9,246.1,1400
  2995.0,21773,12188,0,4709,7.25,10.13,5.30,9.01,9,248.5,1400
  2996.0,21788,12173,0,4709,15.36,10.13,11.24,9.01,9,251.7,1400
  2997.0,21796,12165,0,4709,15.87,10.13,11.61,9.01,9,253.0,1400
  2998.0,21808,12153,0,4709,15.86,10.13,11.60,9.01,9,255.9,1400
  2999.0,21820,12141,0,4709,16.66,10.13,12.18,9.01,9,227.4,1400
  3000.0,21828,12133,0,4709,14.52,10.13,10.62,9.01,9,228.4,1400
  3001.0,21840,12121,0,4709,15.93,10.14,11.64,9.01,9,231.3,1400
  3002.0,21852,12109,0,4709,16.88,10.14,12.35,9.01,9,234.2,1400
  3003.0,21863,12098,0,4709,17.34,10.14,12.69,9.01,9,236.8,1400
  3004.0,21871,12090,0,4709,14.80,10.14,10.83,9.01,9,239.0,1400
  3005.0,21879,12082,0,4709,12.71,10.14,9.30,9.01,9,241.7,1400
  3006.0,21890,12071,0,4709,15.40,10.14,11.26,9.01,9,245.0,1400
  3007.0,21902,12059,0,4709,16.92,10.14,12.37,9.01,9,248.4,1400
  3008.0,21914,12047,0,4709,19.01,10.15,13.90,9.02,9,250.4,1400
  3009.0,21922,12039,0,4709,16.31,10.15,11.93,9.02,9,253.1,1400
  3010.0,21933,12028,0,4709,14.63,10.15,10.70,9.02,9,256.3,1400
  3011.0,21945,12016,0,4709,16.45,10.15,12.03,9.02,9,227.2,1400
  3012.0,21957,12004,0,4709,17.05,10.15,12.47,9.02,9,229.7,1400
  3013.0,21963,11998,0,4709,12.82,10.15,9.38,9.02,9,230.7,1400
  3014.0,21969,11992,0,4709,10.84,10.15,7.93,9.02,9,234.0,1400
  3015.0,21981,11980,0,4709,17.23,10.15,12.61,9.02,9,236.1,1400
  3016.0,21987,11974,0,4709,12.92,10.15,9.45,9.02,9,238.4,1400
  3017.0,21994,11967,0,4709,11.50,10.15,8.41,9.02,9,241.5,1400
  3018.0,22000,11961,0,4709,10.36,10.15,7.58,9.01,9,244.3,1400
  3019.0,22012,11949,0,4709,15.66,10.15,11.46,9.02,9,246.6,1400
  3020.0,22018,11943,0,4709,12.67,10.15,9.27,9.01,9,248.9,1400
  3021.0,22027,11934,0,4709,10.87,10.15,7.95,9.01,9,251.7,1400
  3022.0,22039,11922,0,4709,14.57,10.16,10.65,9.02,9,255.6,1400
  3023.0,22051,11910,0,4709,19.71,10.16,14.41,9.02,9,257.7,1400
  3024.0,22063,11898,0,4709,17.68,10.16,12.93,9.02,9,228.7,1400
  3025.0,22070,11891,0,4709,14.19,10.16,10.37,9.02,9,228.7,1400
  3026.0,22075,11886,0,4709,9.19,10.16,6.72,9.02,9,232.6,1400
  3027.0,22076,11885,0,4709,4.47,10.16,3.27,9.01,9,234.5,1400
  3028.0,22080,11881,0,4709,4.75,10.15,3.47,9.01,9,236.5,1400
  3029.0,22092,11869,0,4709,12.49,10.16,9.13,9.01,9,239.5,1400
  3030.0,22100,11861,0,4709,15.56,10.16,11.38,9.01,9,241.6,1400
  3031.0,22112,11849,0,4709,18.16,10.16,13.28,9.01,9,244.9,1400
  3032.0,22124,11837,0,4709,17.00,10.16,12.44,9.01,9,248.0,1400
  3033.0,22134,11827,0,4709,16.14,10.16,11.80,9.01,9,251.2,1400
  3034.0,22142,11819,0,4709,13.48,10.16,9.86,9.01,9,254.5,1400
  3035.0,22153,11808,0,4709,15.94,10.16,11.66,9.01,9,256.2,1400
  3036.0,22160,11801,0,4709,12.68,10.16,9.27,9.01,9,227.3,1400
  3037.0,22171,11790,0,4709,13.86,10.17,10.14,9.01,9,228.4,1400
  3038.0,22183,11778,0,4709,17.09,10.17,12.50,9.02,9,231.5,1400
  3039.0,22189,11772,0,4709,13.10,10.17,9.58,9.01,9,234.9,1400
  3040.0,22190,11771,0,4710,4.89,10.16,4.08,9.01,9,236.4,1400
  3041.0,22193,11768,0,4715,4.15,10.16,7.59,9.01,9,238.4,1400
  3042.0,22198,11763,0,4718,5.90,10.16,8.63,9.01,9,241.6,1400
  3043.0,22200,11761,0,4721,4.90,10.16,6.66,9.01,9,245.1,1400
  3044.0,22202,11759,0,4722,3.67,10.16,5.37,9.01,9,246.2,1400
  3045.0,22208,11753,0,4723,7.47,10.16,6.83,9.01,9,249.0,1400
  3046.0,22208,11753,0,4725,4.53,10.16,4.97,9.00,9,252.4,1400
  3047.0,22220,11741,0,4725,17.53,10.15,9.97,9.01,9,254.1,1400
  3048.0,22223,11738,0,4729,10.59,10.15,9.81,9.01,9,257.0,1400
  3049.0,22227,11734,0,4733,5.76,10.15,9.03,9.00,9,229.5,1400
  3050.0,22228,11733,0,4736,4.23,10.15,7.42,9.00,9,230.7,1400
  3051.0,22234,11727,0,4736,6.38,10.15,6.66,9.00,9,231.3,1400
  3052.0,22237,11724,0,4736,6.80,10.15,4.97,9.00,9,232.7,1400
  3053.0,22244,11717,0,4736,10.25,10.14,7.50,9.00,9,236.7,1400
  3054.0,22246,11715,0,4742,6.59,10.14,8.03,9.00,9,239.3,1400
  3055.0,22247,11714,0,4743,2.55,10.14,6.22,9.00,9,242.0,1400
  3056.0,22248,11713,0,4744,2.23,10.14,3.26,8.99,9,243.5,1400
  3057.0,22253,11708,0,4747,5.82,10.14,7.09,8.99,9,246.3,1400
  3058.0,22255,11706,0,4747,4.90,10.13,5.12,8.99,9,249.4,1400
  3059.0,22261,11700,0,4752,6.72,10.13,7.99,8.99,9,252.4,1400
  3060.0,22262,11699,0,4752,4.80,10.13,6.02,8.99,9,254.7,1400
  3061.0,22266,11695,0,4752,6.25,10.13,4.57,8.99,9,255.8,1400
  3062.0,22270,11691,0,4753,6.63,10.13,5.46,8.99,9,228.9,1400
  3063.0,22272,11689,0,4753,4.88,10.12,4.17,8.98,9,230.4,1400
  3064.0,22275,11686,0,4756,5.02,10.12,5.88,8.98,9,230.8,1400
  3065.0,22284,11677,0,4758,11.61,10.12,9.91,8.98,9,234.0,1400
  3066.0,22292,11669,0,4758,11.83,10.12,9.67,8.98,9,236.5,1400
  3067.0,22301,11660,0,4758,12.61,10.12,9.22,8.98,9,238.5,1400
  3068.0,22313,11648,0,4758,14.43,10.13,10.55,8.98,9,242.0,1400
  3069.0,22328,11633,0,4758,18.70,10.13,13.68,8.99,9,245.5,1400
  3070.0,22340,11621,0,4758,19.15,10.13,14.00,8.99,9,247.5,1400
  3071.0,22348,11613,0,4758,15.72,10.13,11.50,8.99,9,250.1,1400
  3072.0,22360,11601,0,4758,16.15,10.13,11.81,8.99,9,253.2,1400
  3073.0,22368,11593,0,4758,15.42,10.13,11.28,8.99,9,256.2,1400
  3074.0,22373,11588,0,4758,10.80,10.13,7.90,8.99,9,258.6,1400
  3075.0,22385,11576,0,4758,15.93,10.13,11.65,8.99,9,230.2,1400
  3076.0,22390,11571,0,4758,13.25,10.13,9.69,8.99,9,230.8,1400
  3077.0,22397,11564,0,4758,11.95,10.13,8.74,8.99,9,233.4,1400
  3078.0,22413,11548,0,4758,18.37,10.14,13.43,8.99,9,237.0,1400
  3079.0,22424,11537,0,4758,19.69,10.14,14.40,8.99,9,238.6,1400
  3080.0,22432,11529,0,4758,14.84,10.14,10.85,8.99,9,241.4,1400
  3081.0,22444,11517,0,4758,16.88,10.14,12.35,8.99,9,244.8,1400
  3082.0,22455,11506,0,4758,16.18,10.14,11.84,8.99,9,248.0,1400
  3083.0,22467,11494,0,4758,17.47,10.14,12.77,8.99,9,249.7,1400
  3084.0,22479,11482,0,4758,18.79,10.15,13.75,8.99,9,253.0,1400
  3085.0,22491,11470,0,4758,20.04,10.15,14.66,8.99,9,256.3,1400
  3086.0,22498,11463,0,4758,14.82,10.15,10.84,8.99,9,259.7,1400
  3087.0,22510,11451,0,4758,16.73,10.15,12.23,8.99,9,230.8,1400
  3088.0,22521,11440,0,4758,17.16,10.15,12.55,8.99,9,229.5,1400
  3089.0,22527,11434,0,4758,13.54,10.15,9.90,8.99,9,232.8,1400
  3090.0,22539,11422,0,4758,13.86,10.15,10.14,8.99,9,235.1,1400
  3091.0,22547,11414,0,4758,15.35,10.15,11.23,8.99,9,238.2,1400
  3092.0,22554,11407,0,4758,12.23,10.15,8.94,8.99,9,241.8,1400
  3093.0,22563,11398,0,4758,11.26,10.15,8.23,8.99,9,243.8,1400
  3094.0,22575,11386,0,4758,15.75,10.16,11.52,8.99,9,247.4,1400
  3095.0,22583,11378,0,4758,16.31,10.16,11.93,8.99,9,250.4,1400
  3096.0,22595,11366,0,4758,16.47,10.16,12.05,8.99,9,252.4,1400
  3097.0,22607,11354,0,4758,17.96,10.16,13.14,9.00,9,255.6,1400
  3098.0,22618,11343,0,4758,17.89,10.16,13.08,9.00,9,258.4,1400
  3099.0,22624,11337,0,4758,13.43,10.16,9.82,9.00,9,229.2,1400
  3100.0,22631,11330,0,4758,10.26,10.16,7.50,8.99,9,229.8,1400
  3101.0,22643,11318,0,4758,15.98,10.16,11.69,9.00,9,232.8,1400
  3102.0,22654,11307,0,4758,16.52,10.17,12.09,9.00,9,235.8,1400
  3103.0,22666,11295,0,4758,15.79,10.17,11.55,9.00,9,237.5,1400
  3104.0,22678,11283,0,4758,16.51,10.17,12.07,9.00,9,241.6,1400
  3105.0,22690,11271,0,4758,17.72,10.17,12.96,9.00,9,244.4,1400
  3106.0,22702,11259,0,4758,18.38,10.17,13.45,9.00,9,246.8,1400
  3107.0,22710,11251,0,4758,14.99,10.17,10.96,9.00,9,250.3,1400
  3108.0,22722,11239,0,4758,15.94,10.18,11.66,9.00,9,251.1,1400
  3109.0,22734,11227,0,4758,16.82,10.18,12.30,9.00,9,255.1,1400
  3110.0,22745,11216,0,4758,17.82,10.18,13.03,9.00,9,258.9,1400
  3111.0,22753,11208,0,4758,14.49,10.18,10.60,9.00,9,228.5,1400
  3112.0,22756,11205,0,4758,8.70,10.18,6.37,9.00,9,230.1,1400
  3113.0,22762,11199,0,4758,7.60,10.18,5.55,9.00,9,232.0,1400
  3114.0,22773,11188,0,4758,16.60,10.18,12.14,9.00,9,234.4,1400
  3115.0,22785,11176,0,4758,17.57,10.18,12.85,9.00,9,236.2,1400
  3116.0,22793,11168,0,4758,15.70,10.18,11.48,9.00,9,238.6,1400
  3117.0,22805,11156,0,4758,16.10,10.18,11.78,9.00,9,242.5,1400
  3118.0,22812,11149,0,4758,14.00,10.18,10.24,9.00,9,245.0,1400
  3119.0,22822,11139,0,4758,12.65,10.18,9.25,9.00,9,248.4,1400
  3120.0,22829,11132,0,4758,12.95,10.18,9.47,9.00,9,251.6,1400
  3121.0,22841,11120,0,4758,15.27,10.19,11.17,9.00,9,252.7,1400
  3122.0,22843,11118,0,4758,10.41,10.18,7.62,9.00,9,257.2,1400
  3123.0,22846,11115,0,4758,4.53,10.18,3.31,9.00,9,258.8,1400
  3124.0,22852,11109,0,4758,6.93,10.18,5.07,9.00,9,229.6,1400
  3125.0,22864,11097,0,4758,16.76,10.18,12.26,9.00,9,230.9,1400
  3126.0,22872,11089,0,4758,15.04,10.18,11.00,9.00,9,233.6,1400
  3127.0,22884,11077,0,4758,15.87,10.19,11.61,9.00,9,235.4,1400
  3128.0,22892,11069,0,4758,13.87,10.19,10.14,9.00,9,239.2,1400
  3129.0,22901,11060,0,4758,12.44,10.19,9.10,9.00,9,242.2,1400
  3130.0,22913,11048,0,4758,16.41,10.19,12.00,9.00,9,243.9,1400
  3131.0,22925,11036,0,4758,18.59,10.19,13.60,9.00,9,247.0,1400
  3132.0,22933,11028,0,4758,15.46,10.19,11.31,9.00,9,250.1,1400
  3133.0,22945,11016,0,4758,16.03,10.19,11.72,9.00,9,253.5,1400
  3134.0,22951,11010,0,4758,12.49,10.19,9.13,9.00,9,255.8,1400
  3135.0,22962,10999,0,4758,11.90,10.19,8.70,9.00,9,259.0,1400
  3136.0,22974,10987,0,4758,16.98,10.19,12.42,9.00,9,228.9,1400
  3137.0,22986,10975,0,4758,19.03,10.20,13.92,9.00,9,229.3,1400
  3138.0,22992,10969,0,4758,14.13,10.20,10.33,9.00,9,233.3,1400
  3139.0,23004,10957,0,4758,13.97,10.20,10.22,9.00,9,235.4,1400
  3140.0,23016,10945,0,4758,17.00,10.20,12.44,9.00,9,237.8,1400
  3141.0,23028,10933,0,4758,16.66,10.20,12.19,9.00,9,241.0,1400
  3142.0,23040,10921,0,4758,17.32,10.20,12.66,9.00,9,243.8,1400
  3143.0,23052,10909,0,4758,19.04,10.21,13.93,9.01,9,247.1,1400
  3144.0,23060,10901,0,4758,16.47,10.21,12.05,9.01,9,250.1,1400
  3145.0,23069,10892,0,4758,13.47,10.21,9.86,9.01,9,253.2,1400
  3146.0,23077,10884,0,4758,14.07,10.21,10.29,9.01,9,256.3,1400
  3147.0,23089,10872,0,4758,16.54,10.21,12.10,9.01,9,257.2,1400
  3148.0,23105,10856,0,4758,20.61,10.21,15.08,9.01,9,229.5,1400
  3149.0,23117,10844,0,4758,19.65,10.22,14.37,9.01,9,232.4,1400
  3150.0,23129,10832,0,4758,18.72,10.22,13.69,9.01,9,232.5,1400
  3151.0,23141,10820,0,4758,17.60,10.22,12.88,9.01,9,235.4,1400
  3152.0,23148,10813,0,4758,14.38,10.22,10.52,9.01,9,238.4,1400
  3153.0,23159,10802,0,4758,14.14,10.22,10.34,9.01,9,240.9,1400
  3154.0,23171,10790,0,4758,16.24,10.22,11.88,9.01,9,244.8,1400
  3155.0,23183,10778,0,4758,18.04,10.22,13.19,9.01,9,246.6,1400
  3156.0,23191,10770,0,4758,16.06,10.23,11.74,9.01,9,249.5,1400
  3157.0,23198,10763,0,4758,11.07,10.23,8.09,9.01,9,252.4,1400
  3158.0,23208,10753,0,4758,11.83,10.23,8.65,9.01,9,255.6,1400
  3159.0,23220,10741,0,4758,16.06,10.23,11.74,9.01,9,258.7,1400
  3160.0,23232,10729,0,4758,17.86,10.23,13.06,9.01,9,261.8,1400
  3161.0,23237,10724,0,4758,12.89,10.23,9.43,9.01,9,232.0,1400
  3162.0,23249,10712,0,4758,12.38,10.23,9.05,9.01,9,231.3,1400
  3163.0,23257,10704,0,4758,15.49,10.23,11.33,9.01,9,235.1,1400
  3164.0,23269,10692,0,4758,17.34,10.23,12.68,9.01,9,236.5,1400
  3165.0,23280,10681,0,4758,16.89,10.23,12.35,9.02,9,239.5,1400
  3166.0,23292,10669,0,4758,18.11,10.24,13.25,9.02,9,243.1,1400
  3167.0,23298,10663,0,4758,14.33,10.24,10.48,9.02,9,245.7,1400
  3168.0,23305,10656,0,4758,12.57,10.24,9.19,9.01,9,248.1,1400
  3169.0,23316,10645,0,4758,15.86,10.24,11.60,9.02,9,250.9,1400
  3170.0,23323,10638,0,4758,12.50,10.24,9.15,9.01,9,253.7,1400
  3171.0,23331,10630,0,4758,11.41,10.24,8.35,9.01,9,257.1,1400
  3172.0,23335,10626,0,4758,8.85,10.24,6.47,9.01,9,260.3,1400
  3173.0,23347,10614,0,4758,12.33,10.24,9.02,9.01,9,230.4,1400
  3174.0,23359,10602,0,4758,16.91,10.24,12.37,9.01,9,229.8,1400
  3175.0,23371,10590,0,4758,18.32,10.24,13.40,9.02,9,232.8,1400
  3176.0,23387,10574,0,4758,20.23,10.25,14.80,9.02,9,237.1,1400
  3177.0,23398,10563,0,4758,19.09,10.25,13.96,9.02,9,239.7,1400
  3178.0,23410,10551,0,4758,19.32,10.25,14.13,9.02,9,241.5,1400
  3179.0,23416,10545,0,4758,15.70,10.25,11.49,9.02,9,244.7,1400
  3180.0,23428,10533,0,4758,14.12,10.25,10.33,9.02,9,248.3,1400
  3181.0,23438,10523,0,4758,16.74,10.25,12.24,9.02,9,250.6,1400
  3182.0,23450,10511,0,4758,19.32,10.25,14.13,9.02,9,252.6,1400
  3183.0,23462,10499,0,4758,19.04,10.26,13.93,9.02,9,255.8,1400
  3184.0,23474,10487,0,4758,17.95,10.26,13.13,9.02,9,260.0,1400
  3185.0,23486,10475,0,4758,18.72,10.26,13.69,9.02,9,229.7,1400
  3186.0,23496,10465,0,4758,16.08,10.26,11.75,9.02,9,230.7,1400
  3187.0,23504,10457,0,4758,13.41,10.26,9.81,9.02,9,233.6,1400
  3188.0,23516,10445,0,4758,15.83,10.26,11.58,9.02,9,235.5,1400
  3189.0,23523,10438,0,4758,13.88,10.26,10.15,9.02,9,239.3,1400
  3190.0,23532,10429,0,4758,12.23,10.26,8.95,9.02,9,242.0,1400
  3191.0,23544,10417,0,4758,15.02,10.27,10.99,9.02,9,243.5,1400
  3192.0,23555,10406,0,4758,16.79,10.27,12.28,9.03,9,247.1,1400
  3193.0,23563,10398,0,4758,13.45,10.27,9.83,9.03,9,249.6,1400
  3194.0,23574,10387,0,4758,17.03,10.27,12.46,9.03,9,252.6,1400
  3195.0,23582,10379,0,4758,13.65,10.27,9.98,9.03,9,255.4,1400
  3196.0,23586,10375,0,4758,9.11,10.27,6.67,9.02,9,257.8,1400
  3197.0,23592,10369,0,4758,7.84,10.27,5.73,9.02,9,260.9,1400
  3198.0,23604,10357,0,4758,15.72,10.27,11.50,9.02,9,231.9,1400
  3199.0,23614,10347,0,4758,15.82,10.27,11.57,9.02,9,231.4,1400
  3200.0,23620,10341,0,4758,12.54,10.27,9.17,9.02,9,233.4,1400
  3201.0,23631,10330,0,4758,14.93,10.27,10.92,9.02,9,236.5,1400
  3202.0,23639,10322,0,4758,14.13,10.27,10.33,9.02,9,239.6,1400
  3203.0,23649,10312,0,4758,13.35,10.27,9.76,9.02,9,242.0,1400
  3204.0,23657,10304,0,4758,12.57,10.27,9.19,9.02,9,245.1,1400
  3205.0,23669,10292,0,4758,17.44,10.27,12.76,9.02,9,248.4,1400
  3206.0,23681,10280,0,4758,17.98,10.28,13.15,9.03,9,251.1,1400
  3207.0,23693,10268,0,4758,16.74,10.28,12.24,9.03,9,253.2,1400
  3208.0,23701,10260,0,4758,16.59,10.28,12.14,9.03,9,257.2,1400
  3209.0,23713,10248,0,4758,17.35,10.28,12.69,9.03,9,260.1,1400
  3210.0,23725,10236,0,4758,18.78,10.28,13.74,9.03,9,230.7,1400
  3211.0,23733,10228,0,4758,16.12,10.28,11.79,9.03,9,232.3,1400
  3212.0,23745,10216,0,4758,16.02,10.28,11.72,9.03,9,234.1,1400
  3213.0,23757,10204,0,4758,17.48,10.29,12.79,9.03,9,236.8,1400
  3214.0,23769,10192,0,4758,16.48,10.29,12.05,9.03,9,239.9,1400
  3215.0,23781,10180,0,4758,19.09,10.29,13.96,9.03,9,242.4,1400
  3216.0,23786,10175,0,4758,12.74,10.29,9.32,9.03,9,246.4,1400
  3217.0,23794,10167,0,4758,10.40,10.29,7.61,9.03,9,249.0,1400
  3218.0,23803,10158,0,4758,13.01,10.29,9.51,9.03,9,250.5,1400
  3219.0,23814,10147,0,4758,15.11,10.29,11.05,9.03,9,254.0,1400
  3220.0,23826,10135,0,4758,17.36,10.29,12.70,9.03,9,256.9,1400
  3221.0,23833,10128,0,4758,15.28,10.29,11.18,9.03,9,259.4,1400
  3222.0,23845,10116,0,4758,14.79,10.29,10.82,9.03,9,230.9,1400
  3223.0,23857,10104,0,4758,16.63,10.30,12.16,9.03,9,232.3,1400
  3224.0,23869,10092,0,4758,17.06,10.30,12.48,9.03,9,233.3,1400
  3225.0,23881,10080,0,4758,17.45,10.30,12.77,9.03,9,237.8,1400
  3226.0,23887,10074,0,4758,12.82,10.30,9.38,9.03,9,239.6,1400
  3227.0,23899,10062,0,4758,12.89,10.30,9.42,9.03,9,242.6,1400
  3228.0,23911,10050,0,4758,17.70,10.30,12.94,9.04,9,244.8,1400
  3229.0,23919,10042,0,4758,15.83,10.30,11.58,9.04,9,247.5,1400
  3230.0,23931,10030,0,4758,16.29,10.31,11.91,9.04,9,250.7,1400
  3231.0,23939,10022,0,4758,14.74,10.31,10.78,9.04,9,253.1,1400
  3232.0,23949,10012,0,4758,13.58,10.31,9.93,9.04,9,256.4,1400
  3233.0,23961,10000,0,4758,15.54,10.31,11.37,9.04,9,259.6,1400
  3234.0,23969,9992,0,4758,14.94,10.31,10.93,9.04,9,260.8,1400
  3235.0,23981,9980,0,4758,16.78,10.31,12.27,9.04,9,232.7,1400
  3236.0,23993,9968,0,4758,17.47,10.31,12.77,9.04,9,232.7,1400
  3237.0,24004,9957,0,4758,17.92,10.31,13.11,9.04,9,236.2,1400
  3238.0,24016,9945,0,4758,17.23,10.32,12.60,9.04,9,238.0,1400
  3239.0,24028,9933,0,4758,18.80,10.32,13.75,9.04,9,241.2,1400
  3240.0,24034,9927,0,4758,13.54,10.32,9.90,9.04,9,243.6,1400
  3241.0,24046,9915,0,4758,15.66,10.32,11.46,9.04,9,247.1,1400
  3242.0,24057,9904,0,4758,17.62,10.32,12.89,9.04,9,250.6,1400
  3243.0,24062,9899,0,4758,12.97,10.32,9.49,9.04,9,253.6,1400
  3244.0,24070,9891,0,4758,10.38,10.32,7.59,9.04,9,255.8,1400
  3245.0,24081,9880,0,4758,15.28,10.32,11.18,9.04,9,257.8,1400
  3246.0,24093,9868,0,4758,16.44,10.32,12.02,9.04,9,261.1,1400
  3247.0,24097,9864,0,4758,11.16,10.32,8.16,9.04,9,230.8,1400
  3248.0,24103,9858,0,4758,7.60,10.32,5.56,9.04,9,232.1,1400
  3249.0,24119,9842,0,4758,15.74,10.32,11.51,9.04,9,233.8,1400
  3250.0,24125,9836,0,4758,15.24,10.32,11.15,9.04,9,236.7,1400
  3251.0,24137,9824,0,4758,14.31,10.33,10.47,9.04,9,239.8,1400
  3252.0,24149,9812,0,4758,17.64,10.33,12.90,9.04,9,243.4,1400
  3253.0,24161,9800,0,4758,17.72,10.33,12.96,9.04,9,246.6,1400
  3254.0,24169,9792,0,4758,16.68,10.33,12.20,9.04,9,249.2,1400
  3255.0,24179,9782,0,4758,15.98,10.33,11.69,9.04,9,251.2,1400
  3256.0,24184,9777,0,4758,10.98,10.33,8.03,9.04,9,253.9,1400
  3257.0,24192,9769,0,4758,12.12,10.33,8.87,9.04,9,255.6,1400
  3258.0,24200,9761,0,4758,14.72,10.33,10.77,9.04,9,258.6,1400
  3259.0,24216,9745,0,4758,20.41,10.33,14.93,9.04,9,263.8,1400
  3260.0,24228,9733,0,4758,19.25,10.34,14.08,9.04,9,232.5,1400
  3261.0,24240,9721,0,4758,18.66,10.34,13.65,9.04,9,233.8,1400
  3262.0,24248,9713,0,4758,15.48,10.34,11.32,9.04,9,237.0,1400
  3263.0,24255,9706,0,4758,11.81,10.34,8.63,9.04,9,239.4,1400
  3264.0,24265,9696,0,4758,12.69,10.34,9.28,9.04,9,242.5,1400
  3265.0,24273,9688,0,4758,13.12,10.34,9.59,9.04,9,245.2,1400
  3266.0,24277,9684,0,4758,9.10,10.34,6.66,9.04,9,247.4,1400
  3267.0,24293,9668,0,4758,14.23,10.34,10.41,9.04,9,249.9,1400
  3268.0,24305,9656,0,4758,19.46,10.34,14.23,9.05,9,252.8,1400
  3269.0,24313,9648,0,4758,15.58,10.34,11.40,9.05,9,256.6,1400
  3270.0,24324,9637,0,4758,15.59,10.34,11.40,9.05,9,258.8,1400
  3271.0,24331,9630,0,4758,13.25,10.35,9.69,9.05,9,262.2,1400
  3272.0,24342,9619,0,4758,14.36,10.35,10.50,9.05,9,232.8,1400
  3273.0,24349,9612,0,4758,12.84,10.35,9.39,9.05,9,231.4,1400
  3274.0,24357,9604,0,4758,11.94,10.35,8.73,9.04,9,233.7,1400
  3275.0,24373,9588,0,4758,19.01,10.35,13.90,9.05,9,237.9,1400
  3276.0,24377,9584,0,4758,14.09,10.35,10.30,9.05,9,241.5,1400
  3277.0,24386,9575,0,4758,10.75,10.35,7.86,9.05,9,242.7,1400
  3278.0,24398,9563,0,4758,14.64,10.35,10.71,9.05,9,246.5,1400
  3279.0,24410,9551,0,4758,17.31,10.35,12.66,9.05,9,249.4,1400
  3280.0,24422,9539,0,4758,16.78,10.35,12.28,9.05,9,251.1,1400
  3281.0,24425,9536,0,4758,11.04,10.35,8.07,9.05,9,254.6,1400
  3282.0,24439,9522,0,4758,14.76,10.35,10.79,9.05,9,258.2,1400
  3283.0,24445,9516,0,4758,13.70,10.35,10.02,9.05,9,260.8,1400
  3284.0,24453,9508,0,4758,13.10,10.35,9.58,9.05,9,231.3,1400
  3285.0,24465,9496,0,4758,15.62,10.36,11.42,9.05,9,232.6,1400
  3286.0,24473,9488,0,4758,14.74,10.36,10.78,9.05,9,235.0,1400
  3287.0,24484,9477,0,4758,16.41,10.36,12.00,9.05,9,237.0,1400
  3288.0,24492,9469,0,4758,13.11,10.36,9.59,9.05,9,239.4,1400
  3289.0,24503,9458,0,4758,14.32,10.36,10.47,9.05,9,243.1,1400
  3290.0,24515,9446,0,4758,16.39,10.36,11.99,9.05,9,245.4,1400
  3291.0,24523,9438,0,4758,14.54,10.36,10.63,9.05,9,248.8,1400
  3292.0,24532,9429,0,4758,13.29,10.36,9.72,9.05,9,251.3,1400
  3293.0,24540,9421,0,4758,12.00,10.36,8.78,9.05,9,254.6,1400
  3294.0,24549,9412,0,4758,12.82,10.36,9.38,9.05,9,255.4,1400
  3295.0,24561,9400,0,4758,15.86,10.36,11.60,9.05,9,259.3,1400
  3296.0,24572,9389,0,4758,16.99,10.37,12.43,9.05,9,262.5,1400
  3297.0,24579,9382,0,4758,13.04,10.37,9.54,9.05,9,233.3,1400
  3298.0,24589,9372,0,4758,13.83,10.37,10.12,9.05,9,233.7,1400
  3299.0,24595,9366,0,4758,11.64,10.37,8.51,9.05,9,235.9,1400
  3300.0,24607,9354,0,4758,13.20,10.37,9.65,9.05,9,239.0,1400
  3301.0,24615,9346,0,4758,15.61,10.37,11.42,9.05,9,240.9,1400
  3302.0,24627,9334,0,4758,16.31,10.37,11.93,9.05,9,243.7,1400
  3303.0,24639,9322,0,4758,17.07,10.37,12.49,9.05,9,247.2,1400
  3304.0,24651,9310,0,4758,17.09,10.37,12.50,9.05,9,249.1,1400
  3305.0,24667,9294,0,4758,19.29,10.38,14.11,9.05,9,253.4,1400
  3306.0,24675,9286,0,4758,16.71,10.38,12.22,9.05,9,256.0,1400
  3307.0,24691,9270,0,4758,19.80,10.38,14.48,9.06,9,258.7,1400
  3308.0,24699,9262,0,4758,16.62,10.38,12.16,9.06,9,261.5,1400
  3309.0,24707,9254,0,4758,12.39,10.38,9.07,9.06,9,232.2,1400
  3310.0,24709,9252,0,4758,7.01,10.38,5.13,9.05,9,233.5,1400
  3311.0,24721,9240,0,4758,10.02,10.38,7.33,9.05,9,234.8,1400
  3312.0,24729,9232,0,4758,15.23,10.38,11.14,9.05,9,237.1,1400
  3313.0,24741,9220,0,4758,15.38,10.38,11.25,9.05,9,240.7,1400
  3314.0,24749,9212,0,4758,14.47,10.38,10.58,9.05,9,243.1,1400
  3315.0,24760,9201,0,4758,16.23,10.38,11.87,9.05,9,246.7,1400
  3316.0,24771,9190,0,4758,16.14,10.39,11.80,9.06,9,249.3,1400
  3317.0,24783,9178,0,4758,19.22,10.39,14.06,9.06,9,252.7,1400
  3318.0,24794,9167,0,4758,18.77,10.39,13.73,9.06,9,255.1,1400
  3319.0,24806,9155,0,4758,17.92,10.39,13.11,9.06,9,258.2,1400
  3320.0,24818,9143,0,4758,18.84,10.39,13.78,9.06,9,261.5,1400
  3321.0,24830,9131,0,4758,18.97,10.39,13.87,9.06,9,230.4,1400
  3322.0,24836,9125,0,4758,13.50,10.39,9.87,9.06,9,234.2,1400
  3323.0,24842,9119,0,4758,10.67,10.39,7.81,9.06,9,234.0,1400
  3324.0,24853,9108,0,4758,12.74,10.39,9.32,9.06,9,237.6,1400
  3325.0,24863,9098,0,4758,14.53,10.40,10.63,9.06,9,240.2,1400
  3326.0,24871,9090,0,4758,14.80,10.40,10.82,9.06,9,243.0,1400
  3327.0,24872,9089,0,4758,7.68,10.39,5.62,9.06,9,245.0,1400
  3328.0,24879,9082,0,4758,7.92,10.39,5.79,9.06,9,247.0,1400
  3329.0,24889,9072,0,4758,12.02,10.39,8.79,9.06,9,250.6,1400
  3330.0,24900,9061,0,4758,14.71,10.39,10.76,9.06,9,253.7,1400
  3331.0,24908,9053,0,4758,15.09,10.40,11.04,9.06,9,256.4,1400
  3332.0,24919,9042,0,4758,16.18,10.40,11.84,9.06,9,257.9,1400
  3333.0,24931,9030,0,4758,16.25,10.40,11.88,9.06,9,260.8,1400
  3334.0,24939,9022,0,4758,15.50,10.40,11.34,9.06,9,231.8,1400
  3335.0,24951,9010,0,4758,17.08,10.40,12.49,9.06,9,233.5,1400
  3336.0,24962,8999,0,4758,16.34,10.40,11.95,9.06,9,236.9,1400
  3337.0,24969,8992,0,4758,14.46,10.40,10.58,9.06,9,239.5,1400
  3338.0,24975,8986,0,4758,10.82,10.40,7.91,9.06,9,242.1,1400
  3339.0,24983,8978,0,4758,10.49,10.40,7.66,9.06,9,244.4,1400
  3340.0,24993,8968,0,4758,14.84,10.40,10.86,9.06,9,247.5,1400
  3341.0,25005,8956,0,4758,15.80,10.40,11.55,9.06,9,250.8,1400
  3342.0,25017,8944,0,4758,19.02,10.41,13.91,9.06,9,251.8,1400
  3343.0,25017,8944,0,4758,9.76,10.41,7.14,9.06,9,255.3,1400
  3344.0,25022,8939,0,4758,13.46,10.40,9.82,9.05,9,257.2,1400
  3345.0,25029,8932,0,4758,10.89,10.40,7.97,9.05,9,260.0,1400
  3346.0,25039,8922,0,4758,12.88,10.40,9.42,9.05,9,263.0,1400
  3347.0,25047,8914,0,4758,13.01,10.40,9.51,9.05,9,233.9,1400
  3348.0,25058,8903,0,4758,15.56,10.40,11.38,9.05,9,234.2,1400
  3349.0,25069,8892,0,4758,15.43,10.41,11.29,9.05,9,236.7,1400
  3350.0,25076,8885,0,4758,13.06,10.41,9.55,9.05,9,239.2,1400
  3351.0,25084,8877,0,4758,12.48,10.41,9.13,9.05,9,242.5,1400
  3352.0,25096,8865,0,4758,16.50,10.41,12.07,9.05,9,244.9,1400
  3353.0,25104,8857,0,4758,14.15,10.41,10.35,9.05,9,247.5,1400
  3354.0,25116,8845,0,4758,17.47,10.41,12.78,9.06,9,250.7,1400
  3355.0,25128,8833,0,4758,17.09,10.41,12.50,9.06,9,252.8,1400
  3356.0,25140,8821,0,4758,18.11,10.41,13.25,9.06,9,256.0,1400
  3357.0,25152,8809,0,4758,19.36,10.41,14.16,9.06,9,259.7,1400
  3358.0,25164,8797,0,4758,19.38,10.42,14.18,9.06,9,262.7,1400
  3359.0,25165,8796,0,4758,10.82,10.41,7.92,9.06,9,232.3,1400
  3360.0,25177,8784,0,4758,13.86,10.42,10.14,9.06,9,233.2,1400
  3361.0,25185,8776,0,4758,14.47,10.42,10.58,9.06,9,236.1,1400
  3362.0,25192,8769,0,4758,13.02,10.42,9.52,9.06,9,239.2,1400
  3363.0,25202,8759,0,4758,13.05,10.42,9.55,9.06,9,242.1,1400
  3364.0,25214,8747,0,4758,15.58,10.42,11.40,9.06,9,243.4,1400
  3365.0,25222,8739,0,4758,15.91,10.42,11.63,9.06,9,247.9,1400
  3366.0,25234,8727,0,4758,16.78,10.42,12.27,9.06,9,250.4,1400
  3367.0,25236,8725,0,4758,9.75,10.42,7.13,9.06,9,252.6,1400
  3368.0,25246,8715,0,4758,11.15,10.42,8.15,9.06,9,255.5,1400
  3369.0,25258,8703,0,4758,16.00,10.42,11.70,9.06,9,258.5,1400
  3370.0,25266,8695,0,4758,14.20,10.42,10.39,9.06,9,262.1,1400
  3371.0,25272,8689,0,4758,10.60,10.42,7.75,9.06,9,232.5,1400
  3372.0,25283,8678,0,4758,11.98,10.42,8.76,9.06,9,233.5,1400
  3373.0,25289,8672,0,4758,12.23,10.42,8.94,9.06,9,234.5,1400
  3374.0,25301,8660,0,4758,15.63,10.42,11.43,9.06,9,237.9,1400
  3375.0,25312,8649,0,4758,16.32,10.42,11.94,9.06,9,240.9,1400
  3376.0,25317,8644,0,4758,11.06,10.42,8.09,9.06,9,243.2,1400
  3377.0,25329,8632,0,4758,12.44,10.42,9.10,9.06,9,246.0,1400
  3378.0,25341,8620,0,4758,17.28,10.43,12.63,9.06,9,248.1,1400
  3379.0,25353,8608,0,4758,17.76,10.43,12.99,9.06,9,251.8,1400
  3380.0,25359,8602,0,4758,13.40,10.43,9.80,9.06,9,254.1,1400
  3381.0,25371,8590,0,4758,15.48,10.43,11.32,9.06,9,257.7,1400
  3382.0,25383,8578,0,4758,17.38,10.43,12.71,9.06,9,261.0,1400
  3383.0,25385,8576,0,4758,11.31,10.43,8.27,9.06,9,262.9,1400
  3384.0,25395,8566,0,4758,10.96,10.43,8.02,9.06,9,233.5,1400
  3385.0,25403,8558,0,4758,13.06,10.43,9.54,9.06,9,233.8,1400
  3386.0,25415,8546,0,4758,16.61,10.43,12.15,9.06,9,237.8,1400
  3387.0,25422,8539,0,4758,14.87,10.43,10.88,9.06,9,239.4,1400
  3388.0,25434,8527,0,4758,14.65,10.43,10.72,9.06,9,242.0,1400
  3389.0,25446,8515,0,4758,17.00,10.44,12.44,9.06,9,245.3,1400
  3390.0,25457,8504,0,4758,16.90,10.44,12.36,9.06,9,248.5,1400
  3391.0,25463,8498,0,4758,13.79,10.44,10.08,9.06,9,250.8,1400
  3392.0,25475,8486,0,4758,14.54,10.44,10.63,9.06,9,253.4,1400
  3393.0,25482,8479,0,4758,14.21,10.44,10.39,9.06,9,255.9,1400
  3394.0,25494,8467,0,4758,16.82,10.44,12.31,9.06,9,259.3,1400
  3395.0,25502,8459,0,4758,14.10,10.44,10.31,9.06,9,262.7,1400
  3396.0,25509,8452,0,4758,12.48,10.44,9.13,9.06,9,232.6,1400
  3397.0,25517,8444,0,4758,12.45,10.44,9.11,9.06,9,235.6,1400
  3398.0,25525,8436,0,4758,12.86,10.44,9.41,9.06,9,235.5,1400
  3399.0,25531,8430,0,4758,12.30,10.44,9.00,9.06,9,237.6,1400
  3400.0,25535,8426,0,4758,7.93,10.44,5.80,9.06,9,240.0,1400
  3401.0,25541,8420,0,4758,8.52,10.44,6.23,9.06,9,242.8,1400
  3402.0,25549,8412,0,4758,10.24,10.44,7.49,9.06,9,245.7,1400
  3403.0,25561,8400,0,4758,13.92,10.44,10.18,9.06,9,248.9,1400
  3404.0,25573,8388,0,4758,16.42,10.44,12.01,9.06,9,251.6,1400
  3405.0,25580,8381,0,4758,14.25,10.44,10.42,9.06,9,254.6,1400
  3406.0,25584,8377,0,4758,10.20,10.44,7.46,9.05,9,257.1,1400
  3407.0,25594,8367,0,4758,11.23,10.44,8.21,9.05,9,260.2,1400
  3408.0,25606,8355,0,4758,15.41,10.44,11.27,9.06,9,263.2,1400
  3409.0,25618,8343,0,4758,17.70,10.44,12.94,9.06,9,234.7,1400
  3410.0,25630,8331,0,4758,19.03,10.44,13.92,9.06,9,234.1,1400
  3411.0,25634,8327,0,4758,12.03,10.45,8.80,9.06,9,236.4,1400
  3412.0,25642,8319,0,4758,9.41,10.44,6.88,9.06,9,238.9,1400
  3413.0,25654,8307,0,4758,13.85,10.45,10.13,9.06,9,242.4,1400
  3414.0,25666,8295,0,4758,18.31,10.45,13.39,9.06,9,245.5,1400
  3415.0,25674,8287,0,4758,14.44,10.45,10.56,9.06,9,248.2,1400
  3416.0,25686,8275,0,4758,16.90,10.45,12.36,9.06,9,251.6,1400
  3417.0,25698,8263,0,4758,17.32,10.45,12.66,9.06,9,254.7,1400
  3418.0,25706,8255,0,4758,14.77,10.45,10.80,9.06,9,255.8,1400
  3419.0,25718,8243,0,4758,15.48,10.45,11.32,9.06,9,259.4,1400
  3420.0,25729,8232,0,4758,16.13,10.45,11.79,9.06,9,262.4,1400
  3421.0,25737,8224,0,4758,15.15,10.45,11.08,9.06,9,232.9,1400
  3422.0,25749,8212,0,4758,17.21,10.46,12.59,9.06,9,233.7,1400
  3423.0,25761,8200,0,4758,17.78,10.46,13.01,9.06,9,237.2,1400
  3424.0,25773,8188,0,4758,17.38,10.46,12.71,9.06,9,239.0,1400
  3425.0,25781,8180,0,4758,15.97,10.46,11.68,9.06,9,241.8,1400
  3426.0,25788,8173,0,4758,12.62,10.46,9.23,9.06,9,244.2,1400
  3427.0,25800,8161,0,4758,14.61,10.46,10.69,9.06,9,247.6,1400
  3428.0,25808,8153,0,4758,15.00,10.46,10.97,9.06,9,251.2,1400
  3429.0,25824,8137,0,4758,18.93,10.46,13.84,9.06,9,253.0,1400
  3430.0,25826,8135,0,4758,12.65,10.46,9.25,9.06,9,254.8,1400
  3431.0,25842,8119,0,4758,16.97,10.47,12.41,9.06,9,258.7,1400
  3432.0,25850,8111,0,4758,17.39,10.47,12.72,9.06,9,261.8,1400
  3433.0,25860,8101,0,4758,14.88,10.47,10.88,9.06,9,264.8,1400
  3434.0,25868,8093,0,4758,12.65,10.47,9.25,9.06,9,236.1,1400
  3435.0,25876,8085,0,4758,13.59,10.47,9.94,9.06,9,236.3,1400
  3436.0,25887,8074,0,4758,15.37,10.47,11.24,9.06,9,237.9,1400
  3437.0,25899,8062,0,4758,15.77,10.47,11.53,9.06,9,240.4,1400
  3438.0,25903,8058,0,4758,11.75,10.47,8.60,9.06,9,244.6,1400
  3439.0,25915,8046,0,4758,14.73,10.47,10.77,9.06,9,246.2,1400
  3440.0,25923,8038,0,4758,14.04,10.47,10.27,9.06,9,249.2,1400
  3441.0,25935,8026,0,4758,16.13,10.47,11.80,9.06,9,252.6,1400
  3442.0,25941,8020,0,4758,12.66,10.47,9.26,9.06,9,255.4,1400
  3443.0,25953,8008,0,4758,12.35,10.47,9.03,9.06,9,258.0,1400
  3444.0,25959,8002,0,4758,13.01,10.47,9.52,9.06,9,260.4,1400
  3445.0,25966,7995,0,4758,11.97,10.47,8.75,9.06,9,263.5,1400
  3446.0,25972,7989,0,4758,10.65,10.47,7.79,9.06,9,233.4,1400
  3447.0,25984,7977,0,4758,15.23,10.47,11.14,9.06,9,235.3,1400
  3448.0,25986,7975,0,4758,11.06,10.47,8.09,9.06,9,237.4,1400
  3449.0,25990,7971,0,4758,5.59,10.47,4.09,9.06,9,239.2,1400
  3450.0,25998,7963,0,4758,8.69,10.47,6.36,9.06,9,242.0,1400
  3451.0,26003,7958,0,4758,9.57,10.47,7.00,9.06,9,243.7,1400
  3452.0,26013,7948,0,4758,11.15,10.47,8.16,9.06,9,247.9,1400
  3453.0,26021,7940,0,4758,14.20,10.47,10.39,9.06,9,255.4,1400
  3454.0,26021,7940,0,4758,6.21,10.47,4.54,9.06,9,258.3,1400
  3455.0,26021,7940,0,4758,0.00,10.47,0.00,9.05,9,259.4,1400
  3456.0,26021,7940,0,4758,0.00,10.47,0.00,9.05,9,260.2,1400
  3457.0,26021,7940,0,4758,0.00,10.47,0.00,9.05,9,264.8,1400
  3458.0,26025,7936,0,4758,12.57,10.46,9.20,9.05,9,267.0,1400
  3459.0,26035,7926,0,4758,13.34,10.46,9.76,9.05,9,235.7,1400
  3460.0,26042,7919,0,4758,12.41,10.46,9.08,9.05,9,235.3,1400
  3461.0,26054,7907,0,4758,14.43,10.46,10.56,9.05,9,238.5,1400
  3462.0,26066,7895,0,4758,16.83,10.46,12.31,9.05,9,241.2,1400
  3463.0,26073,7888,0,4758,14.72,10.46,10.76,9.05,9,243.0,1400
  3464.0,26089,7872,0,4758,18.46,10.46,13.51,9.05,9,247.1,1400
  3465.0,26096,7865,0,4758,15.81,10.46,11.56,9.05,9,249.4,1400
  3466.0,26101,7860,0,4758,9.97,10.46,7.29,9.05,9,251.6,1400
  3467.0,26109,7852,0,4758,10.64,10.46,7.78,9.05,9,254.5,1400
  3468.0,26120,7841,0,4758,15.22,10.46,11.13,9.05,9,257.9,1400
  3469.0,26127,7834,0,4758,13.02,10.46,9.52,9.05,9,260.4,1400
  3470.0,26134,7827,0,4758,13.03,10.46,9.53,9.05,9,262.5,1400
  3471.0,26146,7815,0,4758,16.93,10.47,12.39,9.05,9,234.1,1400
  3472.0,26152,7809,0,4758,13.03,10.46,9.53,9.05,9,237.0,1400
  3473.0,26160,7801,0,4758,11.72,10.46,8.57,9.05,9,236.8,1400
  3474.0,26168,7793,0,4758,11.72,10.47,8.57,9.05,9,240.4,1400
  3475.0,26178,7783,0,4758,12.86,10.47,9.40,9.05,9,242.6,1400
  3476.0,26186,7775,0,4758,12.71,10.47,9.30,9.05,9,245.9,1400
  3477.0,26198,7763,0,4758,16.31,10.47,11.93,9.05,9,247.1,1400
  3478.0,26201,7760,0,4758,10.26,10.47,7.51,9.04,9,250.8,1400
  3479.0,26210,7751,0,4758,9.73,10.47,7.12,9.04,9,253.6,1400
  3480.0,26215,7746,0,4758,9.64,10.46,7.05,9.04,9,256.1,1400
  3481.0,26223,7738,0,4758,10.96,10.47,8.02,9.04,9,258.2,1400
  3482.0,26235,7726,0,4758,16.40,10.47,11.99,9.04,9,262.0,1400
  3483.0,26243,7718,0,4758,14.26,10.47,10.43,9.04,9,264.6,1400
  3484.0,26254,7707,0,4758,14.86,10.47,10.87,9.04,9,234.3,1400
  3485.0,26262,7699,0,4758,14.09,10.47,10.31,9.04,9,235.3,1400
  3486.0,26269,7692,0,4758,12.54,10.47,9.17,9.04,9,237.3,1400
  3487.0,26280,7681,0,4758,14.09,10.47,10.31,9.04,9,240.3,1400
  3488.0,26287,7674,0,4758,12.50,10.47,9.14,9.04,9,242.8,1400
  3489.0,26292,7669,0,4758,10.01,10.47,7.32,9.04,9,245.2,1400
  3490.0,26298,7663,0,4758,9.14,10.47,6.68,9.04,9,248.3,1400
  3491.0,26310,7651,0,4758,15.59,10.47,11.40,9.04,9,251.2,1400
  3492.0,26318,7643,0,4758,14.71,10.47,10.76,9.04,9,253.5,1400
  3493.0,26330,7631,0,4758,16.29,10.47,11.91,9.04,9,256.9,1400
  3494.0,26338,7623,0,4758,14.97,10.47,10.95,9.04,9,260.4,1400
  3495.0,26343,7618,0,4758,9.82,10.47,7.18,9.04,9,262.2,1400
  3496.0,26355,7606,0,4758,11.91,10.47,8.71,9.04,9,265.5,1400
  3497.0,26357,7604,0,4758,10.09,10.47,7.38,9.04,9,235.8,1400
  3498.0,26363,7598,0,4758,6.78,10.47,4.95,9.04,9,236.2,1400
  3499.0,26371,7590,0,4758,9.66,10.47,7.07,9.04,9,238.5,1400
  3500.0,26381,7580,0,4758,12.54,10.47,9.17,9.04,9,241.7,1400
  3501.0,26388,7573,0,4758,11.77,10.47,8.61,9.04,9,244.5,1400
  3502.0,26392,7569,0,4758,8.56,10.47,6.26,9.04,9,245.5,1400
  3503.0,26403,7558,0,4758,12.91,10.47,9.45,9.04,9,249.3,1400
  3504.0,26414,7547,0,4758,15.34,10.47,11.22,9.04,9,252.9,1400
  3505.0,26421,7540,0,4758,13.22,10.47,9.67,9.04,9,255.3,1400
  3506.0,26429,7532,0,4758,12.24,10.47,8.96,9.04,9,257.8,1400
  3507.0,26435,7526,0,4758,11.06,10.47,8.09,9.04,9,260.4,1400
  3508.0,26447,7514,0,4758,13.46,10.47,9.84,9.04,9,262.1,1400
  3509.0,26455,7506,0,4758,14.25,10.47,10.42,9.04,9,264.7,1400
  3510.0,26462,7499,0,4758,12.11,10.47,8.86,9.04,9,238.0,1400
  3511.0,26466,7495,0,4758,8.78,10.47,6.43,9.03,9,237.2,1400
  3512.0,26471,7490,0,4758,7.86,10.47,5.75,9.03,9,239.7,1400
  3513.0,26478,7483,0,4758,9.39,10.47,6.86,9.03,9,242.5,1400
  3514.0,26490,7471,0,4758,13.85,10.47,10.13,9.03,9,245.0,1400
  3515.0,26496,7465,0,4758,12.41,10.47,9.08,9.03,9,248.3,1400
  3516.0,26507,7454,0,4758,13.12,10.47,9.59,9.03,9,251.0,1400
  3517.0,26514,7447,0,4758,13.78,10.47,10.08,9.03,9,252.7,1400
  3518.0,26526,7435,0,4758,15.38,10.47,11.25,9.03,9,255.7,1400
  3519.0,26532,7429,0,4758,12.93,10.47,9.45,9.03,9,257.9,1400
  3520.0,26542,7419,0,4758,13.83,10.47,10.11,9.03,9,261.4,1400
  3521.0,26550,7411,0,4758,14.77,10.47,10.80,9.03,9,264.3,1400
  3522.0,26558,7403,0,4758,13.33,10.47,9.75,9.03,9,235.2,1400
  3523.0,26566,7395,0,4758,12.83,10.47,9.38,9.03,9,238.0,1400
  3524.0,26572,7389,0,4758,11.54,10.47,8.44,9.03,9,238.3,1400
  3525.0,26577,7384,0,4758,8.31,10.47,6.08,9.03,9,240.3,1400
  3526.0,26585,7376,0,4758,9.96,10.47,7.28,9.03,9,243.2,1400
  3527.0,26601,7360,0,4758,18.74,10.47,13.71,9.03,9,246.8,1400
  3528.0,26609,7352,0,4758,16.65,10.48,12.18,9.03,9,249.3,1400
  3529.0,26616,7345,0,4758,12.91,10.47,9.45,9.03,9,251.7,1400
  3530.0,26617,7344,0,4758,6.60,10.47,4.83,9.03,9,253.5,1400
  3531.0,26629,7332,0,4758,12.75,10.47,9.33,9.03,9,256.7,1400
  3532.0,26637,7324,0,4758,14.03,10.48,10.26,9.03,9,259.5,1400
  3533.0,26645,7316,0,4758,12.05,10.48,8.81,9.03,9,262.4,1400
  3534.0,26652,7309,0,4758,11.50,10.48,8.41,9.03,9,265.1,1400
  3535.0,26664,7297,0,4758,14.79,10.48,10.82,9.03,9,236.0,1400
  3536.0,26676,7285,0,4758,16.49,10.48,12.06,9.03,9,237.1,1400
  3537.0,26682,7279,0,4758,12.40,10.48,9.07,9.03,9,239.4,1400
  3538.0,26689,7272,0,4758,9.33,10.48,6.83,9.03,9,242.1,1400
  3539.0,26697,7264,0,4758,11.79,10.48,8.62,9.03,9,245.0,1400
  3540.0,26703,7258,0,4758,11.15,10.48,8.15,9.03,9,248.0,1400
  3541.0,26714,7247,0,4758,12.81,10.48,9.37,9.03,9,250.7,1400
  3542.0,26721,7240,0,4758,12.90,10.48,9.43,9.03,9,252.9,1400
  3543.0,26722,7239,0,4758,6.70,10.48,4.90,9.03,9,254.9,1400
  3544.0,26734,7227,0,4758,13.14,10.48,9.61,9.03,9,258.0,1400
  3545.0,26742,7219,0,4758,13.77,10.48,10.07,9.03,9,261.0,1400
  3546.0,26746,7215,0,4758,9.04,10.47,6.62,9.02,9,262.2,1400
  3547.0,26753,7208,0,4758,8.62,10.47,6.30,9.02,9,266.5,1400
  3548.0,26760,7201,0,4758,11.53,10.47,8.43,9.02,9,236.6,1400
  3549.0,26768,7193,0,4758,11.71,10.47,8.56,9.02,9,237.0,1400
  3550.0,26776,7185,0,4758,12.48,10.48,9.12,9.02,9,239.9,1400
  3551.0,26782,7179,0,4758,10.95,10.47,8.01,9.02,9,241.6,1400
  3552.0,26788,7173,0,4758,9.03,10.47,6.61,9.02,9,244.3,1400
  3553.0,26796,7165,0,4758,10.88,10.47,7.95,9.02,9,247.7,1400
  3554.0,26808,7153,0,4758,16.19,10.48,11.84,9.02,9,250.9,1400
  3555.0,26815,7146,0,4758,14.81,10.48,10.83,9.02,9,253.5,1400
  3556.0,26823,7138,0,4758,12.27,10.48,8.98,9.02,9,255.7,1400
  3557.0,26835,7126,0,4758,15.05,10.48,11.01,9.02,9,259.3,1400
  3558.0,26842,7119,0,4758,13.12,10.48,9.60,9.02,9,261.6,1400
  3559.0,26849,7112,0,4758,10.18,10.48,7.45,9.02,9,264.2,1400
  3560.0,26855,7106,0,4758,10.00,10.48,7.32,9.02,9,235.5,1400
  3561.0,26860,7101,0,4758,8.87,10.47,6.49,9.02,9,235.0,1400
  3562.0,26866,7095,0,4758,7.80,10.47,5.71,9.02,9,238.5,1400
  3563.0,26872,7089,0,4758,8.90,10.47,6.51,9.02,9,240.5,1400
  3564.0,26884,7077,0,4758,12.47,10.47,9.12,9.02,9,244.3,1400
  3565.0,26892,7069,0,4758,14.51,10.48,10.61,9.02,9,246.3,1400
  3566.0,26897,7064,0,4758,11.47,10.47,8.39,9.02,9,248.2,1400
  3567.0,26905,7056,0,4758,13.22,10.47,9.67,9.02,9,251.3,1400
  3568.0,26915,7046,0,4758,14.04,10.47,10.27,9.02,9,254.2,1400
  3569.0,26922,7039,0,4758,12.25,10.48,8.96,9.02,9,257.6,1400
  3570.0,26929,7032,0,4758,11.37,10.48,8.32,9.01,9,260.0,1400
  3571.0,26941,7020,0,4758,15.57,10.48,11.39,9.02,9,263.3,1400
  3572.0,26953,7008,0,4758,16.66,10.48,12.19,9.02,9,266.2,1400
  3573.0,26960,7001,0,4758,13.03,10.48,9.53,9.02,9,236.9,1400
  3574.0,26971,6990,0,4758,16.07,10.48,11.76,9.02,9,238.3,1400
  3575.0,26979,6982,0,4758,13.61,10.48,9.96,9.02,9,239.9,1400
  3576.0,26990,6971,0,4758,15.60,10.48,11.41,9.02,9,242.8,1400
  3577.0,26998,6963,0,4758,13.17,10.48,9.63,9.02,9,245.3,1400
  3578.0,27006,6955,0,4758,12.54,10.48,9.17,9.02,9,247.5,1400
  3579.0,27014,6947,0,4758,11.43,10.48,8.36,9.02,9,251.0,1400
  3580.0,27022,6939,0,4758,11.12,10.48,8.13,9.02,9,254.1,1400
  3581.0,27030,6931,0,4758,14.58,10.48,10.67,9.02,9,257.3,1400
  3582.0,27038,6923,0,4758,15.20,10.48,11.12,9.02,9,258.2,1400
  3583.0,27043,6918,0,4758,10.23,10.48,7.48,9.01,9,261.0,1400
  3584.0,27055,6906,0,4758,12.02,10.48,8.79,9.01,9,265.2,1400
  3585.0,27062,6899,0,4758,14.26,10.48,10.43,9.01,9,235.3,1400
  3586.0,27069,6892,0,4758,10.63,10.48,7.78,9.01,9,238.8,1400
  3587.0,27081,6880,0,4758,13.05,10.48,9.55,9.01,9,238.6,1400
  3588.0,27086,6875,0,4758,11.91,10.48,8.71,9.01,9,241.3,1400
  3589.0,27092,6869,0,4758,8.21,10.48,6.01,9.01,9,243.9,1400
  3590.0,27097,6864,0,4758,8.25,10.48,6.04,9.01,9,247.4,1400
  3591.0,27103,6858,0,4758,8.58,10.48,6.27,9.01,9,249.0,1400
  3592.0,27109,6852,0,4758,9.01,10.48,6.59,9.01,9,251.2,1400
  3593.0,27116,6845,0,4758,11.39,10.48,8.33,9.01,9,253.7,1400
  3594.0,27124,6837,0,4758,11.55,10.48,8.45,9.01,9,256.8,1400
  3595.0,27132,6829,0,4758,12.54,10.48,9.17,9.01,9,260.1,1400
  3596.0,27139,6822,0,4758,10.44,10.48,7.64,9.01,9,262.4,1400
  3597.0,27149,6812,0,4758,12.28,10.48,8.99,9.01,9,265.7,1400
  3598.0,27156,6805,0,4758,12.06,10.48,8.81,9.01,9,237.2,1400
  3599.0,27162,6799,0,4758,9.75,10.48,7.13,9.01,9,236.5,1400
  3600.0,27173,6788,0,4758,12.06,10.48,8.82,9.01,9,239.6,1400
  3610.0,27247,6714,0,4758,12.68,10.48,9.27,9.00,9,265.5,1400
  3620.0,27337,6624,0,4758,13.70,10.48,10.02,9.00,9,259.6,1400
  3630.0,27419,6542,0,4758,8.72,10.49,6.38,9.00,9,252.7,1400
  3640.0,27508,6453,0,4758,15.52,10.49,11.35,9.00,9,245.4,1400
  3650.0,27591,6370,0,4758,14.01,10.49,10.25,9.00,9,239.2,1400
  3660.0,27675,6286,0,4758,11.02,10.50,8.06,9.00,9,266.5,1400
  3670.0,27769,6192,0,4758,16.38,10.50,11.98,9.00,9,259.2,1400
  3680.0,27856,6105,0,4758,10.47,10.51,7.66,9.00,9,252.8,1400
  3690.0,27950,6011,0,4758,13.92,10.51,10.18,9.00,9,245.4,1400
  3700.0,28034,5927,0,4758,13.83,10.52,10.12,9.00,9,239.4,1400
  3710.0,28123,5838,0,4758,13.03,10.52,9.53,9.00,9,267.5,1400
  3720.0,28203,5758,0,4758,14.09,10.52,10.30,8.99,9,260.7,1400
  3730.0,28305,5656,0,4758,12.72,10.53,9.30,9.00,9,254.8,1400
  3740.0,28395,5566,0,4758,13.71,10.54,10.03,9.00,9,247.7,1400
  3750.0,28449,5512,0,4758,9.70,10.53,7.09,8.99,9,239.3,1400
  3760.0,28545,5416,0,4758,14.21,10.53,10.39,8.99,9,268.1,1400
  3770.0,28629,5332,0,4758,15.76,10.54,11.53,8.99,9,260.4,1400
  3780.0,28704,5257,0,4758,8.05,10.54,5.89,8.98,9,253.2,1400
  3790.0,28805,5156,0,4758,16.33,10.54,11.94,8.99,9,247.6,1400
  3800.0,28908,5053,0,4758,19.48,10.55,14.25,8.99,9,240.0,1400
  3810.0,28988,4973,0,4758,11.00,10.56,8.04,8.99,9,267.9,1400
  3820.0,29066,4895,0,4758,12.04,10.55,8.81,8.98,9,260.4,1400
  3830.0,29150,4811,0,4758,14.15,10.56,10.35,8.98,9,254.0,1400
  3840.0,29248,4713,0,4758,17.29,10.57,12.64,8.98,9,247.5,1400
  3850.0,29333,4628,0,4758,12.54,10.57,9.17,8.98,9,240.4,1400
  3860.0,29425,4536,0,4758,15.26,10.57,11.16,8.98,9,268.1,1400
  3870.0,29516,4445,0,4758,16.75,10.58,12.25,8.98,9,261.1,1400
  3880.0,29599,4362,0,4758,13.11,10.58,9.59,8.98,9,254.8,1400
  3890.0,29699,4262,0,4758,16.47,10.59,12.05,8.98,9,247.8,1400
  3900.0,29782,4179,0,4758,12.71,10.59,9.30,8.98,9,239.6,1400
  3910.0,29871,4090,0,4758,10.84,10.59,7.93,8.98,9,268.5,1400
  3920.0,29946,4015,0,4758,13.60,10.59,9.94,8.98,9,260.3,1400
  3930.0,30031,3930,0,4758,15.50,10.60,11.34,8.98,9,253.5,1400
  3940.0,30106,3855,0,4758,9.63,10.60,7.05,8.97,9,247.5,1400
  3950.0,30171,3790,0,4758,0.00,10.60,0.00,8.97,9,241.9,1400
  3960.0,30253,3708,0,4758,16.45,10.59,12.03,8.97,9,267.0,1400
  3970.0,30339,3622,0,4758,14.01,10.60,10.24,8.96,9,261.7,1400
  3980.0,30407,3554,0,4758,12.40,10.59,9.07,8.96,9,253.5,1400
  3990.0,30492,3469,0,4758,12.80,10.60,9.37,8.96,9,246.7,1400
  4000.0,30578,3383,0,4758,15.51,10.60,11.35,8.96,9,239.2,1400
  4010.0,30656,3305,0,4758,10.29,10.60,7.53,8.95,9,266.6,1400
  4020.0,30742,3219,0,4758,14.25,10.60,10.42,8.95,9,261.4,1400
  4030.0,30817,3144,0,4758,9.44,10.60,6.90,8.95,9,253.5,1400
  4040.0,30900,3061,0,4758,10.57,10.60,7.73,8.95,9,246.1,1400
  4050.0,30997,2964,0,4758,14.19,10.61,10.38,8.95,9,242.1,1400
  4060.0,31094,2867,0,4758,15.31,10.61,11.20,8.95,9,267.0,1400
  4070.0,31177,2784,0,4758,14.73,10.62,10.77,8.95,9,260.1,1400
  4080.0,31256,2705,0,4758,16.30,10.62,11.92,8.95,9,253.1,1400
  4090.0,31302,2659,0,4758,0.00,10.61,0.00,8.94,9,247.6,1400
  4100.0,31370,2591,0,4758,12.43,10.60,9.09,8.93,9,241.9,1400
  4110.0,31456,2505,0,4758,16.62,10.61,12.16,8.93,9,266.7,1400
  4120.0,31535,2426,0,4758,12.79,10.61,9.36,8.93,9,258.1,1400
  4130.0,31618,2343,0,4758,13.96,10.61,10.21,8.93,9,252.3,1400
  4140.0,31705,2256,0,4758,14.17,10.61,10.36,8.93,9,245.2,1400
  4150.0,31784,2177,0,4758,10.46,10.61,7.65,8.92,9,272.3,1400
  4160.0,31864,2097,0,4758,14.36,10.61,10.51,8.92,9,264.8,1400
  4170.0,31950,2011,0,4758,15.02,10.62,10.98,8.92,9,258.7,1400
  4180.0,32049,1912,0,4758,15.26,10.62,11.16,8.92,9,252.8,1400
  4190.0,32107,1854,0,4758,8.50,10.62,6.22,8.92,9,247.8,1400
  4200.0,32174,1787,0,4758,12.13,10.61,8.87,8.91,9,271.7,1400
  4210.0,32262,1699,0,4758,11.39,10.62,8.33,8.91,9,265.5,1400
  4220.0,32354,1607,0,4758,13.51,10.62,9.88,8.91,9,258.5,1400
  4230.0,32434,1527,0,4758,14.50,10.62,10.60,8.91,9,251.7,1400
  4240.0,32506,1455,0,4758,10.57,10.62,7.73,8.90,9,244.7,1400
  4250.0,32584,1377,0,4758,10.25,10.62,7.50,8.90,9,271.4,1400
  4260.0,32648,1313,0,4758,12.39,10.62,9.07,8.90,9,263.6,1400
  4270.0,32729,1232,0,4758,11.85,10.62,8.67,8.89,9,256.5,1400
  4280.0,32794,1167,0,4758,12.10,10.61,8.85,8.89,9,249.9,1400
  4290.0,32875,1086,0,4758,12.67,10.61,9.26,8.89,9,245.1,1400
  4300.0,32955,1006,0,4758,11.54,10.61,8.44,8.88,9,269.2,1400
  4310.0,33005,956,0,4760,17.25,10.61,8.78,8.88,9,264.5,1400
  4320.0,33079,882,0,4760,6.78,10.60,4.96,8.87,9,254.8,1400
  4330.0,33156,805,0,4760,12.40,10.60,9.07,8.87,9,247.2,1400
  4340.0,33251,710,0,4760,13.09,10.61,9.57,8.87,9,274.5,1400
  4350.0,33309,652,0,4760,12.35,10.60,9.03,8.86,9,268.7,1400
  4360.0,33395,566,0,4760,14.38,10.61,10.52,8.86,9,261.5,1400
  4370.0,33470,491,0,4760,12.38,10.60,9.05,8.86,9,255.7,1400
  4380.0,33528,433,0,4763,13.36,10.60,9.77,8.85,9,247.4,1400
  4390.0,33614,347,0,4763,13.39,10.60,9.80,8.85,9,274.9,1400
  4400.0,33674,287,0,4763,10.59,10.60,7.74,8.85,9,267.9,1400
  4410.0,33727,234,0,4767,0.00,10.60,9.12,8.84,9,264.0,1400
  4420.0,33781,180,0,4767,0.00,10.59,0.00,8.83,9,255.0,1400
  4430.0,33829,132,0,4767,0.00,10.58,0.00,8.82,9,248.8,1400
  4440.0,33872,89,0,4767,10.94,10.56,8.00,8.81,9,275.6,1400
  4450.0,33908,53,0,4767,5.69,10.55,4.16,8.80,9,267.5,1400
  4460.0,33939,22,0,4767,0.00,10.54,0.00,8.79,9,259.7,1400
  4470.0,33956,5,0,4767,4.80,10.52,3.51,8.77,9,254.6,1400
  4480.0,33960,1,0,4767,0.00,10.50,0.00,8.75,9,251.3,1400
